timestep,Standard Tariff,7-Hour Off Peak Tariff,10-Hour Off Peak Tariff,Variable Time of Day Tariff,Export Tariff
0,25.16,14.6,16.04,10.87017271,10.00
1,25.16,14.6,16.04,9.732400651,10.00
2,25.16,14.6,16.04,14.51889127,10.00
3,25.16,14.6,16.04,9.338661214,10.00
4,25.16,14.6,16.04,20.43413411,10.00
5,25.16,14.6,16.04,19.93178826,10.00
6,25.16,14.6,16.04,19.32618256,10.00
7,25.16,14.6,16.04,13.9155867,10.00
8,25.16,14.6,16.04,9.736881658,10.00
9,25.16,14.6,16.04,9.208054245,10.00
10,25.16,14.6,16.04,16.91548718,10.00
11,25.16,14.6,16.04,22.41268954,10.00
12,25.16,14.6,16.04,23.6179491,10.00
13,25.16,14.6,16.04,31.1047283,10.00
14,25.16,29.8,35.01,29.88704233,10.00
15,25.16,29.8,35.01,27.55174451,10.00
16,25.16,29.8,35.01,23.00840242,10.00
17,25.16,29.8,35.01,18.66786514,10.00
18,25.16,29.8,35.01,30.41279889,10.00
19,25.16,29.8,35.01,28.78117742,10.00
20,25.16,29.8,35.01,23.44323722,10.00
21,25.16,29.8,35.01,29.33799627,10.00
22,25.16,29.8,35.01,17.43888831,10.00
23,25.16,29.8,35.01,23.91911304,10.00
24,25.16,29.8,35.01,22.12045065,10.00
25,25.16,29.8,35.01,21.87635462,10.00
26,25.16,29.8,35.01,21.86625096,10.00
27,25.16,29.8,16.04,17.90196632,10.00
28,25.16,29.8,16.04,11.2382545,10.00
29,25.16,29.8,16.04,9.187361554,10.00
30,25.16,29.8,16.04,23.48961638,10.00
31,25.16,29.8,16.04,17.1810246,10.00
32,25.16,29.8,16.04,22.93001543,10.00
33,25.16,29.8,35.01,17.93222412,10.00
34,25.16,29.8,35.01,13.85162083,10.00
35,25.16,29.8,35.01,20.46212748,10.00
36,25.16,29.8,35.01,24.38169849,10.00
37,25.16,29.8,35.01,16.10354781,10.00
38,25.16,29.8,35.01,15.38274628,10.00
39,25.16,29.8,35.01,23.03075519,10.00
40,25.16,29.8,35.01,18.50268266,10.00
41,25.16,29.8,35.01,19.77413909,10.00
42,25.16,29.8,35.01,14.44384225,10.00
43,25.16,29.8,35.01,27.73635516,10.00
44,25.16,29.8,35.01,13.79588583,10.00
45,25.16,29.8,35.01,4.942060591,10.00
46,25.16,29.8,35.01,14.34646657,10.00
47,25.16,29.8,35.01,19.05457804,10.00
48,25.16,14.6,16.04,10.54450423,10.00
49,25.16,14.6,16.04,9.440819621,10.00
50,25.16,14.6,16.04,14.08390781,10.00
51,25.16,14.6,16.04,9.058876548,10.00
52,25.16,14.6,16.04,19.82193101,10.00
53,25.16,14.6,16.04,19.33463535,10.00
54,25.16,14.6,16.04,18.74717349,10.00
55,25.16,14.6,16.04,13.49867814,10.00
56,25.16,14.6,16.04,9.445166377,10.00
57,25.16,14.6,16.04,8.932182542,10.00
58,25.16,14.6,16.04,16.40870212,10.00
59,25.16,14.6,16.04,21.74120926,10.00
60,25.16,14.6,16.04,22.75258402,10.00
61,25.16,14.6,16.04,29.96504654,10.00
62,25.16,29.8,35.01,28.79197677,10.00
63,25.16,29.8,35.01,26.5422446,10.00
64,25.16,29.8,35.01,22.16537122,10.00
65,25.16,29.8,35.01,17.98387186,10.00
66,25.16,29.8,35.01,29.29846953,10.00
67,25.16,29.8,35.01,27.7266309,10.00
68,25.16,29.8,35.01,22.58427361,10.00
69,25.16,29.8,35.01,28.26304784,10.00
70,25.16,29.8,35.01,16.79992492,10.00
71,25.16,29.8,35.01,23.04271327,10.00
72,25.16,29.8,35.01,21.30995413,10.00
73,25.16,29.8,35.01,21.07480182,10.00
74,25.16,29.8,35.01,21.06506835,10.00
75,25.16,29.8,16.04,17.24603568,10.00
76,25.16,29.8,16.04,10.82648322,10.00
77,25.16,29.8,16.04,8.850735294,10.00
78,25.16,29.8,16.04,22.62895343,10.00
79,25.16,29.8,16.04,16.55150937,10.00
80,25.16,29.8,16.04,22.08985634,10.00
81,25.16,29.8,35.01,17.27518483,10.00
82,25.16,29.8,35.01,13.34409544,10.00
83,25.16,29.8,35.01,19.71239216,10.00
84,25.16,29.8,35.01,23.48834952,10.00
85,25.16,29.8,35.01,15.51351149,10.00
86,25.16,29.8,35.01,14.81912023,10.00
87,25.16,29.8,35.01,22.18690498,10.00
88,25.16,29.8,35.01,17.82474169,10.00
89,25.16,29.8,35.01,19.04961176,10.00
90,25.16,29.8,35.01,13.91461777,10.00
91,25.16,29.8,35.01,26.72009108,10.00
92,25.16,29.8,35.01,13.38256349,10.00
93,25.16,29.8,35.01,4.793997315,10.00
94,25.16,29.8,35.01,13.91664893,10.00
95,25.16,29.8,35.01,18.48370619,10.00
96,25.16,14.6,16.04,10.60363702,10.00
97,25.16,14.6,16.04,9.493763032,10.00
98,25.16,14.6,16.04,14.16288931,10.00
99,25.16,14.6,16.04,9.109678052,10.00
100,25.16,14.6,16.04,19.93309092,10.00
101,25.16,14.6,16.04,19.44306254,10.00
102,25.16,14.6,16.04,18.85230624,10.00
103,25.16,14.6,16.04,13.57437772,10.00
104,25.16,14.6,16.04,9.498134165,10.00
105,25.16,14.6,16.04,8.982273555,10.00
106,25.16,14.6,16.04,16.5007209,10.00
107,25.16,14.6,16.04,21.86313234,10.00
108,25.16,14.6,16.04,22.90971146,10.00
109,25.16,14.6,16.04,30.17198264,10.00
110,25.16,29.8,35.01,28.99081174,10.00
111,25.16,29.8,35.01,26.72554311,10.00
112,25.16,29.8,35.01,22.31844341,10.00
113,25.16,29.8,35.01,18.10806697,10.00
114,25.16,29.8,35.01,29.5008023,10.00
115,25.16,29.8,35.01,27.91810869,10.00
116,25.16,29.8,35.01,22.74023871,10.00
117,25.16,29.8,35.01,28.45823007,10.00
118,25.16,29.8,35.01,16.91594379,10.00
119,25.16,29.8,35.01,23.20184431,10.00
120,25.16,29.8,35.01,21.45711889,10.00
121,25.16,29.8,35.01,21.22034263,10.00
122,25.16,29.8,35.01,21.21054194,10.00
123,25.16,29.8,16.04,17.36513535,10.00
124,25.16,29.8,16.04,10.90125001,10.00
125,25.16,29.8,16.04,8.911857729,10.00
126,25.16,29.8,16.04,22.78522709,10.00
127,25.16,29.8,16.04,16.6658127,10.00
128,25.16,29.8,16.04,22.24240704,10.00
129,25.16,29.8,35.01,17.39448581,10.00
130,25.16,29.8,35.01,13.43624864,10.00
131,25.16,29.8,35.01,19.84852428,10.00
132,25.16,29.8,35.01,23.65055809,10.00
133,25.16,29.8,35.01,15.62064649,10.00
134,25.16,29.8,35.01,14.92145983,10.00
135,25.16,29.8,35.01,22.34012588,10.00
136,25.16,29.8,35.01,17.94783786,10.00
137,25.16,29.8,35.01,19.18116678,10.00
138,25.16,29.8,35.01,14.01071096,10.00
139,25.16,29.8,35.01,26.90461779,10.00
140,25.16,29.8,35.01,13.45761191,10.00
141,25.16,29.8,35.01,4.820881694,10.00
142,25.16,29.8,35.01,13.99469246,10.00
143,25.16,29.8,35.01,18.58736144,10.00
144,25.16,14.6,16.04,10.86882389,10.00
145,25.16,14.6,16.04,9.73119301,10.00
146,25.16,14.6,16.04,14.51708969,10.00
147,25.16,14.6,16.04,9.33750243,10.00
148,25.16,14.6,16.04,20.43159855,10.00
149,25.16,14.6,16.04,19.92931503,10.00
150,25.16,14.6,16.04,19.32378448,10.00
151,25.16,14.6,16.04,13.91385999,10.00
152,25.16,14.6,16.04,9.735673461,10.00
153,25.16,14.6,16.04,9.206911668,10.00
154,25.16,14.6,16.04,16.91338823,10.00
155,25.16,14.6,16.04,22.40990848,10.00
156,25.16,14.6,16.04,23.61436502,10.00
157,25.16,14.6,16.04,31.10000808,10.00
158,25.16,29.8,35.01,29.8825069,10.00
159,25.16,29.8,35.01,27.54756347,10.00
160,25.16,29.8,35.01,23.00491083,10.00
161,25.16,29.8,35.01,18.66503225,10.00
162,25.16,29.8,35.01,30.40818367,10.00
163,25.16,29.8,35.01,28.7768098,10.00
164,25.16,29.8,35.01,23.43967965,10.00
165,25.16,29.8,35.01,29.33354416,10.00
166,25.16,29.8,35.01,17.43624192,10.00
167,25.16,29.8,35.01,23.91548325,10.00
168,25.16,29.8,35.01,22.11709382,10.00
169,25.16,29.8,35.01,21.87303483,10.00
170,25.16,29.8,35.01,21.8629327,10.00
171,25.16,29.8,16.04,17.89924965,10.00
172,25.16,29.8,16.04,11.23654906,10.00
173,25.16,29.8,16.04,9.185967349,10.00
174,25.16,29.8,16.04,23.48605178,10.00
175,25.16,29.8,16.04,17.17841734,10.00
176,25.16,29.8,16.04,22.92653575,10.00
177,25.16,29.8,35.01,17.92950286,10.00
178,25.16,29.8,35.01,13.84951881,10.00
179,25.16,29.8,35.01,20.4590223,10.00
180,25.16,29.8,35.01,24.37799851,10.00
181,25.16,29.8,35.01,16.10110406,10.00
182,25.16,29.8,35.01,15.38041191,10.00
183,25.16,29.8,35.01,23.02726021,10.00
184,25.16,29.8,35.01,18.49987484,10.00
185,25.16,29.8,35.01,19.77113831,10.00
186,25.16,29.8,35.01,14.44165036,10.00
187,25.16,29.8,35.01,27.7321461,10.00
188,25.16,29.8,35.01,13.79417397,10.00
189,25.16,29.8,35.01,4.941447357,10.00
190,25.16,29.8,35.01,14.34468639,10.00
191,25.16,29.8,35.01,19.05221366,10.00
192,25.16,14.6,16.04,10.98912881,10.00
193,25.16,14.6,16.04,9.838905712,10.00
194,25.16,14.6,16.04,14.67777656,10.00
195,25.16,14.6,16.04,9.440857446,10.00
196,25.16,14.6,16.04,20.65775198,10.00
197,25.16,14.6,16.04,20.14990878,10.00
198,25.16,14.6,16.04,19.53767572,10.00
199,25.16,14.6,16.04,14.06786983,10.00
200,25.16,14.6,16.04,9.843435755,10.00
201,25.16,14.6,16.04,9.3088212,10.00
202,25.16,14.6,16.04,17.10059926,10.00
203,25.16,14.6,16.04,22.65795944,10.00
204,25.16,14.6,16.04,23.9340388,10.00
205,25.16,14.6,16.04,31.52101695,10.00
206,25.16,29.8,35.01,30.28703414,10.00
207,25.16,29.8,35.01,27.92048197,10.00
208,25.16,29.8,35.01,23.31633427,10.00
209,25.16,29.8,35.01,18.91770563,10.00
210,25.16,29.8,35.01,30.81982713,10.00
211,25.16,29.8,35.01,29.16636893,10.00
212,25.16,29.8,35.01,23.75698867,10.00
213,25.16,29.8,35.01,29.73063995,10.00
214,25.16,29.8,35.01,17.67228084,10.00
215,25.16,29.8,35.01,24.23923335,10.00
216,25.16,29.8,35.01,22.41649865,10.00
217,25.16,29.8,35.01,22.16913578,10.00
218,25.16,29.8,35.01,22.15889689,10.00
219,25.16,29.8,16.04,18.14155643,10.00
220,25.16,29.8,16.04,11.38866114,10.00
221,25.16,29.8,16.04,9.31032017,10.00
222,25.16,29.8,16.04,23.80398855,10.00
223,25.16,29.8,16.04,17.41096603,10.00
224,25.16,29.8,16.04,23.2368982,10.00
225,25.16,29.8,35.01,18.17221919,10.00
226,25.16,29.8,35.01,14.03700334,10.00
227,25.16,29.8,35.01,20.73598138,10.00
228,25.16,29.8,35.01,24.70800979,10.00
229,25.16,29.8,35.01,16.31906888,10.00
230,25.16,29.8,35.01,15.58862053,10.00
231,25.16,29.8,35.01,23.3389862,10.00
232,25.16,29.8,35.01,18.75031244,10.00
233,25.16,29.8,35.01,20.03878534,10.00
234,25.16,29.8,35.01,14.63715072,10.00
235,25.16,29.8,35.01,28.10756335,10.00
236,25.16,29.8,35.01,13.94685903,10.00
237,25.16,29.8,35.01,4.996143286,10.00
238,25.16,29.8,35.01,14.50346497,10.00
239,25.16,29.8,35.01,19.26309894,10.00
240,25.16,14.6,16.04,10.49000655,10.00
241,25.16,14.6,16.04,9.392026171,10.00
242,25.16,14.6,16.04,14.01111726,10.00
243,25.16,14.6,16.04,9.012057113,10.00
244,25.16,14.6,16.04,19.71948435,10.00
245,25.16,14.6,16.04,19.23470721,10.00
246,25.16,14.6,16.04,18.65028156,10.00
247,25.16,14.6,16.04,13.42891226,10.00
248,25.16,14.6,16.04,9.396350462,10.00
249,25.16,14.6,16.04,8.886017906,10.00
250,25.16,14.6,16.04,16.32389623,10.00
251,25.16,14.6,16.04,21.62884311,10.00
252,25.16,14.6,16.04,22.607773,10.00
253,25.16,14.6,16.04,29.7743311,10.00
254,25.16,29.8,35.01,28.60872744,10.00
255,25.16,29.8,35.01,26.37331391,10.00
256,25.16,29.8,35.01,22.02429756,10.00
257,25.16,29.8,35.01,17.86941176,10.00
258,25.16,29.8,35.01,29.11199658,10.00
259,25.16,29.8,35.01,27.55016207,10.00
260,25.16,29.8,35.01,22.44053382,10.00
261,25.16,29.8,35.01,28.08316493,10.00
262,25.16,29.8,35.01,16.69300017,10.00
263,25.16,29.8,35.01,22.89605569,10.00
264,25.16,29.8,35.01,21.17432487,10.00
265,25.16,29.8,35.01,20.9406692,10.00
266,25.16,29.8,35.01,20.93099768,10.00
267,25.16,29.8,16.04,17.13627161,10.00
268,25.16,29.8,16.04,10.75757702,10.00
269,25.16,29.8,16.04,8.794403933,10.00
270,25.16,29.8,16.04,22.48492927,10.00
271,25.16,29.8,16.04,16.44616569,10.00
272,25.16,29.8,16.04,21.94926331,10.00
273,25.16,29.8,35.01,17.16523524,10.00
274,25.16,29.8,35.01,13.25916565,10.00
275,25.16,29.8,35.01,19.58693073,10.00
276,25.16,29.8,35.01,23.33885565,10.00
277,25.16,29.8,35.01,15.41477424,10.00
278,25.16,29.8,35.01,14.7248025,10.00
279,25.16,29.8,35.01,22.04569427,10.00
280,25.16,29.8,35.01,17.71129439,10.00
281,25.16,29.8,35.01,18.92836866,10.00
282,25.16,29.8,35.01,13.82605684,10.00
283,25.16,29.8,35.01,26.55002848,10.00
284,25.16,29.8,35.01,13.31339773,10.00
285,25.16,29.8,35.01,4.769220264,10.00
286,25.16,29.8,35.01,13.84472283,10.00
287,25.16,29.8,35.01,18.38817595,10.00
288,25.16,14.6,16.04,10.8554885,10.00
289,25.16,14.6,16.04,9.719253418,10.00
290,25.16,14.6,16.04,14.49927809,10.00
291,25.16,14.6,16.04,9.326045872,10.00
292,25.16,14.6,16.04,20.4065302,10.00
293,25.16,14.6,16.04,19.90486295,10.00
294,25.16,14.6,16.04,19.30007535,10.00
295,25.16,14.6,16.04,13.89678852,10.00
296,25.16,14.6,16.04,9.723728371,10.00
297,25.16,14.6,16.04,9.195615338,10.00
298,25.16,14.6,16.04,16.89263651,10.00
299,25.16,14.6,16.04,22.38241286,10.00
300,25.16,14.6,16.04,23.57893025,10.00
301,25.16,14.6,16.04,31.05334066,10.00
302,25.16,29.8,35.01,29.83766641,10.00
303,25.16,29.8,35.01,27.5062267,10.00
304,25.16,29.8,35.01,22.97039059,10.00
305,25.16,29.8,35.01,18.63702425,10.00
306,25.16,29.8,35.01,30.36255437,10.00
307,25.16,29.8,35.01,28.73362848,10.00
308,25.16,29.8,35.01,23.40450701,10.00
309,25.16,29.8,35.01,29.28952742,10.00
310,25.16,29.8,35.01,17.41007779,10.00
311,25.16,29.8,35.01,23.87959664,10.00
312,25.16,29.8,35.01,22.0839058,10.00
313,25.16,29.8,35.01,21.84021304,10.00
314,25.16,29.8,35.01,21.83012606,10.00
315,25.16,29.8,16.04,17.87239076,10.00
316,25.16,29.8,16.04,11.21968795,10.00
317,25.16,29.8,16.04,9.172183255,10.00
318,25.16,29.8,16.04,23.45080955,10.00
319,25.16,29.8,16.04,17.1526401,10.00
320,25.16,29.8,16.04,22.89213311,10.00
321,25.16,29.8,35.01,17.90259857,10.00
322,25.16,29.8,35.01,13.82873678,10.00
323,25.16,29.8,35.01,20.42832231,10.00
324,25.16,29.8,35.01,24.34141786,10.00
325,25.16,29.8,35.01,16.07694339,10.00
326,25.16,29.8,35.01,15.35733268,10.00
327,25.16,29.8,35.01,22.99270643,10.00
328,25.16,29.8,35.01,18.47211467,10.00
329,25.16,29.8,35.01,19.74147054,10.00
330,25.16,29.8,35.01,14.4199798,10.00
331,25.16,29.8,35.01,27.69053235,10.00
332,25.16,29.8,35.01,13.77724935,10.00
333,25.16,29.8,35.01,4.935384497,10.00
334,25.16,29.8,35.01,14.32708632,10.00
335,25.16,29.8,35.01,19.02883773,10.00
336,25.16,14.6,16.04,11.08535701,10.00
337,25.16,14.6,16.04,9.925061782,10.00
338,25.16,14.6,16.04,14.80630504,10.00
339,25.16,14.6,16.04,9.523527938,10.00
340,25.16,14.6,16.04,20.83864514,10.00
341,25.16,14.6,16.04,20.32635492,10.00
342,25.16,14.6,16.04,19.70876074,10.00
343,25.16,14.6,16.04,14.19105755,10.00
344,25.16,14.6,16.04,9.929631493,10.00
345,25.16,14.6,16.04,9.390335494,10.00
346,25.16,14.6,16.04,17.2503436,10.00
347,25.16,14.6,16.04,22.85636775,10.00
348,25.16,14.6,16.04,24.189736,10.00
349,25.16,14.6,16.04,31.85776897,10.00
350,25.16,29.8,35.01,30.61060301,10.00
351,25.16,29.8,35.01,28.21876799,10.00
352,25.16,29.8,35.01,23.56543229,10.00
353,25.16,29.8,35.01,19.11981128,10.00
354,25.16,29.8,35.01,31.14908805,10.00
355,25.16,29.8,35.01,29.47796528,10.00
356,25.16,29.8,35.01,24.01079438,10.00
357,25.16,29.8,35.01,30.04826464,10.00
358,25.16,29.8,35.01,17.86108111,10.00
359,25.16,29.8,35.01,24.49819107,10.00
360,25.16,29.8,35.01,22.65598335,10.00
361,25.16,29.8,35.01,22.40597779,10.00
362,25.16,29.8,35.01,22.39562952,10.00
363,25.16,29.8,16.04,18.33537016,10.00
364,25.16,29.8,16.04,11.5103309,10.00
365,25.16,29.8,16.04,9.409786159,10.00
366,25.16,29.8,16.04,24.05829637,10.00
367,25.16,29.8,16.04,17.59697456,10.00
368,25.16,29.8,16.04,23.48514757,10.00
369,25.16,29.8,35.01,18.3663605,10.00
370,25.16,29.8,35.01,14.18696643,10.00
371,25.16,29.8,35.01,20.95751242,10.00
372,25.16,29.8,35.01,24.97197565,10.00
373,25.16,29.8,35.01,16.49341222,10.00
374,25.16,29.8,35.01,15.7551602,10.00
375,25.16,29.8,35.01,23.58832621,10.00
376,25.16,29.8,35.01,18.95062976,10.00
377,25.16,29.8,35.01,20.25286794,10.00
378,25.16,29.8,35.01,14.79352544,10.00
379,25.16,29.8,35.01,28.40784804,10.00
380,25.16,29.8,35.01,14.0689871,10.00
381,25.16,29.8,35.01,5.039892875,10.00
382,25.16,29.8,35.01,14.63046705,10.00
383,25.16,29.8,35.01,19.43177958,10.00
384,25.16,14.6,16.04,10.44442645,10.00
385,25.16,14.6,16.04,9.351216902,10.00
386,25.16,14.6,16.04,13.95023759,10.00
387,25.16,14.6,16.04,8.972898847,10.00
388,25.16,14.6,16.04,19.63380127,10.00
389,25.16,14.6,16.04,19.15113053,10.00
390,25.16,14.6,16.04,18.56924426,10.00
391,25.16,14.6,16.04,13.37056233,10.00
392,25.16,14.6,16.04,9.355522403,10.00
393,25.16,14.6,16.04,8.847407292,10.00
394,25.16,14.6,16.04,16.25296731,10.00
395,25.16,14.6,16.04,21.53486368,10.00
396,25.16,14.6,16.04,22.48665772,10.00
397,25.16,14.6,16.04,29.61482286,10.00
398,25.16,29.8,35.01,28.45546361,10.00
399,25.16,29.8,35.01,26.23202573,10.00
400,25.16,29.8,35.01,21.90630811,10.00
401,25.16,29.8,35.01,17.77368103,10.00
402,25.16,29.8,35.01,28.95603662,10.00
403,25.16,29.8,35.01,27.40256923,10.00
404,25.16,29.8,35.01,22.32031448,10.00
405,25.16,29.8,35.01,27.93271667,10.00
406,25.16,29.8,35.01,16.60357175,10.00
407,25.16,29.8,35.01,22.77339601,10.00
408,25.16,29.8,35.01,21.06088892,10.00
409,25.16,29.8,35.01,20.828485,10.00
410,25.16,29.8,35.01,20.8188653,10.00
411,25.16,29.8,16.04,17.04446849,10.00
412,25.16,29.8,16.04,10.6999461,10.00
413,25.16,29.8,16.04,8.747290197,10.00
414,25.16,29.8,16.04,22.3644721,10.00
415,25.16,29.8,16.04,16.35805962,10.00
416,25.16,29.8,16.04,21.83167583,10.00
417,25.16,29.8,35.01,17.07327695,10.00
418,25.16,29.8,35.01,13.18813311,10.00
419,25.16,29.8,35.01,19.48199883,10.00
420,25.16,29.8,35.01,23.21382379,10.00
421,25.16,29.8,35.01,15.33219359,10.00
422,25.16,29.8,35.01,14.6459182,10.00
423,25.16,29.8,35.01,21.92759019,10.00
424,25.16,29.8,35.01,17.61641073,10.00
425,25.16,29.8,35.01,18.82696484,10.00
426,25.16,29.8,35.01,13.75198733,10.00
427,25.16,29.8,35.01,26.40779359,10.00
428,25.16,29.8,35.01,13.25554972,10.00
429,25.16,29.8,35.01,4.748497538,10.00
430,25.16,29.8,35.01,13.78456616,10.00
431,25.16,29.8,35.01,18.30827753,10.00
432,25.16,14.6,16.04,10.65414599,10.00
433,25.16,14.6,16.04,9.538985265,10.00
434,25.16,14.6,16.04,14.23035229,10.00
435,25.16,14.6,16.04,9.153070749,10.00
436,25.16,14.6,16.04,20.02803945,10.00
437,25.16,14.6,16.04,19.53567689,10.00
438,25.16,14.6,16.04,18.9421066,10.00
439,25.16,14.6,16.04,13.6390374,10.00
440,25.16,14.6,16.04,9.543377219,10.00
441,25.16,14.6,16.04,9.025059378,10.00
442,25.16,14.6,16.04,16.57931981,10.00
443,25.16,14.6,16.04,21.96727436,10.00
444,25.16,14.6,16.04,23.04392369,10.00
445,25.16,14.6,16.04,30.34873952,10.00
446,25.16,29.8,35.01,29.16064896,10.00
447,25.16,29.8,35.01,26.88210968,10.00
448,25.16,29.8,35.01,22.44919181,10.00
449,25.16,29.8,35.01,18.21414967,10.00
450,25.16,29.8,35.01,29.6736272,10.00
451,25.16,29.8,35.01,28.08166167,10.00
452,25.16,29.8,35.01,22.87345812,10.00
453,25.16,29.8,35.01,28.62494726,10.00
454,25.16,29.8,35.01,17.01504266,10.00
455,25.16,29.8,35.01,23.33776795,10.00
456,25.16,29.8,35.01,21.58282138,10.00
457,25.16,29.8,35.01,21.34465802,10.00
458,25.16,29.8,35.01,21.33479991,10.00
459,25.16,29.8,16.04,17.46686573,10.00
460,25.16,29.8,16.04,10.96511293,10.00
461,25.16,29.8,16.04,8.964066171,10.00
462,25.16,29.8,16.04,22.91871005,10.00
463,25.16,29.8,16.04,16.76344623,10.00
464,25.16,29.8,16.04,22.37270999,10.00
465,25.16,29.8,35.01,17.49638813,10.00
466,25.16,29.8,35.01,13.51496237,10.00
467,25.16,29.8,35.01,19.96480313,10.00
468,25.16,29.8,35.01,23.78911044,10.00
469,25.16,29.8,35.01,15.71215711,10.00
470,25.16,29.8,35.01,15.00887439,10.00
471,25.16,29.8,35.01,22.4710013,10.00
472,25.16,29.8,35.01,18.05298189,10.00
473,25.16,29.8,35.01,19.29353604,10.00
474,25.16,29.8,35.01,14.09279007,10.00
475,25.16,29.8,35.01,27.06223343,10.00
476,25.16,29.8,35.01,13.52171539,10.00
477,25.16,29.8,35.01,4.843845301,10.00
478,25.16,29.8,35.01,14.06135425,10.00
479,25.16,29.8,35.01,18.67589977,10.00
480,25.16,14.6,16.04,11.06298347,10.00
481,25.16,14.6,16.04,9.905030066,10.00
482,25.16,14.6,16.04,14.77642153,10.00
483,25.16,14.6,16.04,9.504306637,10.00
484,25.16,14.6,16.04,20.79658658,10.00
485,25.16,14.6,16.04,20.28533032,10.00
486,25.16,14.6,16.04,19.66898262,10.00
487,25.16,14.6,16.04,14.16241579,10.00
488,25.16,14.6,16.04,9.909590555,10.00
489,25.16,14.6,16.04,9.371383014,10.00
490,25.16,14.6,16.04,17.2155273,10.00
491,25.16,14.6,16.04,22.81023683,10.00
492,25.16,14.6,16.04,24.13028513,10.00
493,25.16,14.6,16.04,31.77947245,10.00
494,25.16,29.8,35.01,30.53537164,10.00
495,25.16,29.8,35.01,28.14941501,10.00
496,25.16,29.8,35.01,23.50751576,10.00
497,25.16,29.8,35.01,19.0728207,10.00
498,25.16,29.8,35.01,31.07253325,10.00
499,25.16,29.8,35.01,29.40551758,10.00
500,25.16,29.8,35.01,23.95178329,10.00
501,25.16,29.8,35.01,29.97441531,10.00
502,25.16,29.8,35.01,17.8171841,10.00
503,25.16,29.8,35.01,24.43798211,10.00
504,25.16,29.8,35.01,22.60030196,10.00
505,25.16,29.8,35.01,22.35091084,10.00
506,25.16,29.8,35.01,22.340588,10.00
507,25.16,29.8,16.04,18.2903075,10.00
508,25.16,29.8,16.04,11.48204208,10.00
509,25.16,29.8,16.04,9.386659821,10.00
510,25.16,29.8,16.04,23.99916854,10.00
511,25.16,29.8,16.04,17.55372665,10.00
512,25.16,29.8,16.04,23.42742835,10.00
513,25.16,29.8,35.01,18.32122168,10.00
514,25.16,29.8,35.01,14.15209927,10.00
515,25.16,29.8,35.01,20.90600535,10.00
516,25.16,29.8,35.01,24.91060227,10.00
517,25.16,29.8,35.01,16.45287652,10.00
518,25.16,29.8,35.01,15.71643889,10.00
519,25.16,29.8,35.01,23.53035342,10.00
520,25.16,29.8,35.01,18.90405498,10.00
521,25.16,29.8,35.01,20.20309267,10.00
522,25.16,29.8,35.01,14.75716754,10.00
523,25.16,29.8,35.01,28.33803035,10.00
524,25.16,29.8,35.01,14.04059171,10.00
525,25.16,29.8,35.01,5.029720877,10.00
526,25.16,29.8,35.01,14.60093843,10.00
527,25.16,29.8,35.01,19.39256049,10.00
528,25.16,14.6,16.04,10.70130205,10.00
529,25.16,14.6,16.04,9.58120554,10.00
530,25.16,14.6,16.04,14.29333691,10.00
531,25.16,14.6,16.04,9.193582936,10.00
532,25.16,14.6,16.04,20.11668508,10.00
533,25.16,14.6,16.04,19.62214328,10.00
534,25.16,14.6,16.04,19.02594581,10.00
535,25.16,14.6,16.04,13.69940482,10.00
536,25.16,14.6,16.04,9.585616933,10.00
537,25.16,14.6,16.04,9.065004978,10.00
538,25.16,14.6,16.04,16.65270114,10.00
539,25.16,14.6,16.04,22.06450319,10.00
540,25.16,14.6,16.04,23.1692266,10.00
541,25.16,14.6,16.04,30.51376286,10.00
542,25.16,29.8,35.01,29.31921198,10.00
543,25.16,29.8,35.01,27.02828298,10.00
544,25.16,29.8,35.01,22.57126082,10.00
545,25.16,29.8,35.01,18.31319035,10.00
546,25.16,29.8,35.01,29.83497957,10.00
547,25.16,29.8,35.01,28.23435763,10.00
548,25.16,29.8,35.01,22.99783411,10.00
549,25.16,29.8,35.01,28.78059736,10.00
550,25.16,29.8,35.01,17.10756312,10.00
551,25.16,29.8,35.01,23.46466866,10.00
552,25.16,29.8,35.01,21.70017945,10.00
553,25.16,29.8,35.01,21.46072105,10.00
554,25.16,29.8,35.01,21.45080934,10.00
555,25.16,29.8,16.04,17.561843,10.00
556,25.16,29.8,16.04,11.02473648,10.00
557,25.16,29.8,16.04,9.012808892,10.00
558,25.16,29.8,16.04,23.0433321,10.00
559,25.16,29.8,16.04,16.85459862,10.00
560,25.16,29.8,16.04,22.49436313,10.00
561,25.16,29.8,35.01,17.59152593,10.00
562,25.16,29.8,35.01,13.5884509,10.00
563,25.16,29.8,35.01,20.07336311,10.00
564,25.16,29.8,35.01,23.91846535,10.00
565,25.16,29.8,35.01,15.79759304,10.00
566,25.16,29.8,35.01,15.09048617,10.00
567,25.16,29.8,35.01,22.59318891,10.00
568,25.16,29.8,35.01,18.15114621,10.00
569,25.16,29.8,35.01,19.39844596,10.00
570,25.16,29.8,35.01,14.16942058,10.00
571,25.16,29.8,35.01,27.20938617,10.00
572,25.16,29.8,35.01,13.58156353,10.00
573,25.16,29.8,35.01,4.865284528,10.00
574,25.16,29.8,35.01,14.12359087,10.00
575,25.16,29.8,35.01,18.75856073,10.00
576,25.16,14.6,16.04,10.54789656,10.00
577,25.16,14.6,16.04,9.443856878,10.00
578,25.16,14.6,16.04,14.08843882,10.00
579,25.16,14.6,16.04,9.061790928,10.00
580,25.16,14.6,16.04,19.82830803,10.00
581,25.16,14.6,16.04,19.3408556,10.00
582,25.16,14.6,16.04,18.75320474,10.00
583,25.16,14.6,16.04,13.50302088,10.00
584,25.16,14.6,16.04,9.448205032,10.00
585,25.16,14.6,16.04,8.935056162,10.00
586,25.16,14.6,16.04,16.41398106,10.00
587,25.16,14.6,16.04,21.74820375,10.00
588,25.16,14.6,16.04,22.7615981,10.00
589,25.16,14.6,16.04,29.97691805,10.00
590,25.16,29.8,35.01,28.80338353,10.00
591,25.16,29.8,35.01,26.55276006,10.00
592,25.16,29.8,35.01,22.17415266,10.00
593,25.16,29.8,35.01,17.99099668,10.00
594,25.16,29.8,35.01,29.31007695,10.00
595,25.16,29.8,35.01,27.7376156,10.00
596,25.16,29.8,35.01,22.59322102,10.00
597,25.16,29.8,35.01,28.27424505,10.00
598,25.16,29.8,35.01,16.80658068,10.00
599,25.16,29.8,35.01,23.05184229,10.00
600,25.16,29.8,35.01,21.31839668,10.00
601,25.16,29.8,35.01,21.0831512,10.00
602,25.16,29.8,35.01,21.07341388,10.00
603,25.16,29.8,16.04,17.25286819,10.00
604,25.16,29.8,16.04,10.83077244,10.00
605,25.16,29.8,16.04,8.854241765,10.00
606,25.16,29.8,16.04,22.63791854,10.00
607,25.16,29.8,16.04,16.55806672,10.00
608,25.16,29.8,16.04,22.09860787,10.00
609,25.16,29.8,35.01,17.28202889,10.00
610,25.16,29.8,35.01,13.34938208,10.00
611,25.16,29.8,35.01,19.72020178,10.00
612,25.16,29.8,35.01,23.4976551,10.00
613,25.16,29.8,35.01,15.5196576,10.00
614,25.16,29.8,35.01,14.82499124,10.00
615,25.16,29.8,35.01,22.19569495,10.00
616,25.16,29.8,35.01,17.83180347,10.00
617,25.16,29.8,35.01,19.05715881,10.00
618,25.16,29.8,35.01,13.92013045,10.00
619,25.16,29.8,35.01,26.73067701,10.00
620,25.16,29.8,35.01,13.38686887,10.00
621,25.16,29.8,35.01,4.795539618,10.00
622,25.16,29.8,35.01,13.92112613,10.00
623,25.16,29.8,35.01,18.48965268,10.00
624,25.16,14.6,16.04,11.02352879,10.00
625,25.16,14.6,16.04,9.869705069,10.00
626,25.16,14.6,16.04,14.72372335,10.00
627,25.16,14.6,16.04,9.470410767,10.00
628,25.16,14.6,16.04,20.72241826,10.00
629,25.16,14.6,16.04,20.21298533,10.00
630,25.16,14.6,16.04,19.59883576,10.00
631,25.16,14.6,16.04,14.11190738,10.00
632,25.16,14.6,16.04,9.874249293,10.00
633,25.16,14.6,16.04,9.337961199,10.00
634,25.16,14.6,16.04,17.15413037,10.00
635,25.16,14.6,16.04,22.7288871,10.00
636,25.16,14.6,16.04,24.02544628,10.00
637,25.16,14.6,16.04,31.64140018,10.00
638,25.16,29.8,35.01,30.40270461,10.00
639,25.16,29.8,35.01,28.02711425,10.00
640,25.16,29.8,35.01,23.40538266,10.00
641,25.16,29.8,35.01,18.98995502,10.00
642,25.16,29.8,35.01,30.93753242,10.00
643,25.16,29.8,35.01,29.27775943,10.00
644,25.16,29.8,35.01,23.84771998,10.00
645,25.16,29.8,35.01,29.84418547,10.00
646,25.16,29.8,35.01,17.73977379,10.00
647,25.16,29.8,35.01,24.33180641,10.00
648,25.16,29.8,35.01,22.50211043,10.00
649,25.16,29.8,35.01,22.25380284,10.00
650,25.16,29.8,35.01,22.24352485,10.00
651,25.16,29.8,16.04,18.21084161,10.00
652,25.16,29.8,16.04,11.43215605,10.00
653,25.16,29.8,16.04,9.345877601,10.00
654,25.16,29.8,16.04,23.89489935,10.00
655,25.16,29.8,16.04,17.47746097,10.00
656,25.16,29.8,16.04,23.32564321,10.00
657,25.16,29.8,35.01,18.24162147,10.00
658,25.16,29.8,35.01,14.09061264,10.00
659,25.16,29.8,35.01,20.81517503,10.00
660,25.16,29.8,35.01,24.80237318,10.00
661,25.16,29.8,35.01,16.38139371,10.00
662,25.16,29.8,35.01,15.64815568,10.00
663,25.16,29.8,35.01,23.42812109,10.00
664,25.16,29.8,35.01,18.82192253,10.00
665,25.16,29.8,35.01,20.11531629,10.00
666,25.16,29.8,35.01,14.69305208,10.00
667,25.16,29.8,35.01,28.21491011,10.00
668,25.16,29.8,35.01,13.99051778,10.00
669,25.16,29.8,35.01,5.011783034,10.00
670,25.16,29.8,35.01,14.54886609,10.00
671,25.16,29.8,35.01,19.32339945,10.00
672,25.16,14.6,16.04,10.56088013,10.00
673,25.16,14.6,16.04,9.455481469,10.00
674,25.16,14.6,16.04,14.1057805,10.00
675,25.16,14.6,16.04,9.072945229,10.00
676,25.16,14.6,16.04,19.852715,10.00
677,25.16,14.6,16.04,19.36466256,10.00
678,25.16,14.6,16.04,18.77628836,10.00
679,25.16,14.6,16.04,13.51964196,10.00
680,25.16,14.6,16.04,9.459834976,10.00
681,25.16,14.6,16.04,8.946054463,10.00
682,25.16,14.6,16.04,16.43418528,10.00
683,25.16,14.6,16.04,21.77497395,10.00
684,25.16,14.6,16.04,22.796098,10.00
685,25.16,14.6,16.04,30.02235425,10.00
686,25.16,29.8,35.01,28.847041,10.00
687,25.16,29.8,35.01,26.59300625,10.00
688,25.16,29.8,35.01,22.20776216,10.00
689,25.16,29.8,35.01,18.01826575,10.00
690,25.16,29.8,35.01,29.35450242,10.00
691,25.16,29.8,35.01,27.77965768,10.00
692,25.16,29.8,35.01,22.6274657,10.00
693,25.16,29.8,35.01,28.3171005,10.00
694,25.16,29.8,35.01,16.83205453,10.00
695,25.16,29.8,35.01,23.08678212,10.00
696,25.16,29.8,35.01,21.35070911,10.00
697,25.16,29.8,35.01,21.11510707,10.00
698,25.16,29.8,35.01,21.10535498,10.00
699,25.16,29.8,16.04,17.27901847,10.00
700,25.16,29.8,16.04,10.84718871,10.00
701,25.16,29.8,16.04,8.867662195,10.00
702,25.16,29.8,16.04,22.67223097,10.00
703,25.16,29.8,16.04,16.58316389,10.00
704,25.16,29.8,16.04,22.13210287,10.00
705,25.16,29.8,35.01,17.30822337,10.00
706,25.16,29.8,35.01,13.36961582,10.00
707,25.16,29.8,35.01,19.75009182,10.00
708,25.16,29.8,35.01,23.53327065,10.00
709,25.16,29.8,35.01,15.54318085,10.00
710,25.16,29.8,35.01,14.84746158,10.00
711,25.16,29.8,35.01,22.22933711,10.00
712,25.16,29.8,35.01,17.85883124,10.00
713,25.16,29.8,35.01,19.08604386,10.00
714,25.16,29.8,35.01,13.94122928,10.00
715,25.16,29.8,35.01,26.77119286,10.00
716,25.16,29.8,35.01,13.40334697,10.00
717,25.16,29.8,35.01,4.801442523,10.00
718,25.16,29.8,35.01,13.93826186,10.00
719,25.16,29.8,35.01,18.51241189,10.00
720,25.16,14.6,16.04,11.45601143,10.00
721,25.16,14.6,16.04,10.25692011,10.00
722,25.16,14.6,16.04,15.30137457,10.00
723,25.16,14.6,16.04,9.841960423,10.00
724,25.16,14.6,16.04,21.5354144,10.00
725,25.16,14.6,16.04,21.00599505,10.00
726,25.16,14.6,16.04,20.36775074,10.00
727,25.16,14.6,16.04,14.66555542,10.00
728,25.16,14.6,16.04,10.26164262,10.00
729,25.16,14.6,16.04,9.704314503,10.00
730,25.16,14.6,16.04,17.82713298,10.00
731,25.16,14.6,16.04,23.6206024,10.00
732,25.16,14.6,16.04,25.17463756,10.00
733,25.16,14.6,16.04,33.1548797,10.00
734,25.16,29.8,35.01,31.85693454,10.00
735,25.16,29.8,35.01,29.36771433,10.00
736,25.16,29.8,35.01,24.52491489,10.00
737,25.16,29.8,35.01,19.8982874,10.00
738,25.16,29.8,35.01,32.41734436,10.00
739,25.16,29.8,35.01,30.67818069,10.00
740,25.16,29.8,35.01,24.9884102,10.00
741,25.16,29.8,35.01,31.27170017,10.00
742,25.16,29.8,35.01,18.58830717,10.00
743,25.16,29.8,35.01,25.49565158,10.00
744,25.16,29.8,35.01,23.57843712,10.00
745,25.16,29.8,35.01,23.31825242,10.00
746,25.16,29.8,35.01,23.30748281,10.00
747,25.16,29.8,16.04,19.08190723,10.00
748,25.16,29.8,16.04,11.97898186,10.00
749,25.16,29.8,16.04,9.792912003,10.00
750,25.16,29.8,16.04,25.03784627,10.00
751,25.16,29.8,16.04,18.31344735,10.00
752,25.16,29.8,16.04,24.44136133,10.00
753,25.16,29.8,35.01,19.11415936,10.00
754,25.16,29.8,35.01,14.76459842,10.00
755,25.16,29.8,35.01,21.8108118,10.00
756,25.16,29.8,35.01,25.98872662,10.00
757,25.16,29.8,35.01,17.16495272,10.00
758,25.16,29.8,35.01,16.39664226,10.00
759,25.16,29.8,35.01,24.54874096,10.00
760,25.16,29.8,35.01,19.72221754,10.00
761,25.16,29.8,35.01,21.07747724,10.00
762,25.16,29.8,35.01,15.39585389,10.00
763,25.16,29.8,35.01,29.56449289,10.00
764,25.16,29.8,35.01,14.53940337,10.00
765,25.16,29.8,35.01,5.208408746,10.00
766,25.16,29.8,35.01,15.11965719,10.00
767,25.16,29.8,35.01,20.08150832,10.00
768,25.16,14.6,16.04,10.75938317,10.00
769,25.16,14.6,16.04,9.633207356,10.00
770,25.16,14.6,16.04,14.37091373,10.00
771,25.16,14.6,16.04,9.243480938,10.00
772,25.16,14.6,16.04,20.22586801,10.00
773,25.16,14.6,16.04,19.7286421,10.00
774,25.16,14.6,16.04,19.12920878,10.00
775,25.16,14.6,16.04,13.77375809,10.00
776,25.16,14.6,16.04,9.637642691,10.00
777,25.16,14.6,16.04,9.114205125,10.00
778,25.16,14.6,16.04,16.74308337,10.00
779,25.16,14.6,16.04,22.18425787,10.00
780,25.16,14.6,16.04,23.32355953,10.00
781,25.16,14.6,16.04,30.71701861,10.00
782,25.16,29.8,35.01,29.51451068,10.00
783,25.16,29.8,35.01,27.20832154,10.00
784,25.16,29.8,35.01,22.72161063,10.00
785,25.16,29.8,35.01,18.43517666,10.00
786,25.16,29.8,35.01,30.03371386,10.00
787,25.16,29.8,35.01,28.42242999,10.00
788,25.16,29.8,35.01,23.15102538,10.00
789,25.16,29.8,35.01,28.97230829,10.00
790,25.16,29.8,35.01,17.2215186,10.00
791,25.16,29.8,35.01,23.62096956,10.00
792,25.16,29.8,35.01,21.84472688,10.00
793,25.16,29.8,35.01,21.60367343,10.00
794,25.16,29.8,35.01,21.5936957,10.00
795,25.16,29.8,16.04,17.6788245,10.00
796,25.16,29.8,16.04,11.09817354,10.00
797,25.16,29.8,16.04,9.072844268,10.00
798,25.16,29.8,16.04,23.19682644,10.00
799,25.16,29.8,16.04,16.96686907,10.00
800,25.16,29.8,16.04,22.64420072,10.00
801,25.16,29.8,35.01,17.70870515,10.00
802,25.16,29.8,35.01,13.67896517,10.00
803,25.16,29.8,35.01,20.20707413,10.00
804,25.16,29.8,35.01,24.07778905,10.00
805,25.16,29.8,35.01,15.90282266,10.00
806,25.16,29.8,35.01,15.19100567,10.00
807,25.16,29.8,35.01,22.74368479,10.00
808,25.16,29.8,35.01,18.27205312,10.00
809,25.16,29.8,35.01,19.52766128,10.00
810,25.16,29.8,35.01,14.26380475,10.00
811,25.16,29.8,35.01,27.39063108,10.00
812,25.16,29.8,35.01,13.65527722,10.00
813,25.16,29.8,35.01,4.89169077,10.00
814,25.16,29.8,35.01,14.2002464,10.00
815,25.16,29.8,35.01,18.86037247,10.00
816,25.16,14.6,16.04,11.0455588,10.00
817,25.16,14.6,16.04,9.889429224,10.00
818,25.16,14.6,16.04,14.75314804,10.00
819,25.16,14.6,16.04,9.48933695,10.00
820,25.16,14.6,16.04,20.76383107,10.00
821,25.16,14.6,16.04,20.25338006,10.00
822,25.16,14.6,16.04,19.63800314,10.00
823,25.16,14.6,16.04,14.14010938,10.00
824,25.16,14.6,16.04,9.893982529,10.00
825,25.16,14.6,16.04,9.356622688,10.00
826,25.16,14.6,16.04,17.18841211,10.00
827,25.16,14.6,16.04,22.77430974,10.00
828,25.16,14.6,16.04,24.08398436,10.00
829,25.16,14.6,16.04,31.71849456,10.00
830,25.16,29.8,35.01,30.47678091,10.00
831,25.16,29.8,35.01,28.09540241,10.00
832,25.16,29.8,35.01,23.46240995,10.00
833,25.16,29.8,35.01,19.03622411,10.00
834,25.16,29.8,35.01,31.01291182,10.00
835,25.16,29.8,35.01,29.34909479,10.00
836,25.16,29.8,35.01,23.90582503,10.00
837,25.16,29.8,35.01,29.91690094,10.00
838,25.16,29.8,35.01,17.78299681,10.00
839,25.16,29.8,35.01,24.39109094,10.00
840,25.16,29.8,35.01,22.5569369,10.00
841,25.16,29.8,35.01,22.30802431,10.00
842,25.16,29.8,35.01,22.29772128,10.00
843,25.16,29.8,16.04,18.25521238,10.00
844,25.16,29.8,16.04,11.46001054,10.00
845,25.16,29.8,16.04,9.368648864,10.00
846,25.16,29.8,16.04,23.95311936,10.00
847,25.16,29.8,16.04,17.52004487,10.00
848,25.16,29.8,16.04,23.38247622,10.00
849,25.16,29.8,35.01,18.28606724,10.00
850,25.16,29.8,35.01,14.12494447,10.00
851,25.16,29.8,35.01,20.86589128,10.00
852,25.16,29.8,35.01,24.86280425,10.00
853,25.16,29.8,35.01,16.42130704,10.00
854,25.16,29.8,35.01,15.68628247,10.00
855,25.16,29.8,35.01,23.48520379,10.00
856,25.16,29.8,35.01,18.86778221,10.00
857,25.16,29.8,35.01,20.16432733,10.00
858,25.16,29.8,35.01,14.72885175,10.00
859,25.16,29.8,35.01,28.28365584,10.00
860,25.16,29.8,35.01,14.01847719,10.00
861,25.16,29.8,35.01,5.021798853,10.00
862,25.16,29.8,35.01,14.57794134,10.00
863,25.16,29.8,35.01,19.36201638,10.00
864,25.16,14.6,16.04,10.75407133,10.00
865,25.16,14.6,16.04,9.628451505,10.00
866,25.16,14.6,16.04,14.3638189,10.00
867,25.16,14.6,16.04,9.238917493,10.00
868,25.16,14.6,16.04,20.21588264,10.00
869,25.16,14.6,16.04,19.71890221,10.00
870,25.16,14.6,16.04,19.11976481,10.00
871,25.16,14.6,16.04,13.76695807,10.00
872,25.16,14.6,16.04,9.632884651,10.00
873,25.16,14.6,16.04,9.109705502,10.00
874,25.16,14.6,16.04,16.73481742,10.00
875,25.16,14.6,16.04,22.17330565,10.00
876,25.16,14.6,16.04,23.30944494,10.00
877,25.16,14.6,16.04,30.69842976,10.00
878,25.16,29.8,35.01,29.49664955,10.00
879,25.16,29.8,35.01,27.19185603,10.00
880,25.16,29.8,35.01,22.70786032,10.00
881,25.16,29.8,35.01,18.42402034,10.00
882,25.16,29.8,35.01,30.01553853,10.00
883,25.16,29.8,35.01,28.40522974,10.00
884,25.16,29.8,35.01,23.1370152,10.00
885,25.16,29.8,35.01,28.95477528,10.00
886,25.16,29.8,35.01,17.21109675,10.00
887,25.16,29.8,35.01,23.60667499,10.00
888,25.16,29.8,35.01,21.83150723,10.00
889,25.16,29.8,35.01,21.59059965,10.00
890,25.16,29.8,35.01,21.58062796,10.00
891,25.16,29.8,16.04,17.6681259,10.00
892,25.16,29.8,16.04,11.09145732,10.00
893,25.16,29.8,16.04,9.067353705,10.00
894,25.16,29.8,16.04,23.18278854,10.00
895,25.16,29.8,16.04,16.95660132,10.00
896,25.16,29.8,16.04,22.63049725,10.00
897,25.16,29.8,35.01,17.69798847,10.00
898,25.16,29.8,35.01,13.67068714,10.00
899,25.16,29.8,35.01,20.19484553,10.00
900,25.16,29.8,35.01,24.06321802,10.00
901,25.16,29.8,35.01,15.89319883,10.00
902,25.16,29.8,35.01,15.18181261,10.00
903,25.16,29.8,35.01,22.72992111,10.00
904,25.16,29.8,35.01,18.26099552,10.00
905,25.16,29.8,35.01,19.51584383,10.00
906,25.16,29.8,35.01,14.2551728,10.00
907,25.16,29.8,35.01,27.37405524,10.00
908,25.16,29.8,35.01,13.6485357,10.00
909,25.16,29.8,35.01,4.889275775,10.00
910,25.16,29.8,35.01,14.19323583,10.00
911,25.16,29.8,35.01,18.85106123,10.00
912,25.16,14.6,16.04,10.99099619,10.00
913,25.16,14.6,16.04,9.840577636,10.00
914,25.16,14.6,16.04,14.68027076,10.00
915,25.16,14.6,16.04,9.44246173,10.00
916,25.16,14.6,16.04,20.66126235,10.00
917,25.16,14.6,16.04,20.15333285,10.00
918,25.16,14.6,16.04,19.54099576,10.00
919,25.16,14.6,16.04,14.07026038,10.00
920,25.16,14.6,16.04,9.84510845,10.00
921,25.16,14.6,16.04,9.310403047,10.00
922,25.16,14.6,16.04,17.10350517,10.00
923,25.16,14.6,16.04,22.6618097,10.00
924,25.16,14.6,16.04,23.9390008,10.00
925,25.16,14.6,16.04,31.52755188,10.00
926,25.16,29.8,35.01,30.29331324,10.00
927,25.16,29.8,35.01,27.92627044,10.00
928,25.16,29.8,35.01,23.32116821,10.00
929,25.16,29.8,35.01,18.92162764,10.00
930,25.16,29.8,35.01,30.82621669,10.00
931,25.16,29.8,35.01,29.1724157,10.00
932,25.16,29.8,35.01,23.76191397,10.00
933,25.16,29.8,35.01,29.7368037,10.00
934,25.16,29.8,35.01,17.67594466,10.00
935,25.16,29.8,35.01,24.24425862,10.00
936,25.16,29.8,35.01,22.42114604,10.00
937,25.16,29.8,35.01,22.17373188,10.00
938,25.16,29.8,35.01,22.16349086,10.00
939,25.16,29.8,16.04,18.14531754,10.00
940,25.16,29.8,16.04,11.39102224,10.00
941,25.16,29.8,16.04,9.312250384,10.00
942,25.16,29.8,16.04,23.80892359,10.00
943,25.16,29.8,16.04,17.41457567,10.00
944,25.16,29.8,16.04,23.24171567,10.00
945,25.16,29.8,35.01,18.17598665,10.00
946,25.16,29.8,35.01,14.03991349,10.00
947,25.16,29.8,35.01,20.74028036,10.00
948,25.16,29.8,35.01,24.71313225,10.00
949,25.16,29.8,35.01,16.32245214,10.00
950,25.16,29.8,35.01,15.59185236,10.00
951,25.16,29.8,35.01,23.34382484,10.00
952,25.16,29.8,35.01,18.75419975,10.00
953,25.16,29.8,35.01,20.04293977,10.00
954,25.16,29.8,35.01,14.6401853,10.00
955,25.16,29.8,35.01,28.1133906,10.00
956,25.16,29.8,35.01,13.94922902,10.00
957,25.16,29.8,35.01,4.996992281,10.00
958,25.16,29.8,35.01,14.50592954,10.00
959,25.16,29.8,35.01,19.26637232,10.00
960,25.16,14.6,16.04,10.74496173,10.00
961,25.16,14.6,16.04,9.620295395,10.00
962,25.16,14.6,16.04,14.35165154,10.00
963,25.16,14.6,16.04,9.23109135,10.00
964,25.16,14.6,16.04,20.19875808,10.00
965,25.16,14.6,16.04,19.70219863,10.00
966,25.16,14.6,16.04,19.10356876,10.00
967,25.16,14.6,16.04,13.7552963,10.00
968,25.16,14.6,16.04,9.624724785,10.00
969,25.16,14.6,16.04,9.101988813,10.00
970,25.16,14.6,16.04,16.72064162,10.00
971,25.16,14.6,16.04,22.15452299,10.00
972,25.16,14.6,16.04,23.28523893,10.00
973,25.16,14.6,16.04,30.66655056,10.00
974,25.16,29.8,35.01,29.46601835,10.00
975,25.16,29.8,35.01,27.16361828,10.00
976,25.16,29.8,35.01,22.68427904,10.00
977,25.16,29.8,35.01,18.40488767,10.00
978,25.16,29.8,35.01,29.98436848,10.00
979,25.16,29.8,35.01,28.37573195,10.00
980,25.16,29.8,35.01,23.11298825,10.00
981,25.16,29.8,35.01,28.9247068,10.00
982,25.16,29.8,35.01,17.19322365,10.00
983,25.16,29.8,35.01,23.58216032,10.00
984,25.16,29.8,35.01,21.808836,10.00
985,25.16,29.8,35.01,21.5681786,10.00
986,25.16,29.8,35.01,21.55821726,10.00
987,25.16,29.8,16.04,17.6497782,10.00
988,25.16,29.8,16.04,11.07993925,10.00
989,25.16,29.8,16.04,9.057937588,10.00
990,25.16,29.8,16.04,23.15871406,10.00
991,25.16,29.8,16.04,16.93899251,10.00
992,25.16,29.8,16.04,22.60699631,10.00
993,25.16,29.8,35.01,17.67960975,10.00
994,25.16,29.8,35.01,13.65649063,10.00
995,25.16,29.8,35.01,20.17387392,10.00
996,25.16,29.8,35.01,24.03822925,10.00
997,25.16,29.8,35.01,15.87669432,10.00
998,25.16,29.8,35.01,15.16604685,10.00
999,25.16,29.8,35.01,22.70631692,10.00
1000,25.16,29.8,35.01,18.24203214,10.00
1001,25.16,29.8,35.01,19.49557734,10.00
1002,25.16,29.8,35.01,14.24036932,10.00
1003,25.16,29.8,35.01,27.34562828,10.00
1004,25.16,29.8,35.01,13.63697423,10.00
1005,25.16,29.8,35.01,4.885134146,10.00
1006,25.16,29.8,35.01,14.18121296,10.00
1007,25.16,29.8,35.01,18.83509279,10.00
1008,25.16,14.6,16.04,11.25987252,10.00
1009,25.16,14.6,16.04,10.0813109,10.00
1010,25.16,14.6,16.04,15.03939902,10.00
1011,25.16,14.6,16.04,9.673455754,10.00
1012,25.16,14.6,16.04,21.16670556,10.00
1013,25.16,14.6,16.04,20.64635042,10.00
1014,25.16,14.6,16.04,20.01903352,10.00
1015,25.16,14.6,16.04,14.41446575,10.00
1016,25.16,14.6,16.04,10.08595255,10.00
1017,25.16,14.6,16.04,9.538166477,10.00
1018,25.16,14.6,16.04,17.5219138,10.00
1019,25.16,14.6,16.04,23.21619295,10.00
1020,25.16,14.6,16.04,24.65345797,10.00
1021,25.16,14.6,16.04,32.46848863,10.00
1022,25.16,29.8,35.01,31.19741426,10.00
1023,25.16,29.8,35.01,28.7597273,10.00
1024,25.16,29.8,35.01,24.01718624,10.00
1025,25.16,29.8,35.01,19.4863418,10.00
1026,25.16,29.8,35.01,31.74622217,10.00
1027,25.16,29.8,35.01,30.04306364,10.00
1028,25.16,29.8,35.01,24.471086,10.00
1029,25.16,29.8,35.01,30.62429575,10.00
1030,25.16,29.8,35.01,18.20348153,10.00
1031,25.16,29.8,35.01,24.96782619,10.00
1032,25.16,29.8,35.01,23.09030298,10.00
1033,25.16,29.8,35.01,22.83550477,10.00
1034,25.16,29.8,35.01,22.82495812,10.00
1035,25.16,29.8,16.04,18.68686279,10.00
1036,25.16,29.8,16.04,11.7309862,10.00
1037,25.16,29.8,16.04,9.590173601,10.00
1038,25.16,29.8,16.04,24.51949862,10.00
1039,25.16,29.8,16.04,17.934312,10.00
1040,25.16,29.8,16.04,23.93536244,10.00
1041,25.16,29.8,35.01,18.71844722,10.00
1042,25.16,29.8,35.01,14.45893336,10.00
1043,25.16,29.8,35.01,21.35927204,10.00
1044,25.16,29.8,35.01,25.45069331,10.00
1045,25.16,29.8,35.01,16.80959416,10.00
1046,25.16,29.8,35.01,16.0571897,10.00
1047,25.16,29.8,35.01,24.04051904,10.00
1048,25.16,29.8,35.01,19.31391704,10.00
1049,25.16,29.8,35.01,20.64111938,10.00
1050,25.16,29.8,35.01,15.07712022,10.00
1051,25.16,29.8,35.01,28.95243204,10.00
1052,25.16,29.8,35.01,14.29047356,10.00
1053,25.16,29.8,35.01,5.119235334,10.00
1054,25.16,29.8,35.01,14.86079283,10.00
1055,25.16,29.8,35.01,19.73769187,10.00
1056,25.16,14.6,16.04,11.38116665,10.00
1057,25.16,14.6,16.04,10.18990927,10.00
1058,25.16,14.6,16.04,15.20140713,10.00
1059,25.16,14.6,16.04,9.777660606,10.00
1060,25.16,14.6,16.04,21.39471853,10.00
1061,25.16,14.6,16.04,20.868758,10.00
1062,25.16,14.6,16.04,20.23468349,10.00
1063,25.16,14.6,16.04,14.56974193,10.00
1064,25.16,14.6,16.04,10.19460092,10.00
1065,25.16,14.6,16.04,9.640913959,10.00
1066,25.16,14.6,16.04,17.71066418,10.00
1067,25.16,14.6,16.04,23.46628351,10.00
1068,25.16,14.6,16.04,24.97576027,10.00
1069,25.16,14.6,16.04,32.89295925,10.00
1070,25.16,29.8,35.01,31.60526773,10.00
1071,25.16,29.8,35.01,29.13571212,10.00
1072,25.16,29.8,35.01,24.33117035,10.00
1073,25.16,29.8,35.01,19.74109278,10.00
1074,25.16,29.8,35.01,32.16125037,10.00
1075,25.16,29.8,35.01,30.43582592,10.00
1076,25.16,29.8,35.01,24.79100409,10.00
1077,25.16,29.8,35.01,31.02465666,10.00
1078,25.16,29.8,35.01,18.44146128,10.00
1079,25.16,29.8,35.01,25.29423832,10.00
1080,25.16,29.8,35.01,23.39216967,10.00
1081,25.16,29.8,35.01,23.1340404,10.00
1082,25.16,29.8,35.01,23.12335587,10.00
1083,25.16,29.8,16.04,18.93116194,10.00
1084,25.16,29.8,16.04,11.88434902,10.00
1085,25.16,29.8,16.04,9.715548912,10.00
1086,25.16,29.8,16.04,24.84004962,10.00
1087,25.16,29.8,16.04,18.16877282,10.00
1088,25.16,29.8,16.04,24.24827685,10.00
1089,25.16,29.8,35.01,18.96315929,10.00
1090,25.16,29.8,35.01,14.64795947,10.00
1091,25.16,29.8,35.01,21.63850842,10.00
1092,25.16,29.8,35.01,25.78341811,10.00
1093,25.16,29.8,35.01,17.02935119,10.00
1094,25.16,29.8,35.01,16.26711032,10.00
1095,25.16,29.8,35.01,24.3548082,10.00
1096,25.16,29.8,35.01,19.56641386,10.00
1097,25.16,29.8,35.01,20.91096713,10.00
1098,25.16,29.8,35.01,15.27422808,10.00
1099,25.16,29.8,35.01,29.33093616,10.00
1100,25.16,29.8,35.01,14.44441407,10.00
1101,25.16,29.8,35.01,5.174381,10.00
1102,25.16,29.8,35.01,15.02087696,10.00
1103,25.16,29.8,35.01,19.95031116,10.00
1104,25.16,14.6,16.04,11.29990125,10.00
1105,25.16,14.6,16.04,10.11714985,10.00
1106,25.16,14.6,16.04,15.09286391,10.00
1107,25.16,14.6,16.04,9.707844784,10.00
1108,25.16,14.6,16.04,21.24195296,10.00
1109,25.16,14.6,16.04,20.71974797,10.00
1110,25.16,14.6,16.04,20.09020096,10.00
1111,25.16,14.6,16.04,14.46570902,10.00
1112,25.16,14.6,16.04,10.121808,10.00
1113,25.16,14.6,16.04,9.572074555,10.00
1114,25.16,14.6,16.04,17.58420401,10.00
1115,25.16,14.6,16.04,23.29872626,10.00
1116,25.16,14.6,16.04,24.75982215,10.00
1117,25.16,14.6,16.04,32.60856975,10.00
1118,25.16,29.8,35.01,31.3320115,10.00
1119,25.16,29.8,35.01,28.88380744,10.00
1120,25.16,29.8,35.01,24.1208053,10.00
1121,25.16,29.8,35.01,19.57041312,10.00
1122,25.16,29.8,35.01,31.88318716,10.00
1123,25.16,29.8,35.01,30.17268058,10.00
1124,25.16,29.8,35.01,24.57666336,10.00
1125,25.16,29.8,35.01,30.75642034,10.00
1126,25.16,29.8,35.01,18.28201811,10.00
1127,25.16,29.8,35.01,25.07554666,10.00
1128,25.16,29.8,35.01,23.18992313,10.00
1129,25.16,29.8,35.01,22.93402562,10.00
1130,25.16,29.8,35.01,22.92343346,10.00
1131,25.16,29.8,16.04,18.76748486,10.00
1132,25.16,29.8,16.04,11.78159803,10.00
1133,25.16,29.8,16.04,9.631549172,10.00
1134,25.16,29.8,16.04,24.62528485,10.00
1135,25.16,29.8,16.04,18.01168729,10.00
1136,25.16,29.8,16.04,24.03862849,10.00
1137,25.16,29.8,35.01,18.79920556,10.00
1138,25.16,29.8,35.01,14.52131457,10.00
1139,25.16,29.8,35.01,21.45142387,10.00
1140,25.16,29.8,35.01,25.56049705,10.00
1141,25.16,29.8,35.01,16.88211699,10.00
1142,25.16,29.8,35.01,16.12646638,10.00
1143,25.16,29.8,35.01,24.14423877,10.00
1144,25.16,29.8,35.01,19.39724445,10.00
1145,25.16,29.8,35.01,20.73017284,10.00
1146,25.16,29.8,35.01,15.14216852,10.00
1147,25.16,29.8,35.01,29.07734359,10.00
1148,25.16,29.8,35.01,14.34127604,10.00
1149,25.16,29.8,35.01,5.13743416,10.00
1150,25.16,29.8,35.01,14.91362279,10.00
1151,25.16,29.8,35.01,19.80785915,10.00
1152,25.16,14.6,16.04,11.23534925,10.00
1153,25.16,14.6,16.04,10.05935446,10.00
1154,25.16,14.6,16.04,15.00664418,10.00
1155,25.16,14.6,16.04,9.652387594,10.00
1156,25.16,14.6,16.04,21.12060584,10.00
1157,25.16,14.6,16.04,20.601384,10.00
1158,25.16,14.6,16.04,19.97543336,10.00
1159,25.16,14.6,16.04,14.38307198,10.00
1160,25.16,14.6,16.04,10.063986,10.00
1161,25.16,14.6,16.04,9.517392968,10.00
1162,25.16,14.6,16.04,17.48375221,10.00
1163,25.16,14.6,16.04,23.16562959,10.00
1164,25.16,14.6,16.04,24.58829482,10.00
1165,25.16,14.6,16.04,32.38266907,10.00
1166,25.16,29.8,35.01,31.11495436,10.00
1167,25.16,29.8,35.01,28.6837106,10.00
1168,25.16,29.8,35.01,23.95370486,10.00
1169,25.16,29.8,35.01,19.43483619,10.00
1170,25.16,29.8,35.01,31.66231167,10.00
1171,25.16,29.8,35.01,29.96365488,10.00
1172,25.16,29.8,35.01,24.40640489,10.00
1173,25.16,29.8,35.01,30.54335069,10.00
1174,25.16,29.8,35.01,18.15536673,10.00
1175,25.16,29.8,35.01,24.90183211,10.00
1176,25.16,29.8,35.01,23.02927151,10.00
1177,25.16,29.8,35.01,22.77514677,10.00
1178,25.16,29.8,35.01,22.76462799,10.00
1179,25.16,29.8,16.04,18.63747034,10.00
1180,25.16,29.8,16.04,11.69997927,10.00
1181,25.16,29.8,16.04,9.564825193,10.00
1182,25.16,29.8,16.04,24.45468955,10.00
1183,25.16,29.8,16.04,17.88690866,10.00
1184,25.16,29.8,16.04,23.87209734,10.00
1185,25.16,29.8,35.01,18.66897129,10.00
1186,25.16,29.8,35.01,14.42071601,10.00
1187,25.16,29.8,35.01,21.30281596,10.00
1188,25.16,29.8,35.01,25.38342293,10.00
1189,25.16,29.8,35.01,16.76516363,10.00
1190,25.16,29.8,35.01,16.0147479,10.00
1191,25.16,29.8,35.01,23.97697599,10.00
1192,25.16,29.8,35.01,19.26286717,10.00
1193,25.16,29.8,35.01,20.5865615,10.00
1194,25.16,29.8,35.01,15.03726891,10.00
1195,25.16,29.8,35.01,28.87590599,10.00
1196,25.16,29.8,35.01,14.25934984,10.00
1197,25.16,29.8,35.01,5.108085972,10.00
1198,25.16,29.8,35.01,14.82842699,10.00
1199,25.16,29.8,35.01,19.69470446,10.00
1200,25.16,14.6,16.04,11.20552283,10.00
1201,25.16,14.6,16.04,10.03264994,10.00
1202,25.16,14.6,16.04,14.96680612,10.00
1203,25.16,14.6,16.04,9.626763451,10.00
1204,25.16,14.6,16.04,21.06453708,10.00
1205,25.16,14.6,16.04,20.54669361,10.00
1206,25.16,14.6,16.04,19.92240468,10.00
1207,25.16,14.6,16.04,14.34488931,10.00
1208,25.16,14.6,16.04,10.03726919,10.00
1209,25.16,14.6,16.04,9.492127194,10.00
1210,25.16,14.6,16.04,17.43733818,10.00
1211,25.16,14.6,16.04,23.10413191,10.00
1212,25.16,14.6,16.04,24.50904016,10.00
1213,25.16,14.6,16.04,32.27829105,10.00
1214,25.16,29.8,35.01,31.01466252,10.00
1215,25.16,29.8,35.01,28.59125532,10.00
1216,25.16,29.8,35.01,23.87649565,10.00
1217,25.16,29.8,35.01,19.3721925,10.00
1218,25.16,29.8,35.01,31.56025556,10.00
1219,25.16,29.8,35.01,29.86707399,10.00
1220,25.16,29.8,35.01,24.32773651,10.00
1221,25.16,29.8,35.01,30.44490129,10.00
1222,25.16,29.8,35.01,18.09684712,10.00
1223,25.16,29.8,35.01,24.82156683,10.00
1224,25.16,29.8,35.01,22.955042,10.00
1225,25.16,29.8,35.01,22.70173637,10.00
1226,25.16,29.8,35.01,22.6912515,10.00
1227,25.16,29.8,16.04,18.57739678,10.00
1228,25.16,29.8,16.04,11.6622671,10.00
1229,25.16,29.8,16.04,9.533995198,10.00
1230,25.16,29.8,16.04,24.37586553,10.00
1231,25.16,29.8,16.04,17.82925436,10.00
1232,25.16,29.8,16.04,23.79515117,10.00
1233,25.16,29.8,35.01,18.60879619,10.00
1234,25.16,29.8,35.01,14.37423418,10.00
1235,25.16,29.8,35.01,21.23415128,10.00
1236,25.16,29.8,35.01,25.30160536,10.00
1237,25.16,29.8,35.01,16.71112502,10.00
1238,25.16,29.8,35.01,15.96312808,10.00
1239,25.16,29.8,35.01,23.89969177,10.00
1240,25.16,29.8,35.01,19.20077779,10.00
1241,25.16,29.8,35.01,20.5202055,10.00
1242,25.16,29.8,35.01,14.98879976,10.00
1243,25.16,29.8,35.01,28.78283121,10.00
1244,25.16,29.8,35.01,14.22149561,10.00
1245,25.16,29.8,35.01,5.094525562,10.00
1246,25.16,29.8,35.01,14.78906204,10.00
1247,25.16,29.8,35.01,19.64242103,10.00
1248,25.16,14.6,16.04,10.86726157,10.00
1249,25.16,14.6,16.04,9.729794214,10.00
1250,25.16,14.6,16.04,14.51500296,10.00
1251,25.16,14.6,16.04,9.336160224,10.00
1252,25.16,14.6,16.04,20.42866164,10.00
1253,25.16,14.6,16.04,19.92645032,10.00
1254,25.16,14.6,16.04,19.32100681,10.00
1255,25.16,14.6,16.04,13.91185996,10.00
1256,25.16,14.6,16.04,9.73427402,10.00
1257,25.16,14.6,16.04,9.205588234,10.00
1258,25.16,14.6,16.04,16.91095704,10.00
1259,25.16,14.6,16.04,22.40668719,10.00
1260,25.16,14.6,16.04,23.61021362,10.00
1261,25.16,14.6,16.04,31.0945407,10.00
1262,25.16,29.8,35.01,29.87725356,10.00
1263,25.16,29.8,35.01,27.54272061,10.00
1264,25.16,29.8,35.01,23.00086658,10.00
1265,25.16,29.8,35.01,18.66175094,10.00
1266,25.16,29.8,35.01,30.40283792,10.00
1267,25.16,29.8,35.01,28.77175084,10.00
1268,25.16,29.8,35.01,23.43555896,10.00
1269,25.16,29.8,35.01,29.32838733,10.00
1270,25.16,29.8,35.01,17.43317663,10.00
1271,25.16,29.8,35.01,23.91127892,10.00
1272,25.16,29.8,35.01,22.11320564,10.00
1273,25.16,29.8,35.01,21.86918956,10.00
1274,25.16,29.8,35.01,21.8590892,10.00
1275,25.16,29.8,16.04,17.89610297,10.00
1276,25.16,29.8,16.04,11.23457368,10.00
1277,25.16,29.8,16.04,9.184352458,10.00
1278,25.16,29.8,16.04,23.48192293,10.00
1279,25.16,29.8,16.04,17.17539738,10.00
1280,25.16,29.8,16.04,22.92250527,10.00
1281,25.16,29.8,35.01,17.92635086,10.00
1282,25.16,29.8,35.01,13.84708407,10.00
1283,25.16,29.8,35.01,20.45542561,10.00
1284,25.16,29.8,35.01,24.37371286,10.00
1285,25.16,29.8,35.01,16.09827349,10.00
1286,25.16,29.8,35.01,15.37770804,10.00
1287,25.16,29.8,35.01,23.02321202,10.00
1288,25.16,29.8,35.01,18.49662256,10.00
1289,25.16,29.8,35.01,19.76766255,10.00
1290,25.16,29.8,35.01,14.43911152,10.00
1291,25.16,29.8,35.01,27.72727079,10.00
1292,25.16,29.8,35.01,13.79219115,10.00
1293,25.16,29.8,35.01,4.940737056,10.00
1294,25.16,29.8,35.01,14.34262444,10.00
1295,25.16,29.8,35.01,19.04947502,10.00
1296,25.16,14.6,16.04,11.27810572,10.00
1297,25.16,14.6,16.04,10.09763564,10.00
1298,25.16,14.6,16.04,15.06375242,10.00
1299,25.16,14.6,16.04,9.689120052,10.00
1300,25.16,14.6,16.04,21.20098096,10.00
1301,25.16,14.6,16.04,20.6797832,10.00
1302,25.16,14.6,16.04,20.05145049,10.00
1303,25.16,14.6,16.04,14.4378072,10.00
1304,25.16,14.6,16.04,10.10228481,10.00
1305,25.16,14.6,16.04,9.5536117,10.00
1306,25.16,14.6,16.04,17.55028716,10.00
1307,25.16,14.6,16.04,23.2537871,10.00
1308,25.16,14.6,16.04,24.70190715,10.00
1309,25.16,14.6,16.04,32.53229597,10.00
1310,25.16,29.8,35.01,31.25872367,10.00
1311,25.16,29.8,35.01,28.81624615,10.00
1312,25.16,29.8,35.01,24.064385,10.00
1313,25.16,29.8,35.01,19.52463652,10.00
1314,25.16,29.8,35.01,31.8086101,10.00
1315,25.16,29.8,35.01,30.10210451,10.00
1316,25.16,29.8,35.01,24.51917678,10.00
1317,25.16,29.8,35.01,30.68447886,10.00
1318,25.16,29.8,35.01,18.23925516,10.00
1319,25.16,29.8,35.01,25.01689316,10.00
1320,25.16,29.8,35.01,23.13568023,10.00
1321,25.16,29.8,35.01,22.88038129,10.00
1322,25.16,29.8,35.01,22.86981391,10.00
1323,25.16,29.8,16.04,18.72358637,10.00
1324,25.16,29.8,16.04,11.75404003,10.00
1325,25.16,29.8,16.04,9.609020288,10.00
1326,25.16,29.8,16.04,24.56768454,10.00
1327,25.16,29.8,16.04,17.96955666,10.00
1328,25.16,29.8,16.04,23.98240041,10.00
1329,25.16,29.8,35.01,18.75523287,10.00
1330,25.16,29.8,35.01,14.48734817,10.00
1331,25.16,29.8,35.01,21.40124745,10.00
1332,25.16,29.8,35.01,25.50070922,10.00
1333,25.16,29.8,35.01,16.84262851,10.00
1334,25.16,29.8,35.01,16.08874542,10.00
1335,25.16,29.8,35.01,24.08776367,10.00
1336,25.16,29.8,35.01,19.3518729,10.00
1337,25.16,29.8,35.01,20.68168348,10.00
1338,25.16,29.8,35.01,15.1067499,10.00
1339,25.16,29.8,35.01,29.00932959,10.00
1340,25.16,29.8,35.01,14.31361423,10.00
1341,25.16,29.8,35.01,5.12752495,10.00
1342,25.16,29.8,35.01,14.88485702,10.00
1343,25.16,29.8,35.01,19.76965326,10.00
1344,25.16,14.6,16.04,11.10552982,10.00
1345,25.16,14.6,16.04,9.943123121,10.00
1346,25.16,14.6,16.04,14.83324912,10.00
1347,25.16,14.6,16.04,9.540858578,10.00
1348,25.16,14.6,16.04,20.8765667,10.00
1349,25.16,14.6,16.04,20.36334423,10.00
1350,25.16,14.6,16.04,19.74462617,10.00
1351,25.16,14.6,16.04,14.21688202,10.00
1352,25.16,14.6,16.04,9.947701149,10.00
1353,25.16,14.6,16.04,9.407423754,10.00
1354,25.16,14.6,16.04,17.28173528,10.00
1355,25.16,14.6,16.04,22.89796111,10.00
1356,25.16,14.6,16.04,24.24333912,10.00
1357,25.16,14.6,16.04,31.92836403,10.00
1358,25.16,29.8,35.01,30.67843442,10.00
1359,25.16,29.8,35.01,28.28129922,10.00
1360,25.16,29.8,35.01,23.61765198,10.00
1361,25.16,29.8,35.01,19.16217972,10.00
1362,25.16,29.8,35.01,31.21811271,10.00
1363,25.16,29.8,35.01,29.54328682,10.00
1364,25.16,29.8,35.01,24.06400097,10.00
1365,25.16,29.8,35.01,30.11484993,10.00
1366,25.16,29.8,35.01,17.90066028,10.00
1367,25.16,29.8,35.01,24.55247771,10.00
1368,25.16,29.8,35.01,22.70618776,10.00
1369,25.16,29.8,35.01,22.4556282,10.00
1370,25.16,29.8,35.01,22.44525699,10.00
1371,25.16,29.8,16.04,18.37600033,10.00
1372,25.16,29.8,16.04,11.53583716,10.00
1373,25.16,29.8,16.04,9.430637725,10.00
1374,25.16,29.8,16.04,24.11160823,10.00
1375,25.16,29.8,16.04,17.63596848,10.00
1376,25.16,29.8,16.04,23.53718936,10.00
1377,25.16,29.8,35.01,18.40705934,10.00
1378,25.16,29.8,35.01,14.21840397,10.00
1379,25.16,29.8,35.01,21.00395311,10.00
1380,25.16,29.8,35.01,25.02731217,10.00
1381,25.16,29.8,35.01,16.52996071,10.00
1382,25.16,29.8,35.01,15.79007276,10.00
1383,25.16,29.8,35.01,23.64059664,10.00
1384,25.16,29.8,35.01,18.9926233,10.00
1385,25.16,29.8,35.01,20.29774718,10.00
1386,25.16,29.8,35.01,14.82630708,10.00
1387,25.16,29.8,35.01,28.47079826,10.00
1388,25.16,29.8,35.01,14.09458943,10.00
1389,25.16,29.8,35.01,5.049064325,10.00
1390,25.16,29.8,35.01,14.65709115,10.00
1391,25.16,29.8,35.01,19.46714097,10.00
1392,25.16,14.6,16.04,11.11123162,10.00
1393,25.16,14.6,16.04,9.948228122,10.00
1394,25.16,14.6,16.04,14.84086482,10.00
1395,25.16,14.6,16.04,9.545757048,10.00
1396,25.16,14.6,16.04,20.88728515,10.00
1397,25.16,14.6,16.04,20.37379919,10.00
1398,25.16,14.6,16.04,19.75476346,10.00
1399,25.16,14.6,16.04,14.22418126,10.00
1400,25.16,14.6,16.04,9.9528085,10.00
1401,25.16,14.6,16.04,9.412253716,10.00
1402,25.16,14.6,16.04,17.29060807,10.00
1403,25.16,14.6,16.04,22.90971739,10.00
1404,25.16,14.6,16.04,24.25848993,10.00
1405,25.16,14.6,16.04,31.94831758,10.00
1406,25.16,29.8,35.01,30.69760683,10.00
1407,25.16,29.8,35.01,28.29897355,10.00
1408,25.16,29.8,35.01,23.63241178,10.00
1409,25.16,29.8,35.01,19.17415508,10.00
1410,25.16,29.8,35.01,31.23762239,10.00
1411,25.16,29.8,35.01,29.56174982,10.00
1412,25.16,29.8,35.01,24.07903971,10.00
1413,25.16,29.8,35.01,30.13367013,10.00
1414,25.16,29.8,35.01,17.91184725,10.00
1415,25.16,29.8,35.01,24.56782172,10.00
1416,25.16,29.8,35.01,22.72037793,10.00
1417,25.16,29.8,35.01,22.46966179,10.00
1418,25.16,29.8,35.01,22.4592841,10.00
1419,25.16,29.8,16.04,18.38748436,10.00
1420,25.16,29.8,16.04,11.54304645,10.00
1421,25.16,29.8,16.04,9.436531378,10.00
1422,25.16,29.8,16.04,24.12667672,10.00
1423,25.16,29.8,16.04,17.64699003,10.00
1424,25.16,29.8,16.04,23.55189886,10.00
1425,25.16,29.8,35.01,18.41856279,10.00
1426,25.16,29.8,35.01,14.22728972,10.00
1427,25.16,29.8,35.01,21.01707948,10.00
1428,25.16,29.8,35.01,25.04295292,10.00
1429,25.16,29.8,35.01,16.54029107,10.00
1430,25.16,29.8,35.01,15.79994073,10.00
1431,25.16,29.8,35.01,23.65537077,10.00
1432,25.16,29.8,35.01,19.0044927,10.00
1433,25.16,29.8,35.01,20.3104322,10.00
1434,25.16,29.8,35.01,14.83557274,10.00
1435,25.16,29.8,35.01,28.48859101,10.00
1436,25.16,29.8,35.01,14.10182588,10.00
1437,25.16,29.8,35.01,5.051656617,10.00
1438,25.16,29.8,35.01,14.6646164,10.00
1439,25.16,29.8,35.01,19.47713579,10.00
1440,25.16,14.6,16.04,10.52594135,10.00
1441,25.16,14.6,16.04,9.424199704,10.00
1442,25.16,14.6,16.04,14.05911405,10.00
1443,25.16,14.6,16.04,9.042929016,10.00
1444,25.16,14.6,16.04,19.78703585,10.00
1445,25.16,14.6,16.04,19.30059805,10.00
1446,25.16,14.6,16.04,18.71417037,10.00
1447,25.16,14.6,16.04,13.47491464,10.00
1448,25.16,14.6,16.04,9.428538808,10.00
1449,25.16,14.6,16.04,8.916458046,10.00
1450,25.16,14.6,16.04,16.37981573,10.00
1451,25.16,14.6,16.04,21.70293535,10.00
1452,25.16,14.6,16.04,22.70325881,10.00
1453,25.16,14.6,16.04,29.90008547,10.00
1454,25.16,29.8,35.01,28.72955879,10.00
1455,25.16,29.8,35.01,26.4847038,10.00
1456,25.16,29.8,35.01,22.11731902,10.00
1457,25.16,29.8,35.01,17.94488471,10.00
1458,25.16,29.8,35.01,29.23495352,10.00
1459,25.16,29.8,35.01,27.66652248,10.00
1460,25.16,29.8,35.01,22.53531328,10.00
1461,25.16,29.8,35.01,28.20177652,10.00
1462,25.16,29.8,35.01,16.76350444,10.00
1463,25.16,29.8,35.01,22.99275909,10.00
1464,25.16,29.8,35.01,21.26375639,10.00
1465,25.16,29.8,35.01,21.02911386,10.00
1466,25.16,29.8,35.01,21.0194015,10.00
1467,25.16,29.8,16.04,17.20864808,10.00
1468,25.16,29.8,16.04,10.80301255,10.00
1469,25.16,29.8,16.04,8.83154783,10.00
1470,25.16,29.8,16.04,22.57989624,10.00
1471,25.16,29.8,16.04,16.51562744,10.00
1472,25.16,29.8,16.04,22.04196786,10.00
1473,25.16,29.8,35.01,17.23773404,10.00
1474,25.16,29.8,35.01,13.31516684,10.00
1475,25.16,29.8,35.01,19.66965776,10.00
1476,25.16,29.8,35.01,23.43742925,10.00
1477,25.16,29.8,35.01,15.47987982,10.00
1478,25.16,29.8,35.01,14.78699393,10.00
1479,25.16,29.8,35.01,22.1388061,10.00
1480,25.16,29.8,35.01,17.78609952,10.00
1481,25.16,29.8,35.01,19.00831421,10.00
1482,25.16,29.8,35.01,13.88445235,10.00
1483,25.16,29.8,35.01,26.66216473,10.00
1484,25.16,29.8,35.01,13.3590044,10.00
1485,25.16,29.8,35.01,4.785557811,10.00
1486,25.16,29.8,35.01,13.89214962,10.00
1487,25.16,29.8,35.01,18.45116689,10.00
1488,25.16,14.6,16.04,11.4240943,10.00
1489,25.16,14.6,16.04,10.22834372,10.00
1490,25.16,14.6,16.04,15.25874403,10.00
1491,25.16,14.6,16.04,9.814540135,10.00
1492,25.16,14.6,16.04,21.47541545,10.00
1493,25.16,14.6,16.04,20.94747109,10.00
1494,25.16,14.6,16.04,20.31100497,10.00
1495,25.16,14.6,16.04,14.62469631,10.00
1496,25.16,14.6,16.04,10.23305307,10.00
1497,25.16,14.6,16.04,9.677277705,10.00
1498,25.16,14.6,16.04,17.77746553,10.00
1499,25.16,14.6,16.04,23.55479399,10.00
1500,25.16,14.6,16.04,25.08982748,10.00
1501,25.16,14.6,16.04,33.04318523,10.00
1502,25.16,29.8,35.01,31.74961267,10.00
1503,25.16,29.8,35.01,29.26877832,10.00
1504,25.16,29.8,35.01,24.44229365,10.00
1505,25.16,29.8,35.01,19.83125266,10.00
1506,25.16,29.8,35.01,32.30813455,10.00
1507,25.16,29.8,35.01,30.57482989,10.00
1508,25.16,29.8,35.01,24.9042275,10.00
1509,25.16,29.8,35.01,31.16634988,10.00
1510,25.16,29.8,35.01,18.52568559,10.00
1511,25.16,29.8,35.01,25.40976005,10.00
1512,25.16,29.8,35.01,23.49900444,10.00
1513,25.16,29.8,35.01,23.23969626,10.00
1514,25.16,29.8,35.01,23.22896293,10.00
1515,25.16,29.8,16.04,19.01762277,10.00
1516,25.16,29.8,16.04,11.93862623,10.00
1517,25.16,29.8,16.04,9.759920957,10.00
1518,25.16,29.8,16.04,24.95349703,10.00
1519,25.16,29.8,16.04,18.25175172,10.00
1520,25.16,29.8,16.04,24.35902156,10.00
1521,25.16,29.8,35.01,19.04976625,10.00
1522,25.16,29.8,35.01,14.71485841,10.00
1523,25.16,29.8,35.01,21.73733401,10.00
1524,25.16,29.8,35.01,25.90117398,10.00
1525,25.16,29.8,35.01,17.10712623,10.00
1526,25.16,29.8,35.01,16.34140411,10.00
1527,25.16,29.8,35.01,24.46603945,10.00
1528,25.16,29.8,35.01,19.65577595,10.00
1529,25.16,29.8,35.01,21.00646996,10.00
1530,25.16,29.8,35.01,15.34398726,10.00
1531,25.16,29.8,35.01,29.46489396,10.00
1532,25.16,29.8,35.01,14.49889573,10.00
1533,25.16,29.8,35.01,5.193897809,10.00
1534,25.16,29.8,35.01,15.07753293,10.00
1535,25.16,29.8,35.01,20.02556005,10.00
1536,25.16,14.6,16.04,10.87961685,10.00
1537,25.16,14.6,16.04,9.740856276,10.00
1538,25.16,14.6,16.04,14.53150545,10.00
1539,25.16,14.6,16.04,9.346774752,10.00
1540,25.16,14.6,16.04,20.45188753,10.00
1541,25.16,14.6,16.04,19.94910523,10.00
1542,25.16,14.6,16.04,19.34297337,10.00
1543,25.16,14.6,16.04,13.92767673,10.00
1544,25.16,14.6,16.04,9.745341175,10.00
1545,25.16,14.6,16.04,9.216054311,10.00
1546,25.16,14.6,16.04,16.93018355,10.00
1547,25.16,14.6,16.04,22.43216195,10.00
1548,25.16,14.6,16.04,23.64304402,10.00
1549,25.16,14.6,16.04,31.13777819,10.00
1550,25.16,29.8,35.01,29.91879838,10.00
1551,25.16,29.8,35.01,27.58101923,10.00
1552,25.16,29.8,35.01,23.03284967,10.00
1553,25.16,29.8,35.01,18.68770042,10.00
1554,25.16,29.8,35.01,30.44511358,10.00
1555,25.16,29.8,35.01,28.81175845,10.00
1556,25.16,29.8,35.01,23.4681465,10.00
1557,25.16,29.8,35.01,29.36916895,10.00
1558,25.16,29.8,35.01,17.45741776,10.00
1559,25.16,29.8,35.01,23.94452795,10.00
1560,25.16,29.8,35.01,22.14395442,10.00
1561,25.16,29.8,35.01,21.89959904,10.00
1562,25.16,29.8,35.01,21.88948463,10.00
1563,25.16,29.8,16.04,17.9209878,10.00
1564,25.16,29.8,16.04,11.25019555,10.00
1565,25.16,29.8,16.04,9.197123454,10.00
1566,25.16,29.8,16.04,23.51457494,10.00
1567,25.16,29.8,16.04,17.19928006,10.00
1568,25.16,29.8,16.04,22.9543794,10.00
1569,25.16,29.8,35.01,17.95127775,10.00
1570,25.16,29.8,35.01,13.86633867,10.00
1571,25.16,29.8,35.01,20.48386922,10.00
1572,25.16,29.8,35.01,24.40760492,10.00
1573,25.16,29.8,35.01,16.12065841,10.00
1574,25.16,29.8,35.01,15.399091,10.00
1575,25.16,29.8,35.01,23.05522619,10.00
1576,25.16,29.8,35.01,18.52234243,10.00
1577,25.16,29.8,35.01,19.79514982,10.00
1578,25.16,29.8,35.01,14.45918935,10.00
1579,25.16,29.8,35.01,27.76582603,10.00
1580,25.16,29.8,35.01,13.80787186,10.00
1581,25.16,29.8,35.01,4.946354311,10.00
1582,25.16,29.8,35.01,14.35893095,10.00
1583,25.16,29.8,35.01,19.07113288,10.00
1584,25.16,14.6,16.04,10.77939293,10.00
1585,25.16,14.6,16.04,9.651122712,10.00
1586,25.16,14.6,16.04,14.39764003,10.00
1587,25.16,14.6,16.04,9.2606715,10.00
1588,25.16,14.6,16.04,20.26348307,10.00
1589,25.16,14.6,16.04,19.76533244,10.00
1590,25.16,14.6,16.04,19.16478432,10.00
1591,25.16,14.6,16.04,13.79937383,10.00
1592,25.16,14.6,16.04,9.655566297,10.00
1593,25.16,14.6,16.04,9.131155267,10.00
1594,25.16,14.6,16.04,16.77422132,10.00
1595,25.16,14.6,16.04,22.22551505,10.00
1596,25.16,14.6,16.04,23.37672939,10.00
1597,25.16,14.6,16.04,30.78704308,10.00
1598,25.16,29.8,35.01,29.58179383,10.00
1599,25.16,29.8,35.01,27.27034736,10.00
1600,25.16,29.8,35.01,22.77340826,10.00
1601,25.16,29.8,35.01,18.47720265,10.00
1602,25.16,29.8,35.01,30.10218062,10.00
1603,25.16,29.8,35.01,28.48722356,10.00
1604,25.16,29.8,35.01,23.20380192,10.00
1605,25.16,29.8,35.01,29.0383554,10.00
1606,25.16,29.8,35.01,17.26077786,10.00
1607,25.16,29.8,35.01,23.67481742,10.00
1608,25.16,29.8,35.01,21.89452551,10.00
1609,25.16,29.8,35.01,21.65292253,10.00
1610,25.16,29.8,35.01,21.64292206,10.00
1611,25.16,29.8,16.04,17.71912627,10.00
1612,25.16,29.8,16.04,11.12347364,10.00
1613,25.16,29.8,16.04,9.093527299,10.00
1614,25.16,29.8,16.04,23.24970739,10.00
1615,25.16,29.8,16.04,17.00554782,10.00
1616,25.16,29.8,16.04,22.69582187,10.00
1617,25.16,29.8,35.01,17.74907503,10.00
1618,25.16,29.8,35.01,13.7101486,10.00
1619,25.16,29.8,35.01,20.25313946,10.00
1620,25.16,29.8,35.01,24.1326783,10.00
1621,25.16,29.8,35.01,15.93907574,10.00
1622,25.16,29.8,35.01,15.22563605,10.00
1623,25.16,29.8,35.01,22.79553273,10.00
1624,25.16,29.8,35.01,18.31370725,10.00
1625,25.16,29.8,35.01,19.57217777,10.00
1626,25.16,29.8,35.01,14.29632142,10.00
1627,25.16,29.8,35.01,27.4530725,10.00
1628,25.16,29.8,35.01,13.68067262,10.00
1629,25.16,29.8,35.01,4.900788092,10.00
1630,25.16,29.8,35.01,14.22665531,10.00
1631,25.16,29.8,35.01,18.89544804,10.00
1632,25.16,14.6,16.04,11.22684262,10.00
1633,25.16,14.6,16.04,10.05173821,10.00
1634,25.16,14.6,16.04,14.99528219,10.00
1635,25.16,14.6,16.04,9.645079478,10.00
1636,25.16,14.6,16.04,21.10461479,10.00
1637,25.16,14.6,16.04,20.58578607,10.00
1638,25.16,14.6,16.04,19.96030935,10.00
1639,25.16,14.6,16.04,14.37218212,10.00
1640,25.16,14.6,16.04,10.05636625,10.00
1641,25.16,14.6,16.04,9.51018706,10.00
1642,25.16,14.6,16.04,17.47051473,10.00
1643,25.16,14.6,16.04,23.14809018,10.00
1644,25.16,14.6,16.04,24.56569105,10.00
1645,25.16,14.6,16.04,32.35290001,10.00
1646,25.16,29.8,35.01,31.08635069,10.00
1647,25.16,29.8,35.01,28.65734196,10.00
1648,25.16,29.8,35.01,23.93168446,10.00
1649,25.16,29.8,35.01,19.41696994,10.00
1650,25.16,29.8,35.01,31.63320483,10.00
1651,25.16,29.8,35.01,29.93610959,10.00
1652,25.16,29.8,35.01,24.38396833,10.00
1653,25.16,29.8,35.01,30.5152725,10.00
1654,25.16,29.8,35.01,18.13867668,10.00
1655,25.16,29.8,35.01,24.87894011,10.00
1656,25.16,29.8,35.01,23.00810093,10.00
1657,25.16,29.8,35.01,22.75420981,10.00
1658,25.16,29.8,35.01,22.7437007,10.00
1659,25.16,29.8,16.04,18.6203371,10.00
1660,25.16,29.8,16.04,11.6892236,10.00
1661,25.16,29.8,16.04,9.556032345,10.00
1662,25.16,29.8,16.04,24.4322086,10.00
1663,25.16,29.8,16.04,17.87046541,10.00
1664,25.16,29.8,16.04,23.85015196,10.00
1665,25.16,29.8,35.01,18.65180909,10.00
1666,25.16,29.8,35.01,14.4074592,10.00
1667,25.16,29.8,35.01,21.2832325,10.00
1668,25.16,29.8,35.01,25.36008821,10.00
1669,25.16,29.8,35.01,16.74975159,10.00
1670,25.16,29.8,35.01,16.00002571,10.00
1671,25.16,29.8,35.01,23.9549342,10.00
1672,25.16,29.8,35.01,19.24515901,10.00
1673,25.16,29.8,35.01,20.56763649,10.00
1674,25.16,29.8,35.01,15.0234453,10.00
1675,25.16,29.8,35.01,28.84936067,10.00
1676,25.16,29.8,35.01,14.24855365,10.00
1677,25.16,29.8,35.01,5.104218484,10.00
1678,25.16,29.8,35.01,14.81719993,10.00
1679,25.16,29.8,35.01,19.679793,10.00
1680,25.16,14.6,16.04,11.51735953,10.00
1681,25.16,14.6,16.04,10.31184695,10.00
1682,25.16,14.6,16.04,15.38331497,10.00
1683,25.16,14.6,16.04,9.89466511,10.00
1684,25.16,14.6,16.04,21.65073871,10.00
1685,25.16,14.6,16.04,21.11848426,10.00
1686,25.16,14.6,16.04,20.47682209,10.00
1687,25.16,14.6,16.04,14.74409094,10.00
1688,25.16,14.6,16.04,10.31659475,10.00
1689,25.16,14.6,16.04,9.756282083,10.00
1690,25.16,14.6,16.04,17.92259907,10.00
1691,25.16,14.6,16.04,23.7470931,10.00
1692,25.16,14.6,16.04,25.33765148,10.00
1693,25.16,14.6,16.04,33.36956828,10.00
1694,25.16,29.8,35.01,32.0632185,10.00
1695,25.16,29.8,35.01,29.55787978,10.00
1696,25.16,29.8,35.01,24.68372165,10.00
1697,25.16,29.8,35.01,20.02713525,10.00
1698,25.16,29.8,35.01,32.62725716,10.00
1699,25.16,29.8,35.01,30.87683183,10.00
1700,25.16,29.8,35.01,25.15021825,10.00
1701,25.16,29.8,35.01,31.47419455,10.00
1702,25.16,29.8,35.01,18.70867248,10.00
1703,25.16,29.8,35.01,25.66074418,10.00
1704,25.16,29.8,35.01,23.73111513,10.00
1705,25.16,29.8,35.01,23.46924565,10.00
1706,25.16,29.8,35.01,23.4584063,10.00
1707,25.16,29.8,16.04,19.20546875,10.00
1708,25.16,29.8,16.04,12.05654964,10.00
1709,25.16,29.8,16.04,9.856324277,10.00
1710,25.16,29.8,16.04,25.19997443,10.00
1711,25.16,29.8,16.04,18.43203284,10.00
1712,25.16,29.8,16.04,24.59962705,10.00
1713,25.16,29.8,35.01,19.23792973,10.00
1714,25.16,29.8,35.01,14.86020397,10.00
1715,25.16,29.8,35.01,21.95204386,10.00
1716,25.16,29.8,35.01,26.15701204,10.00
1717,25.16,29.8,35.01,17.27610134,10.00
1718,25.16,29.8,35.01,16.50281582,10.00
1719,25.16,29.8,35.01,24.707702,10.00
1720,25.16,29.8,35.01,19.84992528,10.00
1721,25.16,29.8,35.01,21.21396072,10.00
1722,25.16,29.8,35.01,15.49554703,10.00
1723,25.16,29.8,35.01,29.75593255,10.00
1724,25.16,29.8,35.01,14.61726334,10.00
1725,25.16,29.8,35.01,5.236300299,10.00
1726,25.16,29.8,35.01,15.20062448,10.00
1727,25.16,29.8,35.01,20.18904682,10.00
1728,25.16,14.6,16.04,11.67198886,10.00
1729,25.16,14.6,16.04,10.45029135,10.00
1730,25.16,14.6,16.04,15.5898477,10.00
1731,25.16,14.6,16.04,10.02750853,10.00
1732,25.16,14.6,16.04,21.94141638,10.00
1733,25.16,14.6,16.04,21.40201601,10.00
1734,25.16,14.6,16.04,20.75173903,10.00
1735,25.16,14.6,16.04,14.9420416,10.00
1736,25.16,14.6,16.04,10.45510289,10.00
1737,25.16,14.6,16.04,9.887267604,10.00
1738,25.16,14.6,16.04,18.16322362,10.00
1739,25.16,14.6,16.04,24.06591592,10.00
1740,25.16,14.6,16.04,25.74853195,10.00
1741,25.16,14.6,16.04,33.91069594,10.00
1742,25.16,29.8,35.01,32.58316212,10.00
1743,25.16,29.8,35.01,30.03719633,10.00
1744,25.16,29.8,35.01,25.08399787,10.00
1745,25.16,29.8,35.01,20.35189932,10.00
1746,25.16,29.8,35.01,33.15634735,10.00
1747,25.16,29.8,35.01,31.37753677,10.00
1748,25.16,29.8,35.01,25.55805926,10.00
1749,25.16,29.8,35.01,31.98458644,10.00
1750,25.16,29.8,35.01,19.01205609,10.00
1751,25.16,29.8,35.01,26.07686399,10.00
1752,25.16,29.8,35.01,24.11594369,10.00
1753,25.16,29.8,35.01,23.84982768,10.00
1754,25.16,29.8,35.01,23.83881255,10.00
1755,25.16,29.8,16.04,19.51690851,10.00
1756,25.16,29.8,16.04,12.25206108,10.00
1757,25.16,29.8,16.04,10.01615642,10.00
1758,25.16,29.8,16.04,25.6086223,10.00
1759,25.16,29.8,16.04,18.73093041,10.00
1760,25.16,29.8,16.04,24.99853957,10.00
1761,25.16,29.8,35.01,19.54989588,10.00
1762,25.16,29.8,35.01,15.10118004,10.00
1763,25.16,29.8,35.01,22.30802264,10.00
1764,25.16,29.8,35.01,26.58117943,10.00
1765,25.16,29.8,35.01,17.55625409,10.00
1766,25.16,29.8,35.01,16.77042882,10.00
1767,25.16,29.8,35.01,25.10836709,10.00
1768,25.16,29.8,35.01,20.17181567,10.00
1769,25.16,29.8,35.01,21.55797059,10.00
1770,25.16,29.8,35.01,15.74682595,10.00
1771,25.16,29.8,35.01,30.23846076,10.00
1772,25.16,29.8,35.01,14.81351124,10.00
1773,25.16,29.8,35.01,5.30660162,10.00
1774,25.16,29.8,35.01,15.40470444,10.00
1775,25.16,29.8,35.01,20.46010016,10.00
1776,25.16,14.6,16.04,11.31977187,10.00
1777,25.16,14.6,16.04,10.13494063,10.00
1778,25.16,14.6,16.04,15.11940437,10.00
1779,25.16,14.6,16.04,9.724915809,10.00
1780,25.16,14.6,16.04,21.27930645,10.00
1781,25.16,14.6,16.04,20.75618317,10.00
1782,25.16,14.6,16.04,20.12552913,10.00
1783,25.16,14.6,16.04,14.49114664,10.00
1784,25.16,14.6,16.04,10.13960697,10.00
1785,25.16,14.6,16.04,9.58890683,10.00
1786,25.16,14.6,16.04,17.61512543,10.00
1787,25.16,14.6,16.04,23.33969654,10.00
1788,25.16,14.6,16.04,24.81262229,10.00
1789,25.16,14.6,16.04,32.67810729,10.00
1790,25.16,29.8,35.01,31.39882678,10.00
1791,25.16,29.8,35.01,28.94540195,10.00
1792,25.16,29.8,35.01,24.17224274,10.00
1793,25.16,29.8,35.01,19.61214688,10.00
1794,25.16,29.8,35.01,31.95117782,10.00
1795,25.16,29.8,35.01,30.23702359,10.00
1796,25.16,29.8,35.01,24.62907291,10.00
1797,25.16,29.8,35.01,30.82200817,10.00
1798,25.16,29.8,35.01,18.32100438,10.00
1799,25.16,29.8,35.01,25.12902008,10.00
1800,25.16,29.8,35.01,23.23937547,10.00
1801,25.16,29.8,35.01,22.98293226,10.00
1802,25.16,29.8,35.01,22.97231752,10.00
1803,25.16,29.8,16.04,18.80750638,10.00
1804,25.16,29.8,16.04,11.8067222,10.00
1805,25.16,29.8,16.04,9.652088379,10.00
1806,25.16,29.8,16.04,24.67779808,10.00
1807,25.16,29.8,16.04,18.05009708,10.00
1808,25.16,29.8,16.04,24.08989068,10.00
1809,25.16,29.8,35.01,18.83929473,10.00
1810,25.16,29.8,35.01,14.55228116,10.00
1811,25.16,29.8,35.01,21.49716887,10.00
1812,25.16,29.8,35.01,25.61500462,10.00
1813,25.16,29.8,35.01,16.91811798,10.00
1814,25.16,29.8,35.01,16.16085595,10.00
1815,25.16,29.8,35.01,24.19572618,10.00
1816,25.16,29.8,35.01,19.43860893,10.00
1817,25.16,29.8,35.01,20.77437978,10.00
1818,25.16,29.8,35.01,15.17445908,10.00
1819,25.16,29.8,35.01,29.13935081,10.00
1820,25.16,29.8,35.01,14.36649485,10.00
1821,25.16,29.8,35.01,5.146468222,10.00
1822,25.16,29.8,35.01,14.93984805,10.00
1823,25.16,29.8,35.01,19.84269082,10.00
1824,25.16,14.6,16.04,10.86288151,10.00
1825,25.16,14.6,16.04,9.725872613,10.00
1826,25.16,14.6,16.04,14.50915267,10.00
1827,25.16,14.6,16.04,9.332397277,10.00
1828,25.16,14.6,16.04,20.42042785,10.00
1829,25.16,14.6,16.04,19.91841895,10.00
1830,25.16,14.6,16.04,19.31321946,10.00
1831,25.16,14.6,16.04,13.90625278,10.00
1832,25.16,14.6,16.04,9.730350614,10.00
1833,25.16,14.6,16.04,9.201877914,10.00
1834,25.16,14.6,16.04,16.90414106,10.00
1835,25.16,14.6,16.04,22.39765616,10.00
1836,25.16,14.6,16.04,23.59857494,10.00
1837,25.16,14.6,16.04,31.07921262,10.00
1838,25.16,29.8,35.01,29.86252554,10.00
1839,25.16,29.8,35.01,27.5291434,10.00
1840,25.16,29.8,35.01,22.98952828,10.00
1841,25.16,29.8,35.01,18.65255161,10.00
1842,25.16,29.8,35.01,30.38785081,10.00
1843,25.16,29.8,35.01,28.75756779,10.00
1844,25.16,29.8,35.01,23.42400639,10.00
1845,25.16,29.8,35.01,29.31392988,10.00
1846,25.16,29.8,35.01,17.42458293,10.00
1847,25.16,29.8,35.01,23.89949183,10.00
1848,25.16,29.8,35.01,22.10230492,10.00
1849,25.16,29.8,35.01,21.85840912,10.00
1850,25.16,29.8,35.01,21.84831374,10.00
1851,25.16,29.8,16.04,17.88728107,10.00
1852,25.16,29.8,16.04,11.22903559,10.00
1853,25.16,29.8,16.04,9.179825024,10.00
1854,25.16,29.8,16.04,23.4703475,10.00
1855,25.16,29.8,16.04,17.16693075,10.00
1856,25.16,29.8,16.04,22.9112056,10.00
1857,25.16,29.8,35.01,17.91751405,10.00
1858,25.16,29.8,35.01,13.84025814,10.00
1859,25.16,29.8,35.01,20.44534209,10.00
1860,25.16,29.8,35.01,24.36169782,10.00
1861,25.16,29.8,35.01,16.09033783,10.00
1862,25.16,29.8,35.01,15.37012759,10.00
1863,25.16,29.8,35.01,23.01186271,10.00
1864,25.16,29.8,35.01,18.48750464,10.00
1865,25.16,29.8,35.01,19.75791806,10.00
1866,25.16,29.8,35.01,14.43199375,10.00
1867,25.16,29.8,35.01,27.71360261,10.00
1868,25.16,29.8,35.01,13.7866322,10.00
1869,25.16,29.8,35.01,4.938745688,10.00
1870,25.16,29.8,35.01,14.33684363,10.00
1871,25.16,29.8,35.01,19.04179712,10.00
1872,25.16,14.6,16.04,11.30683063,10.00
1873,25.16,14.6,16.04,10.12335394,10.00
1874,25.16,14.6,16.04,15.10211923,10.00
1875,25.16,14.6,16.04,9.713797875,10.00
1876,25.16,14.6,16.04,21.25497905,10.00
1877,25.16,14.6,16.04,20.73245383,10.00
1878,25.16,14.6,16.04,20.10252077,10.00
1879,25.16,14.6,16.04,14.47457975,10.00
1880,25.16,14.6,16.04,10.12801495,10.00
1881,25.16,14.6,16.04,9.577944388,10.00
1882,25.16,14.6,16.04,17.59498708,10.00
1883,25.16,14.6,16.04,23.31301362,10.00
1884,25.16,14.6,16.04,24.77823487,10.00
1885,25.16,14.6,16.04,32.63281922,10.00
1886,25.16,29.8,35.01,31.35531165,10.00
1887,25.16,29.8,35.01,28.90528698,10.00
1888,25.16,29.8,35.01,24.13874281,10.00
1889,25.16,29.8,35.01,19.58496672,10.00
1890,25.16,29.8,35.01,31.9068972,10.00
1891,25.16,29.8,35.01,30.19511859,10.00
1892,25.16,29.8,35.01,24.59493987,10.00
1893,25.16,29.8,35.01,30.77929245,10.00
1894,25.16,29.8,35.01,18.29561359,10.00
1895,25.16,29.8,35.01,25.09419417,10.00
1896,25.16,29.8,35.01,23.20716839,10.00
1897,25.16,29.8,35.01,22.95108058,10.00
1898,25.16,29.8,35.01,22.94048055,10.00
1899,25.16,29.8,16.04,18.78144136,10.00
1900,25.16,29.8,16.04,11.79035946,10.00
1901,25.16,29.8,16.04,9.638711704,10.00
1902,25.16,29.8,16.04,24.64359752,10.00
1903,25.16,29.8,16.04,18.02508173,10.00
1904,25.16,29.8,16.04,24.05650489,10.00
1905,25.16,29.8,35.01,18.81318565,10.00
1906,25.16,29.8,35.01,14.53211339,10.00
1907,25.16,29.8,35.01,21.46737629,10.00
1908,25.16,29.8,35.01,25.5795052,10.00
1909,25.16,29.8,35.01,16.89467143,10.00
1910,25.16,29.8,35.01,16.13845888,10.00
1911,25.16,29.8,35.01,24.16219371,10.00
1912,25.16,29.8,35.01,19.41166927,10.00
1913,25.16,29.8,35.01,20.7455889,10.00
1914,25.16,29.8,35.01,15.15342904,10.00
1915,25.16,29.8,35.01,29.09896705,10.00
1916,25.16,29.8,35.01,14.35007047,10.00
1917,25.16,29.8,35.01,5.140584562,10.00
1918,25.16,29.8,35.01,14.92276819,10.00
1919,25.16,29.8,35.01,19.82000582,10.00
1920,25.16,14.6,16.04,11.37464699,10.00
1921,25.16,14.6,16.04,10.18407202,10.00
1922,25.16,14.6,16.04,15.19269907,10.00
1923,25.16,14.6,16.04,9.772059515,10.00
1924,25.16,14.6,16.04,21.38246266,10.00
1925,25.16,14.6,16.04,20.85680342,10.00
1926,25.16,14.6,16.04,20.22309213,10.00
1927,25.16,14.6,16.04,14.56139572,10.00
1928,25.16,14.6,16.04,10.18876099,10.00
1929,25.16,14.6,16.04,9.635391202,10.00
1930,25.16,14.6,16.04,17.7005187,10.00
1931,25.16,14.6,16.04,23.45284095,10.00
1932,25.16,14.6,16.04,24.95843627,10.00
1933,25.16,14.6,16.04,32.87014362,10.00
1934,25.16,29.8,35.01,31.58334528,10.00
1935,25.16,29.8,35.01,29.11550265,10.00
1936,25.16,29.8,35.01,24.31429346,10.00
1937,25.16,29.8,35.01,19.72739972,10.00
1938,25.16,29.8,35.01,32.13894228,10.00
1939,25.16,29.8,35.01,30.41471464,10.00
1940,25.16,29.8,35.01,24.77380825,10.00
1941,25.16,29.8,35.01,31.00313695,10.00
1942,25.16,29.8,35.01,18.42866968,10.00
1943,25.16,29.8,35.01,25.27669341,10.00
1944,25.16,29.8,35.01,23.3759441,10.00
1945,25.16,29.8,35.01,23.11799388,10.00
1946,25.16,29.8,35.01,23.10731676,10.00
1947,25.16,29.8,16.04,18.91803067,10.00
1948,25.16,29.8,16.04,11.87610565,10.00
1949,25.16,29.8,16.04,9.708809891,10.00
1950,25.16,29.8,16.04,24.82281976,10.00
1951,25.16,29.8,16.04,18.15617037,10.00
1952,25.16,29.8,16.04,24.23145746,10.00
1953,25.16,29.8,35.01,18.95000582,10.00
1954,25.16,29.8,35.01,14.63779917,10.00
1955,25.16,29.8,35.01,21.62349925,10.00
1956,25.16,29.8,35.01,25.76553389,10.00
1957,25.16,29.8,35.01,17.01753908,10.00
1958,25.16,29.8,35.01,16.25582692,10.00
1959,25.16,29.8,35.01,24.33791491,10.00
1960,25.16,29.8,35.01,19.55284196,10.00
1961,25.16,29.8,35.01,20.89646261,10.00
1962,25.16,29.8,35.01,15.26363338,10.00
1963,25.16,29.8,35.01,29.31059127,10.00
1964,25.16,29.8,35.01,14.43613965,10.00
1965,25.16,29.8,35.01,5.171416878,10.00
1966,25.16,29.8,35.01,15.01227231,10.00
1967,25.16,29.8,35.01,19.93888271,10.00
1968,25.16,14.6,16.04,11.69698818,10.00
1969,25.16,14.6,16.04,10.47267402,10.00
1970,25.16,14.6,16.04,15.62323838,10.00
1971,25.16,14.6,16.04,10.04898567,10.00
1972,25.16,14.6,16.04,21.98841099,10.00
1973,25.16,14.6,16.04,21.44785532,10.00
1974,25.16,14.6,16.04,20.79618557,10.00
1975,25.16,14.6,16.04,14.9740448,10.00
1976,25.16,14.6,16.04,10.47749587,10.00
1977,25.16,14.6,16.04,9.908444375,10.00
1978,25.16,14.6,16.04,18.20212602,10.00
1979,25.16,14.6,16.04,24.11746084,10.00
1980,25.16,14.6,16.04,25.81496007,10.00
1981,25.16,14.6,16.04,33.99818146,10.00
1982,25.16,29.8,35.01,32.66722277,10.00
1983,25.16,29.8,35.01,30.11468869,10.00
1984,25.16,29.8,35.01,25.14871157,10.00
1985,25.16,29.8,35.01,20.40440477,10.00
1986,25.16,29.8,35.01,33.24188674,10.00
1987,25.16,29.8,35.01,31.45848705,10.00
1988,25.16,29.8,35.01,25.62399599,10.00
1989,25.16,29.8,35.01,32.06710283,10.00
1990,25.16,29.8,35.01,19.06110491,10.00
1991,25.16,29.8,35.01,26.14413917,10.00
1992,25.16,29.8,35.01,24.17815992,10.00
1993,25.16,29.8,35.01,23.91135737,10.00
1994,25.16,29.8,35.01,23.90031383,10.00
1995,25.16,29.8,16.04,19.56725979,10.00
1996,25.16,29.8,16.04,12.28366993,10.00
1997,25.16,29.8,16.04,10.0419969,10.00
1998,25.16,29.8,16.04,25.67468947,10.00
1999,25.16,29.8,16.04,18.77925396,10.00
2000,25.16,29.8,16.04,25.0630328,10.00
2001,25.16,29.8,35.01,19.60033226,10.00
2002,25.16,29.8,35.01,15.14013927,10.00
2003,25.16,29.8,35.01,22.36557466,10.00
2004,25.16,29.8,35.01,26.64975568,10.00
2005,25.16,29.8,35.01,17.60154712,10.00
2006,25.16,29.8,35.01,16.81369451,10.00
2007,25.16,29.8,35.01,25.17314366,10.00
2008,25.16,29.8,35.01,20.22385653,10.00
2009,25.16,29.8,35.01,21.61358757,10.00
2010,25.16,29.8,35.01,15.78745087,10.00
2011,25.16,29.8,35.01,30.31647236,10.00
2012,25.16,29.8,35.01,14.84523915,10.00
2013,25.16,29.8,35.01,5.317967419,10.00
2014,25.16,29.8,35.01,15.43769858,10.00
2015,25.16,29.8,35.01,20.50392206,10.00
2016,25.16,14.6,16.04,11.52336538,10.00
2017,25.16,14.6,16.04,10.31722418,10.00
2018,25.16,14.6,16.04,15.39133677,10.00
2019,25.16,14.6,16.04,9.89982479,10.00
2020,25.16,14.6,16.04,21.66202872,10.00
2021,25.16,14.6,16.04,21.12949672,10.00
2022,25.16,14.6,16.04,20.48749995,10.00
2023,25.16,14.6,16.04,14.75177941,10.00
2024,25.16,14.6,16.04,10.32197445,10.00
2025,25.16,14.6,16.04,9.761369601,10.00
2026,25.16,14.6,16.04,17.93194501,10.00
2027,25.16,14.6,16.04,23.75947628,10.00
2028,25.16,14.6,16.04,25.35361021,10.00
2029,25.16,14.6,16.04,33.39058585,10.00
2030,25.16,29.8,35.01,32.08341327,10.00
2031,25.16,29.8,35.01,29.57649658,10.00
2032,25.16,29.8,35.01,24.69926851,10.00
2033,25.16,29.8,35.01,20.03974918,10.00
2034,25.16,29.8,35.01,32.64780719,10.00
2035,25.16,29.8,35.01,30.89627937,10.00
2036,25.16,29.8,35.01,25.16605892,10.00
2037,25.16,29.8,35.01,31.49401833,10.00
2038,25.16,29.8,35.01,18.72045599,10.00
2039,25.16,29.8,35.01,25.6769064,10.00
2040,25.16,29.8,35.01,23.74606199,10.00
2041,25.16,29.8,35.01,23.48402758,10.00
2042,25.16,29.8,35.01,23.4731814,10.00
2043,25.16,29.8,16.04,19.21756517,10.00
2044,25.16,29.8,16.04,12.06414337,10.00
2045,25.16,29.8,16.04,9.862532208,10.00
2046,25.16,29.8,16.04,25.21584644,10.00
2047,25.16,29.8,16.04,18.44364212,10.00
2048,25.16,29.8,16.04,24.61512094,10.00
2049,25.16,29.8,35.01,19.25004659,10.00
2050,25.16,29.8,35.01,14.86956356,10.00
2051,25.16,29.8,35.01,21.96587019,10.00
2052,25.16,29.8,35.01,26.17348683,10.00
2053,25.16,29.8,35.01,17.28698256,10.00
2054,25.16,29.8,35.01,16.51321,10.00
2055,25.16,29.8,35.01,24.72326396,10.00
2056,25.16,29.8,35.01,19.8624276,10.00
2057,25.16,29.8,35.01,21.22732217,10.00
2058,25.16,29.8,35.01,15.50530678,10.00
2059,25.16,29.8,35.01,29.7746741,10.00
2060,25.16,29.8,35.01,14.62488567,10.00
2061,25.16,29.8,35.01,5.239030824,10.00
2062,25.16,29.8,35.01,15.20855101,10.00
2063,25.16,29.8,35.01,20.19957462,10.00
2064,25.16,14.6,16.04,11.08257167,10.00
2065,25.16,14.6,16.04,9.922567979,10.00
2066,25.16,14.6,16.04,14.80258476,10.00
2067,25.16,14.6,16.04,9.521135026,10.00
2068,25.16,14.6,16.04,20.83340915,10.00
2069,25.16,14.6,16.04,20.32124766,10.00
2070,25.16,14.6,16.04,19.70380866,10.00
2071,25.16,14.6,16.04,14.18749186,10.00
2072,25.16,14.6,16.04,9.927136543,10.00
2073,25.16,14.6,16.04,9.387976048,10.00
2074,25.16,14.6,16.04,17.24600923,10.00
2075,25.16,14.6,16.04,22.85062479,10.00
2076,25.16,14.6,16.04,24.1823348,10.00
2077,25.16,14.6,16.04,31.84802162,10.00
2078,25.16,29.8,35.01,30.60123725,10.00
2079,25.16,29.8,35.01,28.21013405,10.00
2080,25.16,29.8,35.01,23.5582221,10.00
2081,25.16,29.8,35.01,19.11396129,10.00
2082,25.16,29.8,35.01,31.13955754,10.00
2083,25.16,29.8,35.01,29.46894607,10.00
2084,25.16,29.8,35.01,24.00344793,10.00
2085,25.16,29.8,35.01,30.03907093,10.00
2086,25.16,29.8,35.01,17.85561625,10.00
2087,25.16,29.8,35.01,24.49069549,10.00
2088,25.16,29.8,35.01,22.64905142,10.00
2089,25.16,29.8,35.01,22.39912236,10.00
2090,25.16,29.8,35.01,22.38877725,10.00
2091,25.16,29.8,16.04,18.32976019,10.00
2092,25.16,29.8,16.04,11.50680915,10.00
2093,25.16,29.8,16.04,9.406907098,10.00
2094,25.16,29.8,16.04,24.05093539,10.00
2095,25.16,29.8,16.04,17.59159051,10.00
2096,25.16,29.8,16.04,23.47796195,10.00
2097,25.16,29.8,35.01,18.36074105,10.00
2098,25.16,29.8,35.01,14.18262573,10.00
2099,25.16,29.8,35.01,20.95110017,10.00
2100,25.16,29.8,35.01,24.96433511,10.00
2101,25.16,29.8,35.01,16.48836582,10.00
2102,25.16,29.8,35.01,15.75033968,10.00
2103,25.16,29.8,35.01,23.58110902,10.00
2104,25.16,29.8,35.01,18.94483153,10.00
2105,25.16,29.8,35.01,20.24667128,10.00
2106,25.16,29.8,35.01,14.78899915,10.00
2107,25.16,29.8,35.01,28.39915624,10.00
2108,25.16,29.8,35.01,14.06545208,10.00
2109,25.16,29.8,35.01,5.038626535,10.00
2110,25.16,29.8,35.01,14.62679095,10.00
2111,25.16,29.8,35.01,19.42689709,10.00
2112,25.16,14.6,16.04,11.50627976,10.00
2113,25.16,14.6,16.04,10.3019269,10.00
2114,25.16,14.6,16.04,15.36851613,10.00
2115,25.16,14.6,16.04,9.885146386,10.00
2116,25.16,14.6,16.04,21.62991058,10.00
2117,25.16,14.6,16.04,21.09816816,10.00
2118,25.16,14.6,16.04,20.45712327,10.00
2119,25.16,14.6,16.04,14.72990704,10.00
2120,25.16,14.6,16.04,10.30667012,10.00
2121,25.16,14.6,16.04,9.746896484,10.00
2122,25.16,14.6,16.04,17.90535743,10.00
2123,25.16,14.6,16.04,23.72424826,10.00
2124,25.16,14.6,16.04,25.30821037,10.00
2125,25.16,14.6,16.04,33.33079447,10.00
2126,25.16,29.8,35.01,32.02596261,10.00
2127,25.16,29.8,35.01,29.52353497,10.00
2128,25.16,29.8,35.01,24.65504038,10.00
2129,25.16,29.8,35.01,20.0038647,10.00
2130,25.16,29.8,35.01,32.58934588,10.00
2131,25.16,29.8,35.01,30.84095447,10.00
2132,25.16,29.8,35.01,25.12099492,10.00
2133,25.16,29.8,35.01,31.43762307,10.00
2134,25.16,29.8,35.01,18.68693392,10.00
2135,25.16,29.8,35.01,25.63092765,10.00
2136,25.16,29.8,35.01,23.70354074,10.00
2137,25.16,29.8,35.01,23.44197554,10.00
2138,25.16,29.8,35.01,23.43114878,10.00
2139,25.16,29.8,16.04,19.18315294,10.00
2140,25.16,29.8,16.04,12.04254052,10.00
2141,25.16,29.8,16.04,9.844871711,10.00
2142,25.16,29.8,16.04,25.17069329,10.00
2143,25.16,29.8,16.04,18.41061572,10.00
2144,25.16,29.8,16.04,24.57104349,10.00
2145,25.16,29.8,35.01,19.2155762,10.00
2146,25.16,29.8,35.01,14.84293715,10.00
2147,25.16,29.8,35.01,21.92653666,10.00
2148,25.16,29.8,35.01,26.12661887,10.00
2149,25.16,29.8,35.01,17.25602736,10.00
2150,25.16,29.8,35.01,16.48364036,10.00
2151,25.16,29.8,35.01,24.67899286,10.00
2152,25.16,29.8,35.01,19.82686064,10.00
2153,25.16,29.8,35.01,21.18931114,10.00
2154,25.16,29.8,35.01,15.47754196,10.00
2155,25.16,29.8,35.01,29.72135761,10.00
2156,25.16,29.8,35.01,14.60320145,10.00
2157,25.16,29.8,35.01,5.231262948,10.00
2158,25.16,29.8,35.01,15.18600139,10.00
2159,25.16,29.8,35.01,20.16962484,10.00
2160,25.16,14.6,16.04,11.5565571,10.00
2161,25.16,14.6,16.04,10.34694174,10.00
2162,25.16,14.6,16.04,15.43566973,10.00
2163,25.16,14.6,16.04,9.92834009,10.00
2164,25.16,14.6,16.04,21.72442369,10.00
2165,25.16,14.6,16.04,21.19035779,10.00
2166,25.16,14.6,16.04,20.54651182,10.00
2167,25.16,14.6,16.04,14.7942702,10.00
2168,25.16,14.6,16.04,10.3517057,10.00
2169,25.16,14.6,16.04,9.789486096,10.00
2170,25.16,14.6,16.04,17.9835959,10.00
2171,25.16,14.6,16.04,23.8279127,10.00
2172,25.16,14.6,16.04,25.44180712,10.00
2173,25.16,14.6,16.04,33.50674077,10.00
2174,25.16,29.8,35.01,32.19502097,10.00
2175,25.16,29.8,35.01,29.67938354,10.00
2176,25.16,29.8,35.01,24.78518918,10.00
2177,25.16,29.8,35.01,20.10946092,10.00
2178,25.16,29.8,35.01,32.76137822,10.00
2179,25.16,29.8,35.01,31.00375742,10.00
2180,25.16,29.8,35.01,25.2536034,10.00
2181,25.16,29.8,35.01,31.60357571,10.00
2182,25.16,29.8,35.01,18.78557833,10.00
2183,25.16,29.8,35.01,25.76622796,10.00
2184,25.16,29.8,35.01,23.82866677,10.00
2185,25.16,29.8,35.01,23.56572082,10.00
2186,25.16,29.8,35.01,23.55483692,10.00
2187,25.16,29.8,16.04,19.28441679,10.00
2188,25.16,29.8,16.04,12.10611057,10.00
2189,25.16,29.8,16.04,9.89684073,10.00
2190,25.16,29.8,16.04,25.30356412,10.00
2191,25.16,29.8,16.04,18.50780151,10.00
2192,25.16,29.8,16.04,24.70074889,10.00
2193,25.16,29.8,35.01,19.3170112,10.00
2194,25.16,29.8,35.01,14.92128991,10.00
2195,25.16,29.8,35.01,22.04228226,10.00
2196,25.16,29.8,35.01,26.26453583,10.00
2197,25.16,29.8,35.01,17.34711832,10.00
2198,25.16,29.8,35.01,16.57065405,10.00
2199,25.16,29.8,35.01,24.80926811,10.00
2200,25.16,29.8,35.01,19.93152249,10.00
2201,25.16,29.8,35.01,21.30116508,10.00
2202,25.16,29.8,35.01,15.55924467,10.00
2203,25.16,29.8,35.01,29.87825045,10.00
2204,25.16,29.8,35.01,14.66701096,10.00
2205,25.16,29.8,35.01,5.254121246,10.00
2206,25.16,29.8,35.01,15.25235748,10.00
2207,25.16,29.8,35.01,20.25775715,10.00
2208,25.16,14.6,16.04,11.77228509,10.00
2209,25.16,14.6,16.04,10.54008967,10.00
2210,25.16,14.6,16.04,15.7238097,10.00
2211,25.16,14.6,16.04,10.11367391,10.00
2212,25.16,14.6,16.04,22.12995678,10.00
2213,25.16,14.6,16.04,21.5859214,10.00
2214,25.16,14.6,16.04,20.93005666,10.00
2215,25.16,14.6,16.04,15.07043707,10.00
2216,25.16,14.6,16.04,10.54494255,10.00
2217,25.16,14.6,16.04,9.97222791,10.00
2218,25.16,14.6,16.04,18.31929839,10.00
2219,25.16,14.6,16.04,24.27271194,10.00
2220,25.16,14.6,16.04,26.01503874,10.00
2221,25.16,14.6,16.04,34.26168413,10.00
2222,25.16,29.8,35.01,32.92040985,10.00
2223,25.16,29.8,35.01,30.34809237,10.00
2224,25.16,29.8,35.01,25.34362648,10.00
2225,25.16,29.8,35.01,20.56254897,10.00
2226,25.16,29.8,35.01,33.49952775,10.00
2227,25.16,29.8,35.01,31.70230583,10.00
2228,25.16,29.8,35.01,25.82259459,10.00
2229,25.16,29.8,35.01,32.31563869,10.00
2230,25.16,29.8,35.01,19.20883787,10.00
2231,25.16,29.8,35.01,26.34676913,10.00
2232,25.16,29.8,35.01,24.36555258,10.00
2233,25.16,29.8,35.01,24.09668218,10.00
2234,25.16,29.8,35.01,24.08555304,10.00
2235,25.16,29.8,16.04,19.7189157,10.00
2236,25.16,29.8,16.04,12.37887443,10.00
2237,25.16,29.8,16.04,10.11982733,10.00
2238,25.16,29.8,16.04,25.87368098,10.00
2239,25.16,29.8,16.04,18.92480244,10.00
2240,25.16,29.8,16.04,25.25728366,10.00
2241,25.16,29.8,35.01,19.7522445,10.00
2242,25.16,29.8,35.01,15.25748282,10.00
2243,25.16,29.8,35.01,22.53891889,10.00
2244,25.16,29.8,35.01,26.85630442,10.00
2245,25.16,29.8,35.01,17.73796778,10.00
2246,25.16,29.8,35.01,16.94400893,10.00
2247,25.16,29.8,35.01,25.36824793,10.00
2248,25.16,29.8,35.01,20.38060139,10.00
2249,25.16,29.8,35.01,21.78110353,10.00
2250,25.16,29.8,35.01,15.9098114,10.00
2251,25.16,29.8,35.01,30.55143997,10.00
2252,25.16,29.8,35.01,14.94080226,10.00
2253,25.16,29.8,35.01,5.352200719,10.00
2254,25.16,29.8,35.01,15.53707553,10.00
2255,25.16,29.8,35.01,20.63591176,10.00
2256,25.16,14.6,16.04,11.39570152,10.00
2257,25.16,14.6,16.04,10.20292279,10.00
2258,25.16,14.6,16.04,15.22082083,10.00
2259,25.16,14.6,16.04,9.790147647,10.00
2260,25.16,14.6,16.04,21.4220417,10.00
2261,25.16,14.6,16.04,20.89540947,10.00
2262,25.16,14.6,16.04,20.26052518,10.00
2263,25.16,14.6,16.04,14.58834894,10.00
2264,25.16,14.6,16.04,10.20762044,10.00
2265,25.16,14.6,16.04,9.653226361,10.00
2266,25.16,14.6,16.04,17.73328245,10.00
2267,25.16,14.6,16.04,23.49625228,10.00
2268,25.16,14.6,16.04,25.01438229,10.00
2269,25.16,14.6,16.04,32.94382427,10.00
2270,25.16,29.8,35.01,31.65414149,10.00
2271,25.16,29.8,35.01,29.18076701,10.00
2272,25.16,29.8,35.01,24.36879559,10.00
2273,25.16,29.8,35.01,19.77162002,10.00
2274,25.16,29.8,35.01,32.21098389,10.00
2275,25.16,29.8,35.01,30.48289128,10.00
2276,25.16,29.8,35.01,24.82934041,10.00
2277,25.16,29.8,35.01,31.07263257,10.00
2278,25.16,29.8,35.01,18.46997879,10.00
2279,25.16,29.8,35.01,25.33335283,10.00
2280,25.16,29.8,35.01,23.42834286,10.00
2281,25.16,29.8,35.01,23.16981442,10.00
2282,25.16,29.8,35.01,23.15911337,10.00
2283,25.16,29.8,16.04,18.96043672,10.00
2284,25.16,29.8,16.04,11.90272674,10.00
2285,25.16,29.8,16.04,9.730572844,10.00
2286,25.16,29.8,16.04,24.87846178,10.00
2287,25.16,29.8,16.04,18.19686865,10.00
2288,25.16,29.8,16.04,24.28577391,10.00
2289,25.16,29.8,35.01,18.99248354,10.00
2290,25.16,29.8,35.01,14.67061079,10.00
2291,25.16,29.8,35.01,21.67196978,10.00
2292,25.16,29.8,35.01,25.82328907,10.00
2293,25.16,29.8,35.01,17.05568504,10.00
2294,25.16,29.8,35.01,16.29226545,10.00
2295,25.16,29.8,35.01,24.39246999,10.00
2296,25.16,29.8,35.01,19.59667097,10.00
2297,25.16,29.8,35.01,20.94330344,10.00
2298,25.16,29.8,35.01,15.29784785,10.00
2299,25.16,29.8,35.01,29.37629293,10.00
2300,25.16,29.8,35.01,14.46286102,10.00
2301,25.16,29.8,35.01,5.180989198,10.00
2302,25.16,29.8,35.01,15.0400601,10.00
2303,25.16,29.8,35.01,19.97578968,10.00
2304,25.16,14.6,16.04,11.42521681,10.00
2305,25.16,14.6,16.04,10.22934874,10.00
2306,25.16,14.6,16.04,15.26024332,10.00
2307,25.16,14.6,16.04,9.81550449,10.00
2308,25.16,14.6,16.04,21.47752558,10.00
2309,25.16,14.6,16.04,20.94952935,10.00
2310,25.16,14.6,16.04,20.31300069,10.00
2311,25.16,14.6,16.04,14.6261333,10.00
2312,25.16,14.6,16.04,10.23405855,10.00
2313,25.16,14.6,16.04,9.678228573,10.00
2314,25.16,14.6,16.04,17.7792123,10.00
2315,25.16,14.6,16.04,23.55710844,10.00
2316,25.16,14.6,16.04,25.0928102,10.00
2317,25.16,14.6,16.04,33.04711346,10.00
2318,25.16,29.8,35.01,31.75338711,10.00
2319,25.16,29.8,35.01,29.27225784,10.00
2320,25.16,29.8,35.01,24.44519939,10.00
2321,25.16,29.8,35.01,19.83361023,10.00
2322,25.16,29.8,35.01,32.31197539,10.00
2323,25.16,29.8,35.01,30.57846467,10.00
2324,25.16,29.8,35.01,24.90718816,10.00
2325,25.16,29.8,35.01,31.17005499,10.00
2326,25.16,29.8,35.01,18.52788795,10.00
2327,25.16,29.8,35.01,25.41278081,10.00
2328,25.16,29.8,35.01,23.50179804,10.00
2329,25.16,29.8,35.01,23.24245904,10.00
2330,25.16,29.8,35.01,23.23172443,10.00
2331,25.16,29.8,16.04,19.01988361,10.00
2332,25.16,29.8,16.04,11.94004551,10.00
2333,25.16,29.8,16.04,9.761081232,10.00
2334,25.16,29.8,16.04,24.95646354,10.00
2335,25.16,29.8,16.04,18.25392152,10.00
2336,25.16,29.8,16.04,24.3619174,10.00
2337,25.16,29.8,35.01,19.05203091,10.00
2338,25.16,29.8,35.01,14.71660774,10.00
2339,25.16,29.8,35.01,21.73991818,10.00
2340,25.16,29.8,35.01,25.90425316,10.00
2341,25.16,29.8,35.01,17.10915995,10.00
2342,25.16,29.8,35.01,16.3433468,10.00
2343,25.16,29.8,35.01,24.46894801,10.00
2344,25.16,29.8,35.01,19.65811266,10.00
2345,25.16,29.8,35.01,21.00896724,10.00
2346,25.16,29.8,35.01,15.34581138,10.00
2347,25.16,29.8,35.01,29.4683968,10.00
2348,25.16,29.8,35.01,14.50032036,10.00
2349,25.16,29.8,35.01,5.19440815,10.00
2350,25.16,29.8,35.01,15.07901441,10.00
2351,25.16,29.8,35.01,20.02752771,10.00
2352,25.16,14.6,16.04,11.21520144,10.00
2353,25.16,14.6,16.04,10.0413155,10.00
2354,25.16,14.6,16.04,14.97973349,10.00
2355,25.16,14.6,16.04,9.635078432,10.00
2356,25.16,14.6,16.04,21.08273128,10.00
2357,25.16,14.6,16.04,20.56444053,10.00
2358,25.16,14.6,16.04,19.93961238,10.00
2359,25.16,14.6,16.04,14.35727951,10.00
2360,25.16,14.6,16.04,10.04593874,10.00
2361,25.16,14.6,16.04,9.500325885,10.00
2362,25.16,14.6,16.04,17.45239943,10.00
2363,25.16,14.6,16.04,23.12408778,10.00
2364,25.16,14.6,16.04,24.53475814,10.00
2365,25.16,14.6,16.04,32.3121615,10.00
2366,25.16,29.8,35.01,31.04720702,10.00
2367,25.16,29.8,35.01,28.62125686,10.00
2368,25.16,29.8,35.01,23.90154988,10.00
2369,25.16,29.8,35.01,19.39252025,10.00
2370,25.16,29.8,35.01,31.59337256,10.00
2371,25.16,29.8,35.01,29.89841429,10.00
2372,25.16,29.8,35.01,24.35326424,10.00
2373,25.16,29.8,35.01,30.47684791,10.00
2374,25.16,29.8,35.01,18.11583661,10.00
2375,25.16,29.8,35.01,24.84761275,10.00
2376,25.16,29.8,35.01,22.97912932,10.00
2377,25.16,29.8,35.01,22.72555789,10.00
2378,25.16,29.8,35.01,22.71506202,10.00
2379,25.16,29.8,16.04,18.59689052,10.00
2380,25.16,29.8,16.04,11.67450462,10.00
2381,25.16,29.8,16.04,9.543999467,10.00
2382,25.16,29.8,16.04,24.40144376,10.00
2383,25.16,29.8,16.04,17.84796306,10.00
2384,25.16,29.8,16.04,23.82012004,10.00
2385,25.16,29.8,35.01,18.62832288,10.00
2386,25.16,29.8,35.01,14.38931744,10.00
2387,25.16,29.8,35.01,21.25643283,10.00
2388,25.16,29.8,35.01,25.32815499,10.00
2389,25.16,29.8,35.01,16.72866044,10.00
2390,25.16,29.8,35.01,15.9798786,10.00
2391,25.16,29.8,35.01,23.92477034,10.00
2392,25.16,29.8,35.01,19.22092567,10.00
2393,25.16,29.8,35.01,20.54173789,10.00
2394,25.16,29.8,35.01,15.0045279,10.00
2395,25.16,29.8,35.01,28.81303379,10.00
2396,25.16,29.8,35.01,14.23377923,10.00
2397,25.16,29.8,35.01,5.098925887,10.00
2398,25.16,29.8,35.01,14.80183588,10.00
2399,25.16,29.8,35.01,19.65938689,10.00
2400,25.16,14.6,16.04,10.96910968,10.00
2401,25.16,14.6,16.04,9.820981967,10.00
2402,25.16,14.6,16.04,14.65103775,10.00
2403,25.16,14.6,16.04,9.423658834,10.00
2404,25.16,14.6,16.04,20.62011931,10.00
2405,25.16,14.6,16.04,20.11320126,10.00
2406,25.16,14.6,16.04,19.50208352,10.00
2407,25.16,14.6,16.04,14.04224209,10.00
2408,25.16,14.6,16.04,9.825503758,10.00
2409,25.16,14.6,16.04,9.291863122,10.00
2410,25.16,14.6,16.04,17.06944674,10.00
2411,25.16,14.6,16.04,22.61668295,10.00
2412,25.16,14.6,16.04,23.88084404,10.00
2413,25.16,14.6,16.04,31.4509597,10.00
2414,25.16,29.8,35.01,30.21971949,10.00
2415,25.16,29.8,35.01,27.85842712,10.00
2416,25.16,29.8,35.01,23.2645124,10.00
2417,25.16,29.8,35.01,18.87565995,10.00
2418,25.16,29.8,35.01,30.75132832,10.00
2419,25.16,29.8,35.01,29.10154502,10.00
2420,25.16,29.8,35.01,23.70418742,10.00
2421,25.16,29.8,35.01,29.66456192,10.00
2422,25.16,29.8,35.01,17.6330032,10.00
2423,25.16,29.8,35.01,24.18536028,10.00
2424,25.16,29.8,35.01,22.36667671,10.00
2425,25.16,29.8,35.01,22.11986361,10.00
2426,25.16,29.8,35.01,22.10964748,10.00
2427,25.16,29.8,16.04,18.10123579,10.00
2428,25.16,29.8,16.04,11.3633492,10.00
2429,25.16,29.8,16.04,9.289627455,10.00
2430,25.16,29.8,16.04,23.75108283,10.00
2431,25.16,29.8,16.04,17.37226917,10.00
2432,25.16,29.8,16.04,23.18525288,10.00
2433,25.16,29.8,35.01,18.1318304,10.00
2434,25.16,29.8,35.01,14.0058053,10.00
2435,25.16,29.8,35.01,20.68989449,10.00
2436,25.16,29.8,35.01,24.65309484,10.00
2437,25.16,29.8,35.01,16.28279882,10.00
2438,25.16,29.8,35.01,15.55397394,10.00
2439,25.16,29.8,35.01,23.28711398,10.00
2440,25.16,29.8,35.01,18.7086388,10.00
2441,25.16,29.8,35.01,19.994248,10.00
2442,25.16,29.8,35.01,14.60461883,10.00
2443,25.16,29.8,35.01,28.04509269,10.00
2444,25.16,29.8,35.01,13.92145174,10.00
2445,25.16,29.8,35.01,4.987041706,10.00
2446,25.16,29.8,35.01,14.47704369,10.00
2447,25.16,29.8,35.01,19.22800694,10.00
2448,25.16,14.6,16.04,11.3074895,10.00
2449,25.16,14.6,16.04,10.12394385,10.00
2450,25.16,14.6,16.04,15.10299927,10.00
2451,25.16,14.6,16.04,9.714363921,10.00
2452,25.16,14.6,16.04,21.25621763,10.00
2453,25.16,14.6,16.04,20.73366196,10.00
2454,25.16,14.6,16.04,20.1036922,10.00
2455,25.16,14.6,16.04,14.47542322,10.00
2456,25.16,14.6,16.04,10.12860513,10.00
2457,25.16,14.6,16.04,9.578502518,10.00
2458,25.16,14.6,16.04,17.59601238,10.00
2459,25.16,14.6,16.04,23.31437213,10.00
2460,25.16,14.6,16.04,24.77998563,10.00
2461,25.16,14.6,16.04,32.63512497,10.00
2462,25.16,29.8,35.01,31.35752713,10.00
2463,25.16,29.8,35.01,28.90732935,10.00
2464,25.16,29.8,35.01,24.14044839,10.00
2465,25.16,29.8,35.01,19.58635054,10.00
2466,25.16,29.8,35.01,31.90915165,10.00
2467,25.16,29.8,35.01,30.19725209,10.00
2468,25.16,29.8,35.01,24.59667769,10.00
2469,25.16,29.8,35.01,30.78146723,10.00
2470,25.16,29.8,35.01,18.29690631,10.00
2471,25.16,29.8,35.01,25.09596726,10.00
2472,25.16,29.8,35.01,23.20880814,10.00
2473,25.16,29.8,35.01,22.95270225,10.00
2474,25.16,29.8,35.01,22.94210146,10.00
2475,25.16,29.8,16.04,18.78276841,10.00
2476,25.16,29.8,16.04,11.79119253,10.00
2477,25.16,29.8,16.04,9.63939275,10.00
2478,25.16,29.8,16.04,24.64533877,10.00
2479,25.16,29.8,16.04,18.02635534,10.00
2480,25.16,29.8,16.04,24.05820466,10.00
2481,25.16,29.8,35.01,18.81451494,10.00
2482,25.16,29.8,35.01,14.53314019,10.00
2483,25.16,29.8,35.01,21.46889312,10.00
2484,25.16,29.8,35.01,25.58131258,10.00
2485,25.16,29.8,35.01,16.89586516,10.00
2486,25.16,29.8,35.01,16.13959918,10.00
2487,25.16,29.8,35.01,24.16390095,10.00
2488,25.16,29.8,35.01,19.41304085,10.00
2489,25.16,29.8,35.01,20.74705473,10.00
2490,25.16,29.8,35.01,15.15449974,10.00
2491,25.16,29.8,35.01,29.1010231,10.00
2492,25.16,29.8,35.01,14.35090668,10.00
2493,25.16,29.8,35.01,5.140884116,10.00
2494,25.16,29.8,35.01,14.92363777,10.00
2495,25.16,29.8,35.01,19.82116078,10.00
2496,25.16,14.6,16.04,11.54952294,10.00
2497,25.16,14.6,16.04,10.34064385,10.00
2498,25.16,14.6,16.04,15.42627446,10.00
2499,25.16,14.6,16.04,9.922296982,10.00
2500,25.16,14.6,16.04,21.71120063,10.00
2501,25.16,14.6,16.04,21.1774598,10.00
2502,25.16,14.6,16.04,20.53400573,10.00
2503,25.16,14.6,16.04,14.78526533,10.00
2504,25.16,14.6,16.04,10.3454049,10.00
2505,25.16,14.6,16.04,9.783527505,10.00
2506,25.16,14.6,16.04,17.97264978,10.00
2507,25.16,14.6,16.04,23.8134093,10.00
2508,25.16,14.6,16.04,25.42311598,10.00
2509,25.16,14.6,16.04,33.48212462,10.00
2510,25.16,29.8,35.01,32.17136849,10.00
2511,25.16,29.8,35.01,29.65757921,10.00
2512,25.16,29.8,35.01,24.76698043,10.00
2513,25.16,29.8,35.01,20.09468725,10.00
2514,25.16,29.8,35.01,32.73730967,10.00
2515,25.16,29.8,35.01,30.98098012,10.00
2516,25.16,29.8,35.01,25.23505053,10.00
2517,25.16,29.8,35.01,31.58035775,10.00
2518,25.16,29.8,35.01,18.77177727,10.00
2519,25.16,29.8,35.01,25.74729848,10.00
2520,25.16,29.8,35.01,23.81116075,10.00
2521,25.16,29.8,35.01,23.54840797,10.00
2522,25.16,29.8,35.01,23.53753206,10.00
2523,25.16,29.8,16.04,19.27024925,10.00
2524,25.16,29.8,16.04,12.09721667,10.00
2525,25.16,29.8,16.04,9.889569893,10.00
2526,25.16,29.8,16.04,25.28497454,10.00
2527,25.16,29.8,16.04,18.49420453,10.00
2528,25.16,29.8,16.04,24.68260218,10.00
2529,25.16,29.8,35.01,19.30281972,10.00
2530,25.16,29.8,35.01,14.9103278,10.00
2531,25.16,29.8,35.01,22.02608863,10.00
2532,25.16,29.8,35.01,26.24524026,10.00
2533,25.16,29.8,35.01,17.33437404,10.00
2534,25.16,29.8,35.01,16.55848021,10.00
2535,25.16,29.8,35.01,24.79104167,10.00
2536,25.16,29.8,35.01,19.91687955,10.00
2537,25.16,29.8,35.01,21.28551591,10.00
2538,25.16,29.8,35.01,15.54781388,10.00
2539,25.16,29.8,35.01,29.85630002,10.00
2540,25.16,29.8,35.01,14.65808355,10.00
2541,25.16,29.8,35.01,5.250923206,10.00
2542,25.16,29.8,35.01,15.24307379,10.00
2543,25.16,29.8,35.01,20.24542681,10.00
2544,25.16,14.6,16.04,11.26004695,10.00
2545,25.16,14.6,16.04,10.08146707,10.00
2546,25.16,14.6,16.04,15.039632,10.00
2547,25.16,14.6,16.04,9.673605611,10.00
2548,25.16,14.6,16.04,21.16703346,10.00
2549,25.16,14.6,16.04,20.64667026,10.00
2550,25.16,14.6,16.04,20.01934364,10.00
2551,25.16,14.6,16.04,14.41468905,10.00
2552,25.16,14.6,16.04,10.0861088,10.00
2553,25.16,14.6,16.04,9.538314237,10.00
2554,25.16,14.6,16.04,17.52218524,10.00
2555,25.16,14.6,16.04,23.2165526,10.00
2556,25.16,14.6,16.04,24.65392147,10.00
2557,25.16,14.6,16.04,32.46909906,10.00
2558,25.16,29.8,35.01,31.19800079,10.00
2559,25.16,29.8,35.01,28.760268,10.00
2560,25.16,29.8,35.01,24.01763777,10.00
2561,25.16,29.8,35.01,19.48670815,10.00
2562,25.16,29.8,35.01,31.74681902,10.00
2563,25.16,29.8,35.01,30.04362847,10.00
2564,25.16,29.8,35.01,24.47154608,10.00
2565,25.16,29.8,35.01,30.6248715,10.00
2566,25.16,29.8,35.01,18.20382376,10.00
2567,25.16,29.8,35.01,24.9682956,10.00
2568,25.16,29.8,35.01,23.09073709,10.00
2569,25.16,29.8,35.01,22.83593409,10.00
2570,25.16,29.8,35.01,22.82538724,10.00
2571,25.16,29.8,16.04,18.68721412,10.00
2572,25.16,29.8,16.04,11.73120675,10.00
2573,25.16,29.8,16.04,9.590353902,10.00
2574,25.16,29.8,16.04,24.5199596,10.00
2575,25.16,29.8,16.04,17.93464918,10.00
2576,25.16,29.8,16.04,23.93581244,10.00
2577,25.16,29.8,35.01,18.71879914,10.00
2578,25.16,29.8,35.01,14.45920519,10.00
2579,25.16,29.8,35.01,21.35967361,10.00
2580,25.16,29.8,35.01,25.4511718,10.00
2581,25.16,29.8,35.01,16.80991019,10.00
2582,25.16,29.8,35.01,16.05749158,10.00
2583,25.16,29.8,35.01,24.04097102,10.00
2584,25.16,29.8,35.01,19.31428015,10.00
2585,25.16,29.8,35.01,20.64150745,10.00
2586,25.16,29.8,35.01,15.07740368,10.00
2587,25.16,29.8,35.01,28.95297636,10.00
2588,25.16,29.8,35.01,14.29069494,10.00
2589,25.16,29.8,35.01,5.119314639,10.00
2590,25.16,29.8,35.01,14.86102305,10.00
2591,25.16,29.8,35.01,19.73799764,10.00
2592,25.16,14.6,16.04,11.5815451,10.00
2593,25.16,14.6,16.04,10.36931427,10.00
2594,25.16,14.6,16.04,15.46904528,10.00
2595,25.16,14.6,16.04,9.949807499,10.00
2596,25.16,14.6,16.04,21.77139701,10.00
2597,25.16,14.6,16.04,21.23617634,10.00
2598,25.16,14.6,16.04,20.59093822,10.00
2599,25.16,14.6,16.04,14.8262589,10.00
2600,25.16,14.6,16.04,10.37408852,10.00
2601,25.16,14.6,16.04,9.810653271,10.00
2602,25.16,14.6,16.04,18.02248067,10.00
2603,25.16,14.6,16.04,23.87943426,10.00
2604,25.16,14.6,16.04,25.50820514,10.00
2605,25.16,14.6,16.04,33.59418664,10.00
2606,25.16,29.8,35.01,32.27904351,10.00
2607,25.16,29.8,35.01,29.75684078,10.00
2608,25.16,29.8,35.01,24.84987355,10.00
2609,25.16,29.8,35.01,20.16194258,10.00
2610,25.16,29.8,35.01,32.84687885,10.00
2611,25.16,29.8,35.01,31.08467101,10.00
2612,25.16,29.8,35.01,25.31951024,10.00
2613,25.16,29.8,35.01,31.68605471,10.00
2614,25.16,29.8,35.01,18.83460493,10.00
2615,25.16,29.8,35.01,25.83347265,10.00
2616,25.16,29.8,35.01,23.89085482,10.00
2617,25.16,29.8,35.01,23.62722263,10.00
2618,25.16,29.8,35.01,23.61631032,10.00
2619,25.16,29.8,16.04,19.33474525,10.00
2620,25.16,29.8,16.04,12.13770509,10.00
2621,25.16,29.8,16.04,9.9226695,10.00
2622,25.16,29.8,16.04,25.36960135,10.00
2623,25.16,29.8,16.04,18.55610316,10.00
2624,25.16,29.8,16.04,24.76521289,10.00
2625,25.16,29.8,35.01,19.36742473,10.00
2626,25.16,29.8,35.01,14.96023148,10.00
2627,25.16,29.8,35.01,22.0998082,10.00
2628,25.16,29.8,35.01,26.333081,10.00
2629,25.16,29.8,35.01,17.39239082,10.00
2630,25.16,29.8,35.01,16.61390013,10.00
2631,25.16,29.8,35.01,24.87401532,10.00
2632,25.16,29.8,35.01,19.98353976,10.00
2633,25.16,29.8,35.01,21.35675685,10.00
2634,25.16,29.8,35.01,15.59985118,10.00
2635,25.16,29.8,35.01,29.95622669,10.00
2636,25.16,29.8,35.01,14.69872449,10.00
2637,25.16,29.8,35.01,5.265481893,10.00
2638,25.16,29.8,35.01,15.28533667,10.00
2639,25.16,29.8,35.01,20.30155919,10.00
2640,25.16,14.6,16.04,11.45615443,10.00
2641,25.16,14.6,16.04,10.25704814,10.00
2642,25.16,14.6,16.04,15.30156557,10.00
2643,25.16,14.6,16.04,9.842083275,10.00
2644,25.16,14.6,16.04,21.53568322,10.00
2645,25.16,14.6,16.04,21.00625725,10.00
2646,25.16,14.6,16.04,20.36800498,10.00
2647,25.16,14.6,16.04,14.66573848,10.00
2648,25.16,14.6,16.04,10.26177071,10.00
2649,25.16,14.6,16.04,9.704435637,10.00
2650,25.16,14.6,16.04,17.82735551,10.00
2651,25.16,14.6,16.04,23.62089724,10.00
2652,25.16,14.6,16.04,25.17501754,10.00
2653,25.16,14.6,16.04,33.15538013,10.00
2654,25.16,29.8,35.01,31.85741537,10.00
2655,25.16,29.8,35.01,29.36815759,10.00
2656,25.16,29.8,35.01,24.52528506,10.00
2657,25.16,29.8,35.01,19.89858774,10.00
2658,25.16,29.8,35.01,32.41783366,10.00
2659,25.16,29.8,35.01,30.67864373,10.00
2660,25.16,29.8,35.01,24.98878737,10.00
2661,25.16,29.8,35.01,31.27217217,10.00
2662,25.16,29.8,35.01,18.58858774,10.00
2663,25.16,29.8,35.01,25.49603641,10.00
2664,25.16,29.8,35.01,23.57879301,10.00
2665,25.16,29.8,35.01,23.31860438,10.00
2666,25.16,29.8,35.01,23.3078346,10.00
2667,25.16,29.8,16.04,19.08219524,10.00
2668,25.16,29.8,16.04,11.97916266,10.00
2669,25.16,29.8,16.04,9.793059814,10.00
2670,25.16,29.8,16.04,25.03822419,10.00
2671,25.16,29.8,16.04,18.31372376,10.00
2672,25.16,29.8,16.04,24.44173024,10.00
2673,25.16,29.8,35.01,19.11444786,10.00
2674,25.16,29.8,35.01,14.76482127,10.00
2675,25.16,29.8,35.01,21.811141,10.00
2676,25.16,29.8,35.01,25.98911889,10.00
2677,25.16,29.8,35.01,17.1652118,10.00
2678,25.16,29.8,35.01,16.39688975,10.00
2679,25.16,29.8,35.01,24.54911149,10.00
2680,25.16,29.8,35.01,19.72251522,10.00
2681,25.16,29.8,35.01,21.07779537,10.00
2682,25.16,29.8,35.01,15.39608627,10.00
2683,25.16,29.8,35.01,29.56493913,10.00
2684,25.16,29.8,35.01,14.53958486,10.00
2685,25.16,29.8,35.01,5.20847376,10.00
2686,25.16,29.8,35.01,15.11984592,10.00
2687,25.16,29.8,35.01,20.08175899,10.00
2688,25.16,14.6,16.04,11.4277568,10.00
2689,25.16,14.6,16.04,10.23162286,10.00
2690,25.16,14.6,16.04,15.26363589,10.00
2691,25.16,14.6,16.04,9.817686614,10.00
2692,25.16,14.6,16.04,21.48230034,10.00
2693,25.16,14.6,16.04,20.95418672,10.00
2694,25.16,14.6,16.04,20.31751655,10.00
2695,25.16,14.6,16.04,14.62938489,10.00
2696,25.16,14.6,16.04,10.23633372,10.00
2697,25.16,14.6,16.04,9.680380179,10.00
2698,25.16,14.6,16.04,17.78316487,10.00
2699,25.16,14.6,16.04,23.56234551,10.00
2700,25.16,14.6,16.04,25.09955944,10.00
2701,25.16,14.6,16.04,33.05600217,10.00
2702,25.16,29.8,35.01,31.76192786,10.00
2703,25.16,29.8,35.01,29.28013123,10.00
2704,25.16,29.8,35.01,24.45177444,10.00
2705,25.16,29.8,35.01,19.8389449,10.00
2706,25.16,29.8,35.01,32.32066638,10.00
2707,25.16,29.8,35.01,30.5866894,10.00
2708,25.16,29.8,35.01,24.91388747,10.00
2709,25.16,29.8,35.01,31.17843883,10.00
2710,25.16,29.8,35.01,18.53287142,10.00
2711,25.16,29.8,35.01,25.41961611,10.00
2712,25.16,29.8,35.01,23.50811934,10.00
2713,25.16,29.8,35.01,23.24871059,10.00
2714,25.16,29.8,35.01,23.23797309,10.00
2715,25.16,29.8,16.04,19.02499941,10.00
2716,25.16,29.8,16.04,11.94325704,10.00
2717,25.16,29.8,16.04,9.763706681,10.00
2718,25.16,29.8,16.04,24.96317611,10.00
2719,25.16,29.8,16.04,18.2588313,10.00
2720,25.16,29.8,16.04,24.36847005,10.00
2721,25.16,29.8,35.01,19.05715536,10.00
2722,25.16,29.8,35.01,14.72056608,10.00
2723,25.16,29.8,35.01,21.74576559,10.00
2724,25.16,29.8,35.01,25.91122065,10.00
2725,25.16,29.8,35.01,17.11376182,10.00
2726,25.16,29.8,35.01,16.34774269,10.00
2727,25.16,29.8,35.01,24.47552945,10.00
2728,25.16,29.8,35.01,19.66340013,10.00
2729,25.16,29.8,35.01,21.01461805,10.00
2730,25.16,29.8,35.01,15.34993896,10.00
2731,25.16,29.8,35.01,29.47632294,10.00
2732,25.16,29.8,35.01,14.50354398,10.00
2733,25.16,29.8,35.01,5.19556294,10.00
2734,25.16,29.8,35.01,15.08236669,10.00
2735,25.16,29.8,35.01,20.03198011,10.00
2736,25.16,14.6,16.04,11.79860267,10.00
2737,25.16,14.6,16.04,10.56365261,10.00
2738,25.16,14.6,16.04,15.75896113,10.00
2739,25.16,14.6,16.04,10.13628358,10.00
2740,25.16,14.6,16.04,22.1794295,10.00
2741,25.16,14.6,16.04,21.63417789,10.00
2742,25.16,14.6,16.04,20.97684693,10.00
2743,25.16,14.6,16.04,15.10412785,10.00
2744,25.16,14.6,16.04,10.56851634,10.00
2745,25.16,14.6,16.04,9.994521364,10.00
2746,25.16,14.6,16.04,18.36025218,10.00
2747,25.16,14.6,16.04,24.3269749,10.00
2748,25.16,14.6,16.04,26.08496972,10.00
2749,25.16,14.6,16.04,34.35378289,10.00
2750,25.16,29.8,35.01,33.00890314,10.00
2751,25.16,29.8,35.01,30.42967102,10.00
2752,25.16,29.8,35.01,25.41175264,10.00
2753,25.16,29.8,35.01,20.61782312,10.00
2754,25.16,29.8,35.01,33.58957777,10.00
2755,25.16,29.8,35.01,31.78752474,10.00
2756,25.16,29.8,35.01,25.89200826,10.00
2757,25.16,29.8,35.01,32.40250629,10.00
2758,25.16,29.8,35.01,19.26047311,10.00
2759,25.16,29.8,35.01,26.41759183,10.00
2760,25.16,29.8,35.01,24.43104958,10.00
2761,25.16,29.8,35.01,24.16145642,10.00
2762,25.16,29.8,35.01,24.15029737,10.00
2763,25.16,29.8,16.04,19.77192208,10.00
2764,25.16,29.8,16.04,12.41215006,10.00
2765,25.16,29.8,16.04,10.14703042,10.00
2766,25.16,29.8,16.04,25.94323197,10.00
2767,25.16,29.8,16.04,18.97567416,10.00
2768,25.16,29.8,16.04,25.32517772,10.00
2769,25.16,29.8,35.01,19.80534047,10.00
2770,25.16,29.8,35.01,15.29849643,10.00
2771,25.16,29.8,35.01,22.59950571,10.00
2772,25.16,29.8,35.01,26.9284968,10.00
2773,25.16,29.8,35.01,17.78564918,10.00
2774,25.16,29.8,35.01,16.98955609,10.00
2775,25.16,29.8,35.01,25.43644027,10.00
2776,25.16,29.8,35.01,20.43538645,10.00
2777,25.16,29.8,35.01,21.83965327,10.00
2778,25.16,29.8,35.01,15.95257853,10.00
2779,25.16,29.8,35.01,30.63356523,10.00
2780,25.16,29.8,35.01,14.97420324,10.00
2781,25.16,29.8,35.01,5.364165853,10.00
2782,25.16,29.8,35.01,15.57180951,10.00
2783,25.16,29.8,35.01,20.68204446,10.00
2784,25.16,14.6,16.04,11.39836206,10.00
2785,25.16,14.6,16.04,10.20530485,10.00
2786,25.16,14.6,16.04,15.22437441,10.00
2787,25.16,14.6,16.04,9.792433334,10.00
2788,25.16,14.6,16.04,21.42704307,10.00
2789,25.16,14.6,16.04,20.90028788,10.00
2790,25.16,14.6,16.04,20.26525537,10.00
2791,25.16,14.6,16.04,14.59175485,10.00
2792,25.16,14.6,16.04,10.21000359,10.00
2793,25.16,14.6,16.04,9.655480081,10.00
2794,25.16,14.6,16.04,17.7374226,10.00
2795,25.16,14.6,16.04,23.5017379,10.00
2796,25.16,14.6,16.04,25.02145185,10.00
2797,25.16,14.6,16.04,32.95313484,10.00
2798,25.16,29.8,35.01,31.66308757,10.00
2799,25.16,29.8,35.01,29.18901407,10.00
2800,25.16,29.8,35.01,24.37568269,10.00
2801,25.16,29.8,35.01,19.77720787,10.00
2802,25.16,29.8,35.01,32.22008734,10.00
2803,25.16,29.8,35.01,30.49150634,10.00
2804,25.16,29.8,35.01,24.83635767,10.00
2805,25.16,29.8,35.01,31.08141431,10.00
2806,25.16,29.8,35.01,18.47519877,10.00
2807,25.16,29.8,35.01,25.34051253,10.00
2808,25.16,29.8,35.01,23.43496417,10.00
2809,25.16,29.8,35.01,23.17636267,10.00
2810,25.16,29.8,35.01,23.16565859,10.00
2811,25.16,29.8,16.04,18.96579531,10.00
2812,25.16,29.8,16.04,11.90609068,10.00
2813,25.16,29.8,16.04,9.733322895,10.00
2814,25.16,29.8,16.04,24.88549293,10.00
2815,25.16,29.8,16.04,18.20201144,10.00
2816,25.16,29.8,16.04,24.29263754,10.00
2817,25.16,29.8,35.01,18.99785119,10.00
2818,25.16,29.8,35.01,14.67475699,10.00
2819,25.16,29.8,35.01,21.6780947,10.00
2820,25.16,29.8,35.01,25.83058724,10.00
2821,25.16,29.8,35.01,17.06050532,10.00
2822,25.16,29.8,35.01,16.29686997,10.00
2823,25.16,29.8,35.01,24.39936378,10.00
2824,25.16,29.8,35.01,19.60220938,10.00
2825,25.16,29.8,35.01,20.94922243,10.00
2826,25.16,29.8,35.01,15.30217132,10.00
2827,25.16,29.8,35.01,29.38459525,10.00
2828,25.16,29.8,35.01,14.46623763,10.00
2829,25.16,29.8,35.01,5.182198793,10.00
2830,25.16,29.8,35.01,15.04357148,10.00
2831,25.16,29.8,35.01,19.98045339,10.00
2832,25.16,14.6,16.04,11.23381071,10.00
2833,25.16,14.6,16.04,10.05797696,10.00
2834,25.16,14.6,16.04,15.00458921,10.00
2835,25.16,14.6,16.04,9.651065822,10.00
2836,25.16,14.6,16.04,21.11771364,10.00
2837,25.16,14.6,16.04,20.5985629,10.00
2838,25.16,14.6,16.04,19.97269798,10.00
2839,25.16,14.6,16.04,14.3811024,10.00
2840,25.16,14.6,16.04,10.06260787,10.00
2841,25.16,14.6,16.04,9.516089682,10.00
2842,25.16,14.6,16.04,17.48135803,10.00
2843,25.16,14.6,16.04,23.16245735,10.00
2844,25.16,14.6,16.04,24.58420663,10.00
2845,25.16,14.6,16.04,32.37728493,10.00
2846,25.16,29.8,35.01,31.109781,10.00
2847,25.16,29.8,35.01,28.67894147,10.00
2848,25.16,29.8,35.01,23.94972217,10.00
2849,25.16,29.8,35.01,19.43160483,10.00
2850,25.16,29.8,35.01,31.65704731,10.00
2851,25.16,29.8,35.01,29.95867294,10.00
2852,25.16,29.8,35.01,24.40234694,10.00
2853,25.16,29.8,35.01,30.53827237,10.00
2854,25.16,29.8,35.01,18.15234811,10.00
2855,25.16,29.8,35.01,24.89769178,10.00
2856,25.16,29.8,35.01,23.02544252,10.00
2857,25.16,29.8,35.01,22.77136004,10.00
2858,25.16,29.8,35.01,22.76084301,10.00
2859,25.16,29.8,16.04,18.63437156,10.00
2860,25.16,29.8,16.04,11.69803396,10.00
2861,25.16,29.8,16.04,9.563234887,10.00
2862,25.16,29.8,16.04,24.45062356,10.00
2863,25.16,29.8,16.04,17.88393468,10.00
2864,25.16,29.8,16.04,23.86812822,10.00
2865,25.16,29.8,35.01,18.66586727,10.00
2866,25.16,29.8,35.01,14.41831834,10.00
2867,25.16,29.8,35.01,21.29927403,10.00
2868,25.16,29.8,35.01,25.37920253,10.00
2869,25.16,29.8,35.01,16.76237616,10.00
2870,25.16,29.8,35.01,16.01208519,10.00
2871,25.16,29.8,35.01,23.97298944,10.00
2872,25.16,29.8,35.01,19.25966441,10.00
2873,25.16,29.8,35.01,20.58313866,10.00
2874,25.16,29.8,35.01,15.03476872,10.00
2875,25.16,29.8,35.01,28.87110491,10.00
2876,25.16,29.8,35.01,14.2573972,10.00
2877,25.16,29.8,35.01,5.107386484,10.00
2878,25.16,29.8,35.01,14.82639642,10.00
2879,25.16,29.8,35.01,19.69200752,10.00
2880,25.16,14.6,16.04,11.43657047,10.00
2881,25.16,14.6,16.04,10.23951402,10.00
2882,25.16,14.6,16.04,15.27540799,10.00
2883,25.16,14.6,16.04,9.825258521,10.00
2884,25.16,14.6,16.04,21.49886859,10.00
2885,25.16,14.6,16.04,20.97034767,10.00
2886,25.16,14.6,16.04,20.33318647,10.00
2887,25.16,14.6,16.04,14.64066783,10.00
2888,25.16,14.6,16.04,10.24422851,10.00
2889,25.16,14.6,16.04,9.687846187,10.00
2890,25.16,14.6,16.04,17.79688017,10.00
2891,25.16,14.6,16.04,23.58051801,10.00
2892,25.16,14.6,16.04,25.12297911,10.00
2893,25.16,14.6,16.04,33.08684577,10.00
2894,25.16,29.8,35.01,31.79156399,10.00
2895,25.16,29.8,35.01,29.30745167,10.00
2896,25.16,29.8,35.01,24.47458967,10.00
2897,25.16,29.8,35.01,19.85745604,10.00
2898,25.16,29.8,35.01,32.35082385,10.00
2899,25.16,29.8,35.01,30.61522894,10.00
2900,25.16,29.8,35.01,24.93713389,10.00
2901,25.16,29.8,35.01,31.20753052,10.00
2902,25.16,29.8,35.01,18.5501639,10.00
2903,25.16,29.8,35.01,25.44333441,10.00
2904,25.16,29.8,35.01,23.53005408,10.00
2905,25.16,29.8,35.01,23.27040328,10.00
2906,25.16,29.8,35.01,23.25965576,10.00
2907,25.16,29.8,16.04,19.04275108,10.00
2908,25.16,29.8,16.04,11.95440094,10.00
2909,25.16,29.8,16.04,9.772816911,10.00
2910,25.16,29.8,16.04,24.98646852,10.00
2911,25.16,29.8,16.04,18.27586808,10.00
2912,25.16,29.8,16.04,24.39120756,10.00
2913,25.16,29.8,35.01,19.07493703,10.00
2914,25.16,29.8,35.01,14.73430141,10.00
2915,25.16,29.8,35.01,21.76605593,10.00
2916,25.16,29.8,35.01,25.93539766,10.00
2917,25.16,29.8,35.01,17.12973017,10.00
2918,25.16,29.8,35.01,16.36299629,10.00
2919,25.16,29.8,35.01,24.49836685,10.00
2920,25.16,29.8,35.01,19.68174747,10.00
2921,25.16,29.8,35.01,21.03422617,10.00
2922,25.16,29.8,35.01,15.36426154,10.00
2923,25.16,29.8,35.01,29.50382644,10.00
2924,25.16,29.8,35.01,14.51472986,10.00
2925,25.16,29.8,35.01,5.199570026,10.00
2926,25.16,29.8,35.01,15.09399899,10.00
2927,25.16,29.8,35.01,20.04742981,10.00
2928,25.16,14.6,16.04,11.65174089,10.00
2929,25.16,14.6,16.04,10.43216272,10.00
2930,25.16,14.6,16.04,15.56280322,10.00
2931,25.16,14.6,16.04,10.01011332,10.00
2932,25.16,14.6,16.04,21.90335353,10.00
2933,25.16,14.6,16.04,21.36488888,10.00
2934,25.16,14.6,16.04,20.71573998,10.00
2935,25.16,14.6,16.04,14.91612091,10.00
2936,25.16,14.6,16.04,10.43696591,10.00
2937,25.16,14.6,16.04,9.870115678,10.00
2938,25.16,14.6,16.04,18.13171499,10.00
2939,25.16,14.6,16.04,24.0241676,10.00
2940,25.16,14.6,16.04,25.69472913,10.00
2941,25.16,14.6,16.04,33.83983786,10.00
2942,25.16,29.8,35.01,32.515078,10.00
2943,25.16,29.8,35.01,29.97443212,10.00
2944,25.16,29.8,35.01,25.03158362,10.00
2945,25.16,29.8,35.01,20.30937302,10.00
2946,25.16,29.8,35.01,33.08706552,10.00
2947,25.16,29.8,35.01,31.31197186,10.00
2948,25.16,29.8,35.01,25.50465444,10.00
2949,25.16,29.8,35.01,31.91775307,10.00
2950,25.16,29.8,35.01,18.97232946,10.00
2951,25.16,29.8,35.01,26.02237509,10.00
2952,25.16,29.8,35.01,24.06555223,10.00
2953,25.16,29.8,35.01,23.79999228,10.00
2954,25.16,29.8,35.01,23.78900018,10.00
2955,25.16,29.8,16.04,19.47612697,10.00
2956,25.16,29.8,16.04,12.2264598,10.00
2957,25.16,29.8,16.04,9.995227168,10.00
2958,25.16,29.8,16.04,25.55511182,10.00
2959,25.16,29.8,16.04,18.69179121,10.00
2960,25.16,29.8,16.04,24.94630389,10.00
2961,25.16,29.8,35.01,19.50904541,10.00
2962,25.16,29.8,35.01,15.06962538,10.00
2963,25.16,29.8,35.01,22.26140892,10.00
2964,25.16,29.8,35.01,26.52563674,10.00
2965,25.16,29.8,35.01,17.51956943,10.00
2966,25.16,29.8,35.01,16.73538618,10.00
2967,25.16,29.8,35.01,25.05590192,10.00
2968,25.16,29.8,35.01,20.12966567,10.00
2969,25.16,29.8,35.01,21.51292415,10.00
2970,25.16,29.8,35.01,15.71392218,10.00
2971,25.16,29.8,35.01,30.175276,10.00
2972,25.16,29.8,35.01,14.78781352,10.00
2973,25.16,29.8,35.01,5.297395999,10.00
2974,25.16,29.8,35.01,15.37798115,10.00
2975,25.16,29.8,35.01,20.42460702,10.00
2976,25.16,14.6,16.04,11.7051713,10.00
2977,25.16,14.6,16.04,10.48000062,10.00
2978,25.16,14.6,16.04,15.63416827,10.00
2979,25.16,14.6,16.04,10.05601586,10.00
2980,25.16,14.6,16.04,22.0037939,10.00
2981,25.16,14.6,16.04,21.46286006,10.00
2982,25.16,14.6,16.04,20.81073441,10.00
2983,25.16,14.6,16.04,14.98452051,10.00
2984,25.16,14.6,16.04,10.48482583,10.00
2985,25.16,14.6,16.04,9.915376239,10.00
2986,25.16,14.6,16.04,18.21486007,10.00
2987,25.16,14.6,16.04,24.13433321,10.00
2988,25.16,14.6,16.04,25.83670421,10.00
2989,25.16,14.6,16.04,34.02681839,10.00
2990,25.16,29.8,35.01,32.69473862,10.00
2991,25.16,29.8,35.01,30.14005452,10.00
2992,25.16,29.8,35.01,25.16989452,10.00
2993,25.16,29.8,35.01,20.42159156,10.00
2994,25.16,29.8,35.01,33.26988664,10.00
2995,25.16,29.8,35.01,31.48498477,10.00
2996,25.16,29.8,35.01,25.64557928,10.00
2997,25.16,29.8,35.01,32.0941132,10.00
2998,25.16,29.8,35.01,19.07716022,10.00
2999,25.16,29.8,35.01,26.16616057,10.00
3000,25.16,29.8,35.01,24.19852537,10.00
3001,25.16,29.8,35.01,23.93149809,10.00
3002,25.16,29.8,35.01,23.92044524,10.00
3003,25.16,29.8,16.04,19.58374144,10.00
3004,25.16,29.8,16.04,12.29401656,10.00
3005,25.16,29.8,16.04,10.05045535,10.00
3006,25.16,29.8,16.04,25.69631546,10.00
3007,25.16,29.8,16.04,18.79507187,10.00
3008,25.16,29.8,16.04,25.08414358,10.00
3009,25.16,29.8,35.01,19.61684177,10.00
3010,25.16,29.8,35.01,15.15289193,10.00
3011,25.16,29.8,35.01,22.38441335,10.00
3012,25.16,29.8,35.01,26.67220297,10.00
3013,25.16,29.8,35.01,17.61637303,10.00
3014,25.16,29.8,35.01,16.82785681,10.00
3015,25.16,29.8,35.01,25.19434719,10.00
3016,25.16,29.8,35.01,20.24089124,10.00
3017,25.16,29.8,35.01,21.63179286,10.00
3018,25.16,29.8,35.01,15.80074876,10.00
3019,25.16,29.8,35.01,30.34200815,10.00
3020,25.16,29.8,35.01,14.85562475,10.00
3021,25.16,29.8,35.01,5.321687823,10.00
3022,25.16,29.8,35.01,15.44849867,10.00
3023,25.16,29.8,35.01,20.51826643,10.00
3024,25.16,14.6,16.04,11.72813728,10.00
3025,25.16,14.6,16.04,10.50056277,10.00
3026,25.16,14.6,16.04,15.66484309,10.00
3027,25.16,14.6,16.04,10.07574614,10.00
3028,25.16,14.6,16.04,22.04696617,10.00
3029,25.16,14.6,16.04,21.504971,10.00
3030,25.16,14.6,16.04,20.85156585,10.00
3031,25.16,14.6,16.04,15.01392071,10.00
3032,25.16,14.6,16.04,10.50539746,10.00
3033,25.16,14.6,16.04,9.934830581,10.00
3034,25.16,14.6,16.04,18.25059832,10.00
3035,25.16,14.6,16.04,24.18168568,10.00
3036,25.16,14.6,16.04,25.89772935,10.00
3037,25.16,14.6,16.04,34.10718821,10.00
3038,25.16,29.8,35.01,32.77196212,10.00
3039,25.16,29.8,35.01,30.21124398,10.00
3040,25.16,29.8,35.01,25.22934468,10.00
3041,25.16,29.8,35.01,20.46982644,10.00
3042,25.16,29.8,35.01,33.34846862,10.00
3043,25.16,29.8,35.01,31.5593509,10.00
3044,25.16,29.8,35.01,25.70615298,10.00
3045,25.16,29.8,35.01,32.16991806,10.00
3046,25.16,29.8,35.01,19.12221962,10.00
3047,25.16,29.8,35.01,26.22796387,10.00
3048,25.16,29.8,35.01,24.25568121,10.00
3049,25.16,29.8,35.01,23.98802321,10.00
3050,25.16,29.8,35.01,23.97694426,10.00
3051,25.16,29.8,16.04,19.62999736,10.00
3052,25.16,29.8,16.04,12.32305448,10.00
3053,25.16,29.8,16.04,10.07419408,10.00
3054,25.16,29.8,16.04,25.75700901,10.00
3055,25.16,29.8,16.04,18.83946499,10.00
3056,25.16,29.8,16.04,25.14339121,10.00
3057,25.16,29.8,35.01,19.66317588,10.00
3058,25.16,29.8,35.01,15.18868238,10.00
3059,25.16,29.8,35.01,22.43728433,10.00
3060,25.16,29.8,35.01,26.73520152,10.00
3061,25.16,29.8,35.01,17.65798212,10.00
3062,25.16,29.8,35.01,16.86760346,10.00
3063,25.16,29.8,35.01,25.25385511,10.00
3064,25.16,29.8,35.01,20.28869932,10.00
3065,25.16,29.8,35.01,21.68288618,10.00
3066,25.16,29.8,35.01,15.83806942,10.00
3067,25.16,29.8,35.01,30.41367462,10.00
3068,25.16,29.8,35.01,14.88477205,10.00
3069,25.16,29.8,35.01,5.332129176,10.00
3070,25.16,29.8,35.01,15.47880921,10.00
3071,25.16,29.8,35.01,20.55852404,10.00
3072,25.16,14.6,16.04,11.96638009,10.00
3073,25.16,14.6,16.04,10.7138689,10.00
3074,25.16,14.6,16.04,15.98305528,10.00
3075,25.16,14.6,16.04,10.28042264,10.00
3076,25.16,14.6,16.04,22.49482341,10.00
3077,25.16,14.6,16.04,21.94181827,10.00
3078,25.16,14.6,16.04,21.27513999,10.00
3079,25.16,14.6,16.04,15.3189102,10.00
3080,25.16,14.6,16.04,10.7188018,10.00
3081,25.16,14.6,16.04,10.13664455,10.00
3082,25.16,14.6,16.04,18.62133697,10.00
3083,25.16,14.6,16.04,24.67290714,10.00
3084,25.16,14.6,16.04,26.53078726,10.00
3085,25.16,14.6,16.04,34.9409225,10.00
3086,25.16,29.8,35.01,33.57305744,10.00
3087,25.16,29.8,35.01,30.94974374,10.00
3088,25.16,29.8,35.01,25.84606424,10.00
3089,25.16,29.8,35.01,20.9702018,10.00
3090,25.16,29.8,35.01,34.16365637,10.00
3091,25.16,29.8,35.01,32.3308045,10.00
3092,25.16,29.8,35.01,26.3345279,10.00
3093,25.16,29.8,35.01,32.95629669,10.00
3094,25.16,29.8,35.01,19.58965335,10.00
3095,25.16,29.8,35.01,26.86909421,10.00
3096,25.16,29.8,35.01,24.84860001,10.00
3097,25.16,29.8,35.01,24.57439924,10.00
3098,25.16,29.8,35.01,24.56304948,10.00
3099,25.16,29.8,16.04,20.10984349,10.00
3100,25.16,29.8,16.04,12.62428579,10.00
3101,25.16,29.8,16.04,10.32045305,10.00
3102,25.16,29.8,16.04,26.38662707,10.00
3103,25.16,29.8,16.04,19.29998692,10.00
3104,25.16,29.8,16.04,25.75800967,10.00
3105,25.16,29.8,35.01,20.14383303,10.00
3106,25.16,29.8,35.01,15.55996263,10.00
3107,25.16,29.8,35.01,22.98575328,10.00
3108,25.16,29.8,35.01,27.38873104,10.00
3109,25.16,29.8,35.01,18.08962325,10.00
3110,25.16,29.8,35.01,17.27992415,10.00
3111,25.16,29.8,35.01,25.87117381,10.00
3112,25.16,29.8,35.01,20.78464711,10.00
3113,25.16,29.8,35.01,22.21291422,10.00
3114,25.16,29.8,35.01,16.22522363,10.00
3115,25.16,29.8,35.01,31.1571227,10.00
3116,25.16,29.8,35.01,15.18713805,10.00
3117,25.16,29.8,35.01,5.440444879,10.00
3118,25.16,29.8,35.01,15.79324234,10.00
3119,25.16,29.8,35.01,20.97614539,10.00
3120,25.16,14.6,16.04,11.39771601,10.00
3121,25.16,14.6,16.04,10.20472642,10.00
3122,25.16,14.6,16.04,15.22351151,10.00
3123,25.16,14.6,16.04,9.791878311,10.00
3124,25.16,14.6,16.04,21.42582861,10.00
3125,25.16,14.6,16.04,20.89910327,10.00
3126,25.16,14.6,16.04,20.26410676,10.00
3127,25.16,14.6,16.04,14.59092781,10.00
3128,25.16,14.6,16.04,10.2094249,10.00
3129,25.16,14.6,16.04,9.65493282,10.00
3130,25.16,14.6,16.04,17.73641727,10.00
3131,25.16,14.6,16.04,23.50040585,10.00
3132,25.16,14.6,16.04,25.01973518,10.00
3133,25.16,14.6,16.04,32.950874,10.00
3134,25.16,29.8,35.01,31.66091523,10.00
3135,25.16,29.8,35.01,29.18701147,10.00
3136,25.16,29.8,35.01,24.37401033,10.00
3137,25.16,29.8,35.01,19.77585099,10.00
3138,25.16,29.8,35.01,32.21787679,10.00
3139,25.16,29.8,35.01,30.48941439,10.00
3140,25.16,29.8,35.01,24.8346537,10.00
3141,25.16,29.8,35.01,31.07928188,10.00
3142,25.16,29.8,35.01,18.47393123,10.00
3143,25.16,29.8,35.01,25.33877397,10.00
3144,25.16,29.8,35.01,23.43335634,10.00
3145,25.16,29.8,35.01,23.17477259,10.00
3146,25.16,29.8,35.01,23.16406924,10.00
3147,25.16,29.8,16.04,18.9644941,10.00
3148,25.16,29.8,16.04,11.90527383,10.00
3149,25.16,29.8,16.04,9.732655113,10.00
3150,25.16,29.8,16.04,24.88378559,10.00
3151,25.16,29.8,16.04,18.20076264,10.00
3152,25.16,29.8,16.04,24.29097088,10.00
3153,25.16,29.8,35.01,18.99654779,10.00
3154,25.16,29.8,35.01,14.67375019,10.00
3155,25.16,29.8,35.01,21.67660742,10.00
3156,25.16,29.8,35.01,25.82881506,10.00
3157,25.16,29.8,35.01,17.05933483,10.00
3158,25.16,29.8,35.01,16.29575187,10.00
3159,25.16,29.8,35.01,24.39768979,10.00
3160,25.16,29.8,35.01,19.60086451,10.00
3161,25.16,29.8,35.01,20.94778514,10.00
3162,25.16,29.8,35.01,15.30112147,10.00
3163,25.16,29.8,35.01,29.38257924,10.00
3164,25.16,29.8,35.01,14.4654177,10.00
3165,25.16,29.8,35.01,5.181905072,10.00
3166,25.16,29.8,35.01,15.04271883,10.00
3167,25.16,29.8,35.01,19.97932092,10.00
3168,25.16,14.6,16.04,11.77339701,10.00
3169,25.16,14.6,16.04,10.5410852,10.00
3170,25.16,14.6,16.04,15.72529485,10.00
3171,25.16,14.6,16.04,10.11462917,10.00
3172,25.16,14.6,16.04,22.132047,10.00
3173,25.16,14.6,16.04,21.58796023,10.00
3174,25.16,14.6,16.04,20.93203354,10.00
3175,25.16,14.6,16.04,15.0718605,10.00
3176,25.16,14.6,16.04,10.54593854,10.00
3177,25.16,14.6,16.04,9.973169805,10.00
3178,25.16,14.6,16.04,18.32102868,10.00
3179,25.16,14.6,16.04,24.27500454,10.00
3180,25.16,14.6,16.04,26.01799332,10.00
3181,25.16,14.6,16.04,34.26557529,10.00
3182,25.16,29.8,35.01,32.92414868,10.00
3183,25.16,29.8,35.01,30.35153906,10.00
3184,25.16,29.8,35.01,25.3465048,10.00
3185,25.16,29.8,35.01,20.56488429,10.00
3186,25.16,29.8,35.01,33.50333235,10.00
3187,25.16,29.8,35.01,31.70590632,10.00
3188,25.16,29.8,35.01,25.82552731,10.00
3189,25.16,29.8,35.01,32.31930883,10.00
3190,25.16,29.8,35.01,19.21101945,10.00
3191,25.16,29.8,35.01,26.34976138,10.00
3192,25.16,29.8,35.01,24.36831982,10.00
3193,25.16,29.8,35.01,24.09941888,10.00
3194,25.16,29.8,35.01,24.08828848,10.00
3195,25.16,29.8,16.04,19.72115521,10.00
3196,25.16,29.8,16.04,12.38028032,10.00
3197,25.16,29.8,16.04,10.12097666,10.00
3198,25.16,29.8,16.04,25.8766195,10.00
3199,25.16,29.8,16.04,18.92695176,10.00
3200,25.16,29.8,16.04,25.26015217,10.00
3201,25.16,29.8,35.01,19.7544878,10.00
3202,25.16,29.8,35.01,15.25921564,10.00
3203,25.16,29.8,35.01,22.54147867,10.00
3204,25.16,29.8,35.01,26.85935454,10.00
3205,25.16,29.8,35.01,17.73998232,10.00
3206,25.16,29.8,35.01,16.94593329,10.00
3207,25.16,29.8,35.01,25.37112905,10.00
3208,25.16,29.8,35.01,20.38291605,10.00
3209,25.16,29.8,35.01,21.78357724,10.00
3210,25.16,29.8,35.01,15.9116183,10.00
3211,25.16,29.8,35.01,30.55490975,10.00
3212,25.16,29.8,35.01,14.94221345,10.00
3213,25.16,29.8,35.01,5.352706244,10.00
3214,25.16,29.8,35.01,15.53854304,10.00
3215,25.16,29.8,35.01,20.63786086,10.00
3216,25.16,14.6,16.04,11.58547097,10.00
3217,25.16,14.6,16.04,10.37282922,10.00
3218,25.16,14.6,16.04,15.47428892,10.00
3219,25.16,14.6,16.04,9.953180247,10.00
3220,25.16,14.6,16.04,21.77877699,10.00
3221,25.16,14.6,16.04,21.2433749,10.00
3222,25.16,14.6,16.04,20.59791806,10.00
3223,25.16,14.6,16.04,14.83128465,10.00
3224,25.16,14.6,16.04,10.37760509,10.00
3225,25.16,14.6,16.04,9.813978849,10.00
3226,25.16,14.6,16.04,18.02858986,10.00
3227,25.16,14.6,16.04,23.88752882,10.00
3228,25.16,14.6,16.04,25.51863694,10.00
3229,25.16,14.6,16.04,33.60792528,10.00
3230,25.16,29.8,35.01,32.29224431,10.00
3231,25.16,29.8,35.01,29.7690101,10.00
3232,25.16,29.8,35.01,24.86003613,10.00
3233,25.16,29.8,35.01,20.17018798,10.00
3234,25.16,29.8,35.01,32.86031187,10.00
3235,25.16,29.8,35.01,31.09738336,10.00
3236,25.16,29.8,35.01,25.32986488,10.00
3237,25.16,29.8,35.01,31.699013,10.00
3238,25.16,29.8,35.01,18.8423075,10.00
3239,25.16,29.8,35.01,25.84403747,10.00
3240,25.16,29.8,35.01,23.90062519,10.00
3241,25.16,29.8,35.01,23.63688519,10.00
3242,25.16,29.8,35.01,23.62596841,10.00
3243,25.16,29.8,16.04,19.34265237,10.00
3244,25.16,29.8,16.04,12.14266892,10.00
3245,25.16,29.8,16.04,9.926727463,10.00
3246,25.16,29.8,16.04,25.37997647,10.00
3247,25.16,29.8,16.04,18.56369185,10.00
3248,25.16,29.8,16.04,24.77534084,10.00
3249,25.16,29.8,35.01,19.37534521,10.00
3250,25.16,29.8,35.01,14.9663496,10.00
3251,25.16,29.8,35.01,22.10884611,10.00
3252,25.16,29.8,35.01,26.34385014,10.00
3253,25.16,29.8,35.01,17.39950359,10.00
3254,25.16,29.8,35.01,16.62069454,10.00
3255,25.16,29.8,35.01,24.88418777,10.00
3256,25.16,29.8,35.01,19.99171221,10.00
3257,25.16,29.8,35.01,21.36549088,10.00
3258,25.16,29.8,35.01,15.60623087,10.00
3259,25.16,29.8,35.01,29.96847755,10.00
3260,25.16,29.8,35.01,14.70370701,10.00
3261,25.16,29.8,35.01,5.267266767,10.00
3262,25.16,29.8,35.01,15.29051803,10.00
3263,25.16,29.8,35.01,20.30844094,10.00
3264,25.16,14.6,16.04,11.5495975,10.00
3265,25.16,14.6,16.04,10.3407106,10.00
3266,25.16,14.6,16.04,15.42637405,10.00
3267,25.16,14.6,16.04,9.922361035,10.00
3268,25.16,14.6,16.04,21.71134078,10.00
3269,25.16,14.6,16.04,21.17759652,10.00
3270,25.16,14.6,16.04,20.53413828,10.00
3271,25.16,14.6,16.04,14.78536078,10.00
3272,25.16,14.6,16.04,10.34547169,10.00
3273,25.16,14.6,16.04,9.783590663,10.00
3274,25.16,14.6,16.04,17.9727658,10.00
3275,25.16,14.6,16.04,23.81356303,10.00
3276,25.16,14.6,16.04,25.4233141,10.00
3277,25.16,14.6,16.04,33.48238554,10.00
3278,25.16,29.8,35.01,32.1716192,10.00
3279,25.16,29.8,35.01,29.65781032,10.00
3280,25.16,29.8,35.01,24.76717343,10.00
3281,25.16,29.8,35.01,20.09484384,10.00
3282,25.16,29.8,35.01,32.73756478,10.00
3283,25.16,29.8,35.01,30.98122155,10.00
3284,25.16,29.8,35.01,25.23524718,10.00
3285,25.16,29.8,35.01,31.58060385,10.00
3286,25.16,29.8,35.01,18.77192356,10.00
3287,25.16,29.8,35.01,25.74749912,10.00
3288,25.16,29.8,35.01,23.8113463,10.00
3289,25.16,29.8,35.01,23.54859148,10.00
3290,25.16,29.8,35.01,23.53771548,10.00
3291,25.16,29.8,16.04,19.27039942,10.00
3292,25.16,29.8,16.04,12.09731094,10.00
3293,25.16,29.8,16.04,9.88964696,10.00
3294,25.16,29.8,16.04,25.28517158,10.00
3295,25.16,29.8,16.04,18.49434865,10.00
3296,25.16,29.8,16.04,24.68279452,10.00
3297,25.16,29.8,35.01,19.30297014,10.00
3298,25.16,29.8,35.01,14.91044399,10.00
3299,25.16,29.8,35.01,22.02626027,10.00
3300,25.16,29.8,35.01,26.24544478,10.00
3301,25.16,29.8,35.01,17.33450912,10.00
3302,25.16,29.8,35.01,16.55860925,10.00
3303,25.16,29.8,35.01,24.79123486,10.00
3304,25.16,29.8,35.01,19.91703475,10.00
3305,25.16,29.8,35.01,21.28568179,10.00
3306,25.16,29.8,35.01,15.54793504,10.00
3307,25.16,29.8,35.01,29.85653268,10.00
3308,25.16,29.8,35.01,14.65817818,10.00
3309,25.16,29.8,35.01,5.250957104,10.00
3310,25.16,29.8,35.01,15.24317219,10.00
3311,25.16,29.8,35.01,20.24555751,10.00
3312,25.16,14.6,16.04,11.58037853,10.00
3313,25.16,14.6,16.04,10.3682698,10.00
3314,25.16,14.6,16.04,15.46748714,10.00
3315,25.16,14.6,16.04,9.948805288,10.00
3316,25.16,14.6,16.04,21.76920405,10.00
3317,25.16,14.6,16.04,21.23403729,10.00
3318,25.16,14.6,16.04,20.58886417,10.00
3319,25.16,14.6,16.04,14.8247655,10.00
3320,25.16,14.6,16.04,10.37304358,10.00
3321,25.16,14.6,16.04,9.809665076,10.00
3322,25.16,14.6,16.04,18.02066532,10.00
3323,25.16,14.6,16.04,23.87702896,10.00
3324,25.16,14.6,16.04,25.50510533,10.00
3325,25.16,14.6,16.04,33.59010421,10.00
3326,25.16,29.8,35.01,32.2751209,10.00
3327,25.16,29.8,35.01,29.75322467,10.00
3328,25.16,29.8,35.01,24.84685375,10.00
3329,25.16,29.8,35.01,20.15949246,10.00
3330,25.16,29.8,35.01,32.84288724,10.00
3331,25.16,29.8,35.01,31.08089354,10.00
3332,25.16,29.8,35.01,25.31643337,10.00
3333,25.16,29.8,35.01,31.68220416,10.00
3334,25.16,29.8,35.01,18.83231611,10.00
3335,25.16,29.8,35.01,25.83033331,10.00
3336,25.16,29.8,35.01,23.88795155,10.00
3337,25.16,29.8,35.01,23.6243514,10.00
3338,25.16,29.8,35.01,23.61344042,10.00
3339,25.16,29.8,16.04,19.33239566,10.00
3340,25.16,29.8,16.04,12.1362301,10.00
3341,25.16,29.8,16.04,9.921463678,10.00
3342,25.16,29.8,16.04,25.36651839,10.00
3343,25.16,29.8,16.04,18.55384819,10.00
3344,25.16,29.8,16.04,24.76220337,10.00
3345,25.16,29.8,35.01,19.36507116,10.00
3346,25.16,29.8,35.01,14.95841349,10.00
3347,25.16,29.8,35.01,22.09712259,10.00
3348,25.16,29.8,35.01,26.32988095,10.00
3349,25.16,29.8,35.01,17.39027726,10.00
3350,25.16,29.8,35.01,16.61188118,10.00
3351,25.16,29.8,35.01,24.87099258,10.00
3352,25.16,29.8,35.01,19.98111133,10.00
3353,25.16,29.8,35.01,21.35416154,10.00
3354,25.16,29.8,35.01,15.59795545,10.00
3355,25.16,29.8,35.01,29.95258635,10.00
3356,25.16,29.8,35.01,14.69724394,10.00
3357,25.16,29.8,35.01,5.264951519,10.00
3358,25.16,29.8,35.01,15.28379703,10.00
3359,25.16,29.8,35.01,20.29951429,10.00
3360,25.16,14.6,16.04,11.53917605,10.00
3361,25.16,14.6,16.04,10.33137996,10.00
3362,25.16,14.6,16.04,15.4124545,10.00
3363,25.16,14.6,16.04,9.913407878,10.00
3364,25.16,14.6,16.04,21.69175018,10.00
3365,25.16,14.6,16.04,21.15848752,10.00
3366,25.16,14.6,16.04,20.5156099,10.00
3367,25.16,14.6,16.04,14.77201964,10.00
3368,25.16,14.6,16.04,10.33613675,10.00
3369,25.16,14.6,16.04,9.774762721,10.00
3370,25.16,14.6,16.04,17.95654859,10.00
3371,25.16,14.6,16.04,23.79207555,10.00
3372,25.16,14.6,16.04,25.39562227,10.00
3373,25.16,14.6,16.04,33.44591553,10.00
3374,25.16,29.8,35.01,32.13657691,10.00
3375,25.16,29.8,35.01,29.62550615,10.00
3376,25.16,29.8,35.01,24.74019629,10.00
3377,25.16,29.8,35.01,20.07295594,10.00
3378,25.16,29.8,35.01,32.70190605,10.00
3379,25.16,29.8,35.01,30.94747588,10.00
3380,25.16,29.8,35.01,25.2077602,10.00
3381,25.16,29.8,35.01,31.54620532,10.00
3382,25.16,29.8,35.01,18.75147662,10.00
3383,25.16,29.8,35.01,25.71945418,10.00
3384,25.16,29.8,35.01,23.78541027,10.00
3385,25.16,29.8,35.01,23.52294165,10.00
3386,25.16,29.8,35.01,23.5120775,10.00
3387,25.16,29.8,16.04,19.24940953,10.00
3388,25.16,29.8,16.04,12.08413419,10.00
3389,25.16,29.8,16.04,9.878874862,10.00
3390,25.16,29.8,16.04,25.25763022,10.00
3391,25.16,29.8,16.04,18.47420405,10.00
3392,25.16,29.8,16.04,24.65590929,10.00
3393,25.16,29.8,35.01,19.28194477,10.00
3394,25.16,29.8,35.01,14.89420309,10.00
3395,25.16,29.8,35.01,22.00226861,10.00
3396,25.16,29.8,35.01,26.21685746,10.00
3397,25.16,29.8,35.01,17.31562786,10.00
3398,25.16,29.8,35.01,16.54057312,10.00
3399,25.16,29.8,35.01,24.76423151,10.00
3400,25.16,29.8,35.01,19.89534053,10.00
3401,25.16,29.8,35.01,21.26249679,10.00
3402,25.16,29.8,35.01,15.53099976,10.00
3403,25.16,29.8,35.01,29.82401205,10.00
3404,25.16,29.8,35.01,14.64495179,10.00
3405,25.16,29.8,35.01,5.246219054,10.00
3406,25.16,29.8,35.01,15.22941795,10.00
3407,25.16,29.8,35.01,20.22728951,10.00
3408,25.16,14.6,16.04,11.57215618,10.00
3409,25.16,14.6,16.04,10.36090808,10.00
3410,25.16,14.6,16.04,15.45650484,10.00
3411,25.16,14.6,16.04,9.941741394,10.00
3412,25.16,14.6,16.04,21.75374738,10.00
3413,25.16,14.6,16.04,21.2189606,10.00
3414,25.16,14.6,16.04,20.57424557,10.00
3415,25.16,14.6,16.04,14.81423955,10.00
3416,25.16,14.6,16.04,10.36567846,10.00
3417,25.16,14.6,16.04,9.802699976,10.00
3418,25.16,14.6,16.04,18.00787021,10.00
3419,25.16,14.6,16.04,23.86007569,10.00
3420,25.16,14.6,16.04,25.48325693,10.00
3421,25.16,14.6,16.04,33.56132997,10.00
3422,25.16,29.8,35.01,32.24747312,10.00
3423,25.16,29.8,35.01,29.72773721,10.00
3424,25.16,29.8,35.01,24.82556923,10.00
3425,25.16,29.8,35.01,20.14222326,10.00
3426,25.16,29.8,35.01,32.81475308,10.00
3427,25.16,29.8,35.01,31.05426876,10.00
3428,25.16,29.8,35.01,25.29474659,10.00
3429,25.16,29.8,35.01,31.65506428,10.00
3430,25.16,29.8,35.01,18.81618381,10.00
3431,25.16,29.8,35.01,25.80820632,10.00
3432,25.16,29.8,35.01,23.86748845,10.00
3433,25.16,29.8,35.01,23.60411411,10.00
3434,25.16,29.8,35.01,23.59321247,10.00
3435,25.16,29.8,16.04,19.31583498,10.00
3436,25.16,29.8,16.04,12.12583386,10.00
3437,25.16,29.8,16.04,9.91296467,10.00
3438,25.16,29.8,16.04,25.3447887,10.00
3439,25.16,29.8,16.04,18.53795444,10.00
3440,25.16,29.8,16.04,24.74099137,10.00
3441,25.16,29.8,35.01,19.34848249,10.00
3442,25.16,29.8,35.01,14.94559968,10.00
3443,25.16,29.8,35.01,22.07819357,10.00
3444,25.16,29.8,35.01,26.30732603,10.00
3445,25.16,29.8,35.01,17.37538025,10.00
3446,25.16,29.8,35.01,16.59765097,10.00
3447,25.16,29.8,35.01,24.84968738,10.00
3448,25.16,29.8,35.01,19.96399494,10.00
3449,25.16,29.8,35.01,21.33586895,10.00
3450,25.16,29.8,35.01,15.5845938,10.00
3451,25.16,29.8,35.01,29.92692811,10.00
3452,25.16,29.8,35.01,14.68680854,10.00
3453,25.16,29.8,35.01,5.261213275,10.00
3454,25.16,29.8,35.01,15.27294516,10.00
3455,25.16,29.8,35.01,20.28510114,10.00
3456,25.16,14.6,16.04,12.33798295,10.00
3457,25.16,14.6,16.04,11.0465764,10.00
3458,25.16,14.6,16.04,16.4793916,10.00
3459,25.16,14.6,16.04,10.59966993,10.00
3460,25.16,14.6,16.04,23.19337558,10.00
3461,25.16,14.6,16.04,22.62319746,10.00
3462,25.16,14.6,16.04,21.93581622,10.00
3463,25.16,14.6,16.04,15.79462222,10.00
3464,25.16,14.6,16.04,11.05166248,10.00
3465,25.16,14.6,16.04,10.45142697,10.00
3466,25.16,14.6,16.04,19.19960225,10.00
3467,25.16,14.6,16.04,25.43909732,10.00
3468,25.16,14.6,16.04,27.51820899,10.00
3469,25.16,14.6,16.04,36.2413523,10.00
3470,25.16,29.8,35.01,34.8225781,10.00
3471,25.16,29.8,35.01,32.10163001,10.00
3472,25.16,29.8,35.01,26.80800198,10.00
3473,25.16,29.8,35.01,21.75066989,10.00
3474,25.16,29.8,35.01,35.43515791,10.00
3475,25.16,29.8,35.01,33.53409103,10.00
3476,25.16,29.8,35.01,27.31464526,10.00
3477,25.16,29.8,35.01,34.18286276,10.00
3478,25.16,29.8,35.01,20.31874026,10.00
3479,25.16,29.8,35.01,27.86910704,10.00
3480,25.16,29.8,35.01,25.77341417,10.00
3481,25.16,29.8,35.01,25.48900821,10.00
3482,25.16,29.8,35.01,25.47723603,10.00
3483,25.16,29.8,16.04,20.8582908,10.00
3484,25.16,29.8,16.04,13.09413593,10.00
3485,25.16,29.8,16.04,10.70455924,10.00
3486,25.16,29.8,16.04,27.36868346,10.00
3487,25.16,29.8,16.04,20.01829302,10.00
3488,25.16,29.8,16.04,26.7166702,10.00
3489,25.16,29.8,35.01,20.89354537,10.00
3490,25.16,29.8,35.01,16.13907267,10.00
3491,25.16,29.8,35.01,23.84123608,10.00
3492,25.16,29.8,35.01,28.40808369,10.00
3493,25.16,29.8,35.01,18.76288209,10.00
3494,25.16,29.8,35.01,17.92304765,10.00
3495,25.16,29.8,35.01,26.83404608,10.00
3496,25.16,29.8,35.01,21.55820924,10.00
3497,25.16,29.8,35.01,23.03963353,10.00
3498,25.16,29.8,35.01,16.82909333,10.00
3499,25.16,29.8,35.01,32.31672719,10.00
3500,25.16,29.8,35.01,15.65875803,10.00
3501,25.16,29.8,35.01,5.609391951,10.00
3502,25.16,29.8,35.01,16.28368423,10.00
3503,25.16,29.8,35.01,21.62753667,10.00
3504,25.16,14.6,16.04,11.89958753,10.00
3505,25.16,14.6,16.04,10.65406746,10.00
3506,25.16,14.6,16.04,15.8938429,10.00
3507,25.16,14.6,16.04,10.22304056,10.00
3508,25.16,14.6,16.04,22.36926439,10.00
3509,25.16,14.6,16.04,21.81934595,10.00
3510,25.16,14.6,16.04,21.15638886,10.00
3511,25.16,14.6,16.04,15.23340487,10.00
3512,25.16,14.6,16.04,10.65897282,10.00
3513,25.16,14.6,16.04,10.08006499,10.00
3514,25.16,14.6,16.04,18.51739853,10.00
3515,25.16,14.6,16.04,24.53519075,10.00
3516,25.16,14.6,16.04,26.3533063,10.00
3517,25.16,14.6,16.04,34.70718091,10.00
3518,25.16,29.8,35.01,33.34846636,10.00
3519,25.16,29.8,35.01,30.74270163,10.00
3520,25.16,29.8,35.01,25.67316382,10.00
3521,25.16,29.8,35.01,20.82991906,10.00
3522,25.16,29.8,35.01,33.9351144,10.00
3523,25.16,29.8,35.01,32.11452362,10.00
3524,25.16,29.8,35.01,26.15835984,10.00
3525,25.16,29.8,35.01,32.7358315,10.00
3526,25.16,29.8,35.01,19.45860596,10.00
3527,25.16,29.8,35.01,26.68935011,10.00
3528,25.16,29.8,35.01,24.68237225,10.00
3529,25.16,29.8,35.01,24.41000579,10.00
3530,25.16,29.8,35.01,24.39873194,10.00
3531,25.16,29.8,16.04,19.97531622,10.00
3532,25.16,29.8,16.04,12.53983408,10.00
3533,25.16,29.8,16.04,10.25141311,10.00
3534,25.16,29.8,16.04,26.21011049,10.00
3535,25.16,29.8,16.04,19.17087728,10.00
3536,25.16,29.8,16.04,25.5856983,10.00
3537,25.16,29.8,35.01,20.00907839,10.00
3538,25.16,29.8,35.01,15.45587235,10.00
3539,25.16,29.8,35.01,22.83198726,10.00
3540,25.16,29.8,35.01,27.20551076,10.00
3541,25.16,29.8,35.01,17.96861049,10.00
3542,25.16,29.8,35.01,17.16432798,10.00
3543,25.16,29.8,35.01,25.69810542,10.00
3544,25.16,29.8,35.01,20.64560566,10.00
3545,25.16,29.8,35.01,22.0643182,10.00
3546,25.16,29.8,35.01,16.11668301,10.00
3547,25.16,29.8,35.01,30.9486933,10.00
3548,25.16,29.8,35.01,15.10236822,10.00
3549,25.16,29.8,35.01,5.410078029,10.00
3550,25.16,29.8,35.01,15.70508944,10.00
3551,25.16,29.8,35.01,20.85906315,10.00
3552,25.16,14.6,16.04,11.78175518,10.00
3553,25.16,14.6,16.04,10.54856853,10.00
3554,25.16,14.6,16.04,15.73645856,10.00
3555,25.16,14.6,16.04,10.12180975,10.00
3556,25.16,14.6,16.04,22.14775899,10.00
3557,25.16,14.6,16.04,21.60328597,10.00
3558,25.16,14.6,16.04,20.94689362,10.00
3559,25.16,14.6,16.04,15.08256033,10.00
3560,25.16,14.6,16.04,10.55342532,10.00
3561,25.16,14.6,16.04,9.980249964,10.00
3562,25.16,14.6,16.04,18.33403516,10.00
3563,25.16,14.6,16.04,24.29223787,10.00
3564,25.16,14.6,16.04,26.04020263,10.00
3565,25.16,14.6,16.04,34.29482485,10.00
3566,25.16,29.8,35.01,32.95225319,10.00
3567,25.16,29.8,35.01,30.37744755,10.00
3568,25.16,29.8,35.01,25.36814093,10.00
3569,25.16,29.8,35.01,20.58243876,10.00
3570,25.16,29.8,35.01,33.53193126,10.00
3571,25.16,29.8,35.01,31.73297092,10.00
3572,25.16,29.8,35.01,25.84757233,10.00
3573,25.16,29.8,35.01,32.34689704,10.00
3574,25.16,29.8,35.01,19.22741824,10.00
3575,25.16,29.8,35.01,26.3722539,10.00
3576,25.16,29.8,35.01,24.38912096,10.00
3577,25.16,29.8,35.01,24.11999048,10.00
3578,25.16,29.8,35.01,24.10885058,10.00
3579,25.16,29.8,16.04,19.73798946,10.00
3580,25.16,29.8,16.04,12.3908483,10.00
3581,25.16,29.8,16.04,10.12961606,10.00
3582,25.16,29.8,16.04,25.89870813,10.00
3583,25.16,29.8,16.04,18.94310807,10.00
3584,25.16,29.8,16.04,25.28171459,10.00
3585,25.16,29.8,35.01,19.7713505,10.00
3586,25.16,29.8,35.01,15.27224111,10.00
3587,25.16,29.8,35.01,22.56072039,10.00
3588,25.16,29.8,35.01,26.88228206,10.00
3589,25.16,29.8,35.01,17.75512541,10.00
3590,25.16,29.8,35.01,16.96039858,10.00
3591,25.16,29.8,35.01,25.3927862,10.00
3592,25.16,29.8,35.01,20.40031519,10.00
3593,25.16,29.8,35.01,21.80217201,10.00
3594,25.16,29.8,35.01,15.92520068,10.00
3595,25.16,29.8,35.01,30.58099184,10.00
3596,25.16,29.8,35.01,14.95282124,10.00
3597,25.16,29.8,35.01,5.356506241,10.00
3598,25.16,29.8,35.01,15.54957417,10.00
3599,25.16,29.8,35.01,20.6525121,10.00
3600,25.16,14.6,16.04,11.32900079,10.00
3601,25.16,14.6,16.04,10.14320357,10.00
3602,25.16,14.6,16.04,15.13173111,10.00
3603,25.16,14.6,16.04,9.732844463,10.00
3604,25.16,14.6,16.04,21.29665532,10.00
3605,25.16,14.6,16.04,20.77310554,10.00
3606,25.16,14.6,16.04,20.14193733,10.00
3607,25.16,14.6,16.04,14.50296117,10.00
3608,25.16,14.6,16.04,10.14787372,10.00
3609,25.16,14.6,16.04,9.596724597,10.00
3610,25.16,14.6,16.04,17.62948692,10.00
3611,25.16,14.6,16.04,23.35872523,10.00
3612,25.16,14.6,16.04,24.83714536,10.00
3613,25.16,14.6,16.04,32.71040406,10.00
3614,25.16,29.8,35.01,31.4298592,10.00
3615,25.16,29.8,35.01,28.97400958,10.00
3616,25.16,29.8,35.01,24.1961329,10.00
3617,25.16,29.8,35.01,19.63153016,10.00
3618,25.16,29.8,35.01,31.98275615,10.00
3619,25.16,29.8,35.01,30.26690777,10.00
3620,25.16,29.8,35.01,24.65341458,10.00
3621,25.16,29.8,35.01,30.85247051,10.00
3622,25.16,29.8,35.01,18.33911158,10.00
3623,25.16,29.8,35.01,25.15385586,10.00
3624,25.16,29.8,35.01,23.26234365,10.00
3625,25.16,29.8,35.01,23.005647,10.00
3626,25.16,29.8,35.01,22.99502176,10.00
3627,25.16,29.8,16.04,18.82609442,10.00
3628,25.16,29.8,16.04,11.81839115,10.00
3629,25.16,29.8,16.04,9.661627834,10.00
3630,25.16,29.8,16.04,24.70218791,10.00
3631,25.16,29.8,16.04,18.06793654,10.00
3632,25.16,29.8,16.04,24.11369946,10.00
3633,25.16,29.8,35.01,18.85791418,10.00
3634,25.16,29.8,35.01,14.56666363,10.00
3635,25.16,29.8,35.01,21.51841518,10.00
3636,25.16,29.8,35.01,25.64032072,10.00
3637,25.16,29.8,35.01,16.93483868,10.00
3638,25.16,29.8,35.01,16.17682822,10.00
3639,25.16,29.8,35.01,24.21963956,10.00
3640,25.16,29.8,35.01,19.4578207,10.00
3641,25.16,29.8,35.01,20.79491173,10.00
3642,25.16,29.8,35.01,15.18945646,10.00
3643,25.16,29.8,35.01,29.16815012,10.00
3644,25.16,29.8,35.01,14.37820775,10.00
3645,25.16,29.8,35.01,5.1506641,10.00
3646,25.16,29.8,35.01,14.9520284,10.00
3647,25.16,29.8,35.01,19.85886843,10.00
3648,25.16,14.6,16.04,11.93969729,10.00
3649,25.16,14.6,16.04,10.68997896,10.00
3650,25.16,14.6,16.04,15.94741604,10.00
3651,25.16,14.6,16.04,10.2574992,10.00
3652,25.16,14.6,16.04,22.44466413,10.00
3653,25.16,14.6,16.04,21.89289209,10.00
3654,25.16,14.6,16.04,21.22770038,10.00
3655,25.16,14.6,16.04,15.28475187,10.00
3656,25.16,14.6,16.04,10.69490086,10.00
3657,25.16,14.6,16.04,10.11404172,10.00
3658,25.16,14.6,16.04,18.57981485,10.00
3659,25.16,14.6,16.04,24.61789114,10.00
3660,25.16,14.6,16.04,26.4598858,10.00
3661,25.16,14.6,16.04,34.84754562,10.00
3662,25.16,29.8,35.01,33.48333607,10.00
3663,25.16,29.8,35.01,30.86703297,10.00
3664,25.16,29.8,35.01,25.77699265,10.00
3665,25.16,29.8,35.01,20.91416057,10.00
3666,25.16,29.8,35.01,34.07235667,10.00
3667,25.16,29.8,35.01,32.24440295,10.00
3668,25.16,29.8,35.01,26.26415093,10.00
3669,25.16,29.8,35.01,32.86822356,10.00
3670,25.16,29.8,35.01,19.53730154,10.00
3671,25.16,29.8,35.01,26.79728865,10.00
3672,25.16,29.8,35.01,24.78219407,10.00
3673,25.16,29.8,35.01,24.50872608,10.00
3674,25.16,29.8,35.01,24.49740665,10.00
3675,25.16,29.8,16.04,20.0561015,10.00
3676,25.16,29.8,16.04,12.59054837,10.00
3677,25.16,29.8,16.04,10.29287245,10.00
3678,25.16,29.8,16.04,26.31611087,10.00
3679,25.16,29.8,16.04,19.24840921,10.00
3680,25.16,29.8,16.04,25.6891734,10.00
3681,25.16,29.8,35.01,20.09000021,10.00
3682,25.16,29.8,35.01,15.51837985,10.00
3683,25.16,29.8,35.01,22.92432565,10.00
3684,25.16,29.8,35.01,27.3155368,10.00
3685,25.16,29.8,35.01,18.04128014,10.00
3686,25.16,29.8,35.01,17.2337449,10.00
3687,25.16,29.8,35.01,25.80203512,10.00
3688,25.16,29.8,35.01,20.72910176,10.00
3689,25.16,29.8,35.01,22.15355194,10.00
3690,25.16,29.8,35.01,16.18186299,10.00
3691,25.16,29.8,35.01,31.07385772,10.00
3692,25.16,29.8,35.01,15.15327355,10.00
3693,25.16,29.8,35.01,5.428313697,10.00
3694,25.16,29.8,35.01,15.75802634,10.00
3695,25.16,29.8,35.01,20.92937248,10.00
3696,25.16,14.6,16.04,11.53932197,10.00
3697,25.16,14.6,16.04,10.3315106,10.00
3698,25.16,14.6,16.04,15.4126494,10.00
3699,25.16,14.6,16.04,9.913533238,10.00
3700,25.16,14.6,16.04,21.69202448,10.00
3701,25.16,14.6,16.04,21.15875508,10.00
3702,25.16,14.6,16.04,20.51586933,10.00
3703,25.16,14.6,16.04,14.77220643,10.00
3704,25.16,14.6,16.04,10.33626745,10.00
3705,25.16,14.6,16.04,9.774886328,10.00
3706,25.16,14.6,16.04,17.95677566,10.00
3707,25.16,14.6,16.04,23.79237641,10.00
3708,25.16,14.6,16.04,25.39601,10.00
3709,25.16,14.6,16.04,33.44642617,10.00
3710,25.16,29.8,35.01,32.13706756,10.00
3711,25.16,29.8,35.01,29.62595847,10.00
3712,25.16,29.8,35.01,24.74057402,10.00
3713,25.16,29.8,35.01,20.07326241,10.00
3714,25.16,29.8,35.01,32.70240534,10.00
3715,25.16,29.8,35.01,30.94794838,10.00
3716,25.16,29.8,35.01,25.20814506,10.00
3717,25.16,29.8,35.01,31.54668696,10.00
3718,25.16,29.8,35.01,18.75176291,10.00
3719,25.16,29.8,35.01,25.71984686,10.00
3720,25.16,29.8,35.01,23.78577342,10.00
3721,25.16,29.8,35.01,23.52330079,10.00
3722,25.16,29.8,35.01,23.51243648,10.00
3723,25.16,29.8,16.04,19.24970342,10.00
3724,25.16,29.8,16.04,12.08431869,10.00
3725,25.16,29.8,16.04,9.87902569,10.00
3726,25.16,29.8,16.04,25.25801585,10.00
3727,25.16,29.8,16.04,18.47448611,10.00
3728,25.16,29.8,16.04,24.65628573,10.00
3729,25.16,29.8,35.01,19.28223917,10.00
3730,25.16,29.8,35.01,14.89443049,10.00
3731,25.16,29.8,35.01,22.00260454,10.00
3732,25.16,29.8,35.01,26.21725773,10.00
3733,25.16,29.8,35.01,17.31589223,10.00
3734,25.16,29.8,35.01,16.54082566,10.00
3735,25.16,29.8,35.01,24.7646096,10.00
3736,25.16,29.8,35.01,19.89564428,10.00
3737,25.16,29.8,35.01,21.26282142,10.00
3738,25.16,29.8,35.01,15.53123689,10.00
3739,25.16,29.8,35.01,29.8244674,10.00
3740,25.16,29.8,35.01,14.64513698,10.00
3741,25.16,29.8,35.01,5.246285395,10.00
3742,25.16,29.8,35.01,15.22961053,10.00
3743,25.16,29.8,35.01,20.22754529,10.00
3744,25.16,14.6,16.04,12.17436701,10.00
3745,25.16,14.6,16.04,10.900086,10.00
3746,25.16,14.6,16.04,16.26085578,10.00
3747,25.16,14.6,16.04,10.45910603,10.00
3748,25.16,14.6,16.04,22.88580455,10.00
3749,25.16,14.6,16.04,22.32318766,10.00
3750,25.16,14.6,16.04,21.64492188,10.00
3751,25.16,14.6,16.04,15.58516723,10.00
3752,25.16,14.6,16.04,10.90510463,10.00
3753,25.16,14.6,16.04,10.31282894,10.00
3754,25.16,14.6,16.04,18.94499328,10.00
3755,25.16,14.6,16.04,25.10174542,10.00
3756,25.16,14.6,16.04,27.0834493,10.00
3757,25.16,14.6,16.04,35.66877583,10.00
3758,25.16,29.8,35.01,34.27241681,10.00
3759,25.16,29.8,35.01,31.59445693,10.00
3760,25.16,29.8,35.01,26.38446284,10.00
3761,25.16,29.8,35.01,21.40703145,10.00
3762,25.16,29.8,35.01,34.87531849,10.00
3763,25.16,29.8,35.01,33.00428654,10.00
3764,25.16,29.8,35.01,26.88310167,10.00
3765,25.16,29.8,35.01,33.64280833,10.00
3766,25.16,29.8,35.01,19.99772485,10.00
3767,25.16,29.8,35.01,27.42880352,10.00
3768,25.16,29.8,35.01,25.36622047,10.00
3769,25.16,29.8,35.01,25.08630783,10.00
3770,25.16,29.8,35.01,25.07472163,10.00
3771,25.16,29.8,16.04,20.52875104,10.00
3772,25.16,29.8,16.04,12.88726192,10.00
3773,25.16,29.8,16.04,10.5354381,10.00
3774,25.16,29.8,16.04,26.93628612,10.00
3775,25.16,29.8,16.04,19.70202437,10.00
3776,25.16,29.8,16.04,26.29457401,10.00
3777,25.16,29.8,35.01,20.56344862,10.00
3778,25.16,29.8,35.01,15.88409176,10.00
3779,25.16,29.8,35.01,23.46456882,10.00
3780,25.16,29.8,35.01,27.95926489,10.00
3781,25.16,29.8,35.01,18.46644766,10.00
3782,25.16,29.8,35.01,17.63988174,10.00
3783,25.16,29.8,35.01,26.41009547,10.00
3784,25.16,29.8,35.01,21.21761148,10.00
3785,25.16,29.8,35.01,22.67563078,10.00
3786,25.16,29.8,35.01,16.56321079,10.00
3787,25.16,29.8,35.01,31.8061558,10.00
3788,25.16,29.8,35.01,15.45110475,10.00
3789,25.16,29.8,35.01,5.535004915,10.00
3790,25.16,29.8,35.01,16.06774371,10.00
3791,25.16,29.8,35.01,21.34073048,10.00
3792,25.16,14.6,16.04,11.50578968,10.00
3793,25.16,14.6,16.04,10.30148811,10.00
3794,25.16,14.6,16.04,15.36786154,10.00
3795,25.16,14.6,16.04,9.884725349,10.00
3796,25.16,14.6,16.04,21.6289893,10.00
3797,25.16,14.6,16.04,21.09726953,10.00
3798,25.16,14.6,16.04,20.45625194,10.00
3799,25.16,14.6,16.04,14.72927965,10.00
3800,25.16,14.6,16.04,10.30623113,10.00
3801,25.16,14.6,16.04,9.746481335,10.00
3802,25.16,14.6,16.04,17.90459479,10.00
3803,25.16,14.6,16.04,23.72323778,10.00
3804,25.16,14.6,16.04,25.30690812,10.00
3805,25.16,14.6,16.04,33.32907941,10.00
3806,25.16,29.8,35.01,32.02431468,10.00
3807,25.16,29.8,35.01,29.52201581,10.00
3808,25.16,29.8,35.01,24.65377173,10.00
3809,25.16,29.8,35.01,20.00283538,10.00
3810,25.16,29.8,35.01,32.58766897,10.00
3811,25.16,29.8,35.01,30.83936752,10.00
3812,25.16,29.8,35.01,25.1197023,10.00
3813,25.16,29.8,35.01,31.43600542,10.00
3814,25.16,29.8,35.01,18.68597236,10.00
3815,25.16,29.8,35.01,25.62960879,10.00
3816,25.16,29.8,35.01,23.70232105,10.00
3817,25.16,29.8,35.01,23.44076931,10.00
3818,25.16,29.8,35.01,23.42994311,10.00
3819,25.16,29.8,16.04,19.18216585,10.00
3820,25.16,29.8,16.04,12.04192086,10.00
3821,25.16,29.8,16.04,9.844365135,10.00
3822,25.16,29.8,16.04,25.16939811,10.00
3823,25.16,29.8,16.04,18.40966839,10.00
3824,25.16,29.8,16.04,24.56977916,10.00
3825,25.16,29.8,35.01,19.21458744,10.00
3826,25.16,29.8,35.01,14.84217339,10.00
3827,25.16,29.8,35.01,21.92540841,10.00
3828,25.16,29.8,35.01,26.1252745,10.00
3829,25.16,29.8,35.01,17.25513943,10.00
3830,25.16,29.8,35.01,16.48279218,10.00
3831,25.16,29.8,35.01,24.67772298,10.00
3832,25.16,29.8,35.01,19.82584043,10.00
3833,25.16,29.8,35.01,21.18822082,10.00
3834,25.16,29.8,35.01,15.47674555,10.00
3835,25.16,29.8,35.01,29.71982828,10.00
3836,25.16,29.8,35.01,14.60257946,10.00
3837,25.16,29.8,35.01,5.231040133,10.00
3838,25.16,29.8,35.01,15.18535457,10.00
3839,25.16,29.8,35.01,20.16876576,10.00
3840,25.16,14.6,16.04,11.36005244,10.00
3841,25.16,14.6,16.04,10.17100507,10.00
3842,25.16,14.6,16.04,15.17320566,10.00
3843,25.16,14.6,16.04,9.759521203,10.00
3844,25.16,14.6,16.04,21.35502729,10.00
3845,25.16,14.6,16.04,20.83004252,10.00
3846,25.16,14.6,16.04,20.19714434,10.00
3847,25.16,14.6,16.04,14.54271232,10.00
3848,25.16,14.6,16.04,10.17568801,10.00
3849,25.16,14.6,16.04,9.623028247,10.00
3850,25.16,14.6,16.04,17.67780756,10.00
3851,25.16,14.6,16.04,23.42274913,10.00
3852,25.16,14.6,16.04,24.91965567,10.00
3853,25.16,14.6,16.04,32.81906975,10.00
3854,25.16,29.8,35.01,31.53427085,10.00
3855,25.16,29.8,35.01,29.07026277,10.00
3856,25.16,29.8,35.01,24.27651374,10.00
3857,25.16,29.8,35.01,19.69674714,10.00
3858,25.16,29.8,35.01,32.08900456,10.00
3859,25.16,29.8,35.01,30.36745604,10.00
3860,25.16,29.8,35.01,24.73531453,10.00
3861,25.16,29.8,35.01,30.95496405,10.00
3862,25.16,29.8,35.01,18.40003508,10.00
3863,25.16,29.8,35.01,25.2374183,10.00
3864,25.16,29.8,35.01,23.33962239,10.00
3865,25.16,29.8,35.01,23.08207297,10.00
3866,25.16,29.8,35.01,23.07141244,10.00
3867,25.16,29.8,16.04,18.8886357,10.00
3868,25.16,29.8,16.04,11.85765247,10.00
3869,25.16,29.8,16.04,9.693724272,10.00
3870,25.16,29.8,16.04,24.78424988,10.00
3871,25.16,29.8,16.04,18.12795918,10.00
3872,25.16,29.8,16.04,24.19380645,10.00
3873,25.16,29.8,35.01,18.92056117,10.00
3874,25.16,29.8,35.01,14.61505485,10.00
3875,25.16,29.8,35.01,21.5899005,10.00
3876,25.16,29.8,35.01,25.72549922,10.00
3877,25.16,29.8,35.01,16.99109711,10.00
3878,25.16,29.8,35.01,16.2305685,10.00
3879,25.16,29.8,35.01,24.30009848,10.00
3880,25.16,29.8,35.01,19.52246061,10.00
3881,25.16,29.8,35.01,20.86399353,10.00
3882,25.16,29.8,35.01,15.23991664,10.00
3883,25.16,29.8,35.01,29.26504826,10.00
3884,25.16,29.8,35.01,14.41761696,10.00
3885,25.16,29.8,35.01,5.164781548,10.00
3886,25.16,29.8,35.01,14.9930104,10.00
3887,25.16,29.8,35.01,19.91329957,10.00
3888,25.16,14.6,16.04,11.81701388,10.00
3889,25.16,14.6,16.04,10.58013672,10.00
3890,25.16,14.6,16.04,15.7835523,10.00
3891,25.16,14.6,16.04,10.1521008,10.00
3892,25.16,14.6,16.04,22.21403952,10.00
3893,25.16,14.6,16.04,21.66793708,10.00
3894,25.16,14.6,16.04,21.00958038,10.00
3895,25.16,14.6,16.04,15.12769718,10.00
3896,25.16,14.6,16.04,10.58500805,10.00
3897,25.16,14.6,16.04,10.01011738,10.00
3898,25.16,14.6,16.04,18.38890255,10.00
3899,25.16,14.6,16.04,24.36493608,10.00
3900,25.16,14.6,16.04,26.1338919,10.00
3901,25.16,14.6,16.04,34.41821317,10.00
3902,25.16,29.8,35.01,33.07081111,10.00
3903,25.16,29.8,35.01,30.48674166,10.00
3904,25.16,29.8,35.01,25.4594122,10.00
3905,25.16,29.8,35.01,20.6564917,10.00
3906,25.16,29.8,35.01,33.65257479,10.00
3907,25.16,29.8,35.01,31.84714202,10.00
3908,25.16,29.8,35.01,25.94056854,10.00
3909,25.16,29.8,35.01,32.46327697,10.00
3910,25.16,29.8,35.01,19.29659599,10.00
3911,25.16,29.8,35.01,26.46713784,10.00
3912,25.16,29.8,35.01,24.47686984,10.00
3913,25.16,29.8,35.01,24.20677107,10.00
3914,25.16,29.8,35.01,24.19559109,10.00
3915,25.16,29.8,16.04,19.80900418,10.00
3916,25.16,29.8,16.04,12.43542896,10.00
3917,25.16,29.8,16.04,10.1660611,10.00
3918,25.16,29.8,16.04,25.99188832,10.00
3919,25.16,29.8,16.04,19.01126291,10.00
3920,25.16,29.8,16.04,25.37267491,10.00
3921,25.16,29.8,35.01,19.84248525,10.00
3922,25.16,29.8,35.01,15.32718865,10.00
3923,25.16,29.8,35.01,22.64189093,10.00
3924,25.16,29.8,35.01,26.97900101,10.00
3925,25.16,29.8,35.01,17.81900604,10.00
3926,25.16,29.8,35.01,17.02141988,10.00
3927,25.16,29.8,35.01,25.48414614,10.00
3928,25.16,29.8,35.01,20.47371287,10.00
3929,25.16,29.8,35.01,21.88061339,10.00
3930,25.16,29.8,35.01,15.98249748,10.00
3931,25.16,29.8,35.01,30.69101827,10.00
3932,25.16,29.8,35.01,14.99756982,10.00
3933,25.16,29.8,35.01,5.372536399,10.00
3934,25.16,29.8,35.01,15.59610863,10.00
3935,25.16,29.8,35.01,20.71431788,10.00
3936,25.16,14.6,16.04,11.49933305,10.00
3937,25.16,14.6,16.04,10.29570729,10.00
3938,25.16,14.6,16.04,15.35923766,10.00
3939,25.16,14.6,16.04,9.879178402,10.00
3940,25.16,14.6,16.04,21.6168519,10.00
3941,25.16,14.6,16.04,21.08543051,10.00
3942,25.16,14.6,16.04,20.44477264,10.00
3943,25.16,14.6,16.04,14.72101412,10.00
3944,25.16,14.6,16.04,10.30044765,10.00
3945,25.16,14.6,16.04,9.741011965,10.00
3946,25.16,14.6,16.04,17.89454738,10.00
3947,25.16,14.6,16.04,23.70992516,10.00
3948,25.16,14.6,16.04,25.28975158,10.00
3949,25.16,14.6,16.04,33.30648434,10.00
3950,25.16,29.8,35.01,32.00260416,10.00
3951,25.16,29.8,35.01,29.5020017,10.00
3952,25.16,29.8,35.01,24.63705799,10.00
3953,25.16,29.8,35.01,19.98927468,10.00
3954,25.16,29.8,35.01,32.56557653,10.00
3955,25.16,29.8,35.01,30.81846032,10.00
3956,25.16,29.8,35.01,25.10267268,10.00
3957,25.16,29.8,35.01,31.41469374,10.00
3958,25.16,29.8,35.01,18.67330442,10.00
3959,25.16,29.8,35.01,25.61223349,10.00
3960,25.16,29.8,35.01,23.68625233,10.00
3961,25.16,29.8,35.01,23.42487791,10.00
3962,25.16,29.8,35.01,23.41405905,10.00
3963,25.16,29.8,16.04,19.16916152,10.00
3964,25.16,29.8,16.04,12.03375718,10.00
3965,25.16,29.8,16.04,9.837691259,10.00
3966,25.16,29.8,16.04,25.15233481,10.00
3967,25.16,29.8,16.04,18.39718776,10.00
3968,25.16,29.8,16.04,24.55312236,10.00
3969,25.16,29.8,35.01,19.20156113,10.00
3970,25.16,29.8,35.01,14.83211131,10.00
3971,25.16,29.8,35.01,21.91054433,10.00
3972,25.16,29.8,35.01,26.10756317,10.00
3973,25.16,29.8,35.01,17.24344151,10.00
3974,25.16,29.8,35.01,16.47161786,10.00
3975,25.16,29.8,35.01,24.660993,10.00
3976,25.16,29.8,35.01,19.81239972,10.00
3977,25.16,29.8,35.01,21.17385651,10.00
3978,25.16,29.8,35.01,15.46625327,10.00
3979,25.16,29.8,35.01,29.69968005,10.00
3980,25.16,29.8,35.01,14.59438502,10.00
3981,25.16,29.8,35.01,5.228104664,10.00
3982,25.16,29.8,35.01,15.17683311,10.00
3983,25.16,29.8,35.01,20.15744778,10.00
3984,25.16,14.6,16.04,11.53855846,10.00
3985,25.16,14.6,16.04,10.330827,10.00
3986,25.16,14.6,16.04,15.4116296,10.00
3987,25.16,14.6,16.04,9.912877296,10.00
3988,25.16,14.6,16.04,21.6905892,10.00
3989,25.16,14.6,16.04,21.15735508,10.00
3990,25.16,14.6,16.04,20.51451187,10.00
3991,25.16,14.6,16.04,14.77122901,10.00
3992,25.16,14.6,16.04,10.33558354,10.00
3993,25.16,14.6,16.04,9.77423956,10.00
3994,25.16,14.6,16.04,17.95558753,10.00
3995,25.16,14.6,16.04,23.79080216,10.00
3996,25.16,14.6,16.04,25.39398119,10.00
3997,25.16,14.6,16.04,33.44375425,10.00
3998,25.16,29.8,35.01,32.13450024,10.00
3999,25.16,29.8,35.01,29.62359175,10.00
4000,25.16,29.8,35.01,24.73859757,10.00
4001,25.16,29.8,35.01,20.07165882,10.00
4002,25.16,29.8,35.01,32.69979285,10.00
4003,25.16,29.8,35.01,30.94547604,10.00
4004,25.16,29.8,35.01,25.20613126,10.00
4005,25.16,29.8,35.01,31.54416679,10.00
4006,25.16,29.8,35.01,18.75026489,10.00
4007,25.16,29.8,35.01,25.71779218,10.00
4008,25.16,29.8,35.01,23.78387325,10.00
4009,25.16,29.8,35.01,23.52142159,10.00
4010,25.16,29.8,35.01,23.51055815,10.00
4011,25.16,29.8,16.04,19.24816563,10.00
4012,25.16,29.8,16.04,12.08335331,10.00
4013,25.16,29.8,16.04,9.878236486,10.00
4014,25.16,29.8,16.04,25.25599806,10.00
4015,25.16,29.8,16.04,18.47301024,10.00
4016,25.16,29.8,16.04,24.65431601,10.00
4017,25.16,29.8,35.01,19.28069877,10.00
4018,25.16,29.8,35.01,14.89324062,10.00
4019,25.16,29.8,35.01,22.00084682,10.00
4020,25.16,29.8,35.01,26.21516332,10.00
4021,25.16,29.8,35.01,17.31450892,10.00
4022,25.16,29.8,35.01,16.53950426,10.00
4023,25.16,29.8,35.01,24.76263124,10.00
4024,25.16,29.8,35.01,19.89405488,10.00
4025,25.16,29.8,35.01,21.2611228,10.00
4026,25.16,29.8,35.01,15.52999614,10.00
4027,25.16,29.8,35.01,29.82208482,10.00
4028,25.16,29.8,35.01,14.64416797,10.00
4029,25.16,29.8,35.01,5.245938268,10.00
4030,25.16,29.8,35.01,15.22860285,10.00
4031,25.16,29.8,35.01,20.22620691,10.00
4032,25.16,14.6,16.04,11.61295128,10.00
4033,25.16,14.6,16.04,10.39743319,10.00
4034,25.16,14.6,16.04,15.51099337,10.00
4035,25.16,14.6,16.04,9.976788825,10.00
4036,25.16,14.6,16.04,21.83043545,10.00
4037,25.16,14.6,16.04,21.2937634,10.00
4038,25.16,14.6,16.04,20.64677557,10.00
4039,25.16,14.6,16.04,14.86646391,10.00
4040,25.16,14.6,16.04,10.40222039,10.00
4041,25.16,14.6,16.04,9.837257247,10.00
4042,25.16,14.6,16.04,18.07135301,10.00
4043,25.16,14.6,16.04,23.94418916,10.00
4044,25.16,14.6,16.04,25.59165752,10.00
4045,25.16,14.6,16.04,33.70409304,10.00
4046,25.16,29.8,35.01,32.38464731,10.00
4047,25.16,29.8,35.01,29.85419296,10.00
4048,25.16,29.8,35.01,24.93117215,10.00
4049,25.16,29.8,35.01,20.22790418,10.00
4050,25.16,29.8,35.01,32.95434037,10.00
4051,25.16,29.8,35.01,31.1863673,10.00
4052,25.16,29.8,35.01,25.4023453,10.00
4053,25.16,29.8,35.01,31.78971848,10.00
4054,25.16,29.8,35.01,18.89622403,10.00
4055,25.16,29.8,35.01,25.91798917,10.00
4056,25.16,29.8,35.01,23.96901589,10.00
4057,25.16,29.8,35.01,23.70452121,10.00
4058,25.16,29.8,35.01,23.6935732,10.00
4059,25.16,29.8,16.04,19.39800061,10.00
4060,25.16,29.8,16.04,12.17741469,10.00
4061,25.16,29.8,16.04,9.955132405,10.00
4062,25.16,29.8,16.04,25.45260028,10.00
4063,25.16,29.8,16.04,18.61681112,10.00
4064,25.16,29.8,16.04,24.84623451,10.00
4065,25.16,29.8,35.01,19.430787,10.00
4066,25.16,29.8,35.01,15.00917522,10.00
4067,25.16,29.8,35.01,22.17210971,10.00
4068,25.16,29.8,35.01,26.41923204,10.00
4069,25.16,29.8,35.01,17.44929159,10.00
4070,25.16,29.8,35.01,16.668254,10.00
4071,25.16,29.8,35.01,24.9553929,10.00
4072,25.16,29.8,35.01,20.04891771,10.00
4073,25.16,29.8,35.01,21.4266274,10.00
4074,25.16,29.8,35.01,15.65088749,10.00
4075,25.16,29.8,35.01,30.05423118,10.00
4076,25.16,29.8,35.01,14.73858366,10.00
4077,25.16,29.8,35.01,5.27976053,10.00
4078,25.16,29.8,35.01,15.32678658,10.00
4079,25.16,29.8,35.01,20.35661182,10.00
4080,25.16,14.6,16.04,11.64712649,10.00
4081,25.16,14.6,16.04,10.42803131,10.00
4082,25.16,14.6,16.04,15.55663995,10.00
4083,25.16,14.6,16.04,10.00614905,10.00
4084,25.16,14.6,16.04,21.89467923,10.00
4085,25.16,14.6,16.04,21.35642783,10.00
4086,25.16,14.6,16.04,20.707536,10.00
4087,25.16,14.6,16.04,14.91021373,10.00
4088,25.16,14.6,16.04,10.4328326,10.00
4089,25.16,14.6,16.04,9.866206853,10.00
4090,25.16,14.6,16.04,18.12453436,10.00
4091,25.16,14.6,16.04,24.0146534,10.00
4092,25.16,14.6,16.04,25.68246777,10.00
4093,25.16,14.6,16.04,33.82368972,10.00
4094,25.16,29.8,35.01,32.49956202,10.00
4095,25.16,29.8,35.01,29.96012853,10.00
4096,25.16,29.8,35.01,25.01963871,10.00
4097,25.16,29.8,35.01,20.29968152,10.00
4098,25.16,29.8,35.01,33.0712766,10.00
4099,25.16,29.8,35.01,31.29703,10.00
4100,25.16,29.8,35.01,25.49248379,10.00
4101,25.16,29.8,35.01,31.90252213,10.00
4102,25.16,29.8,35.01,18.96327599,10.00
4103,25.16,29.8,35.01,26.00995739,10.00
4104,25.16,29.8,35.01,24.05406831,10.00
4105,25.16,29.8,35.01,23.78863509,10.00
4106,25.16,29.8,35.01,23.77764823,10.00
4107,25.16,29.8,16.04,19.46683309,10.00
4108,25.16,29.8,16.04,12.22062541,10.00
4109,25.16,29.8,16.04,9.990457513,10.00
4110,25.16,29.8,16.04,25.5429171,10.00
4111,25.16,29.8,16.04,18.68287161,10.00
4112,25.16,29.8,16.04,24.93439968,10.00
4113,25.16,29.8,35.01,19.49973582,10.00
4114,25.16,29.8,35.01,15.06243426,10.00
4115,25.16,29.8,35.01,22.25078593,10.00
4116,25.16,29.8,35.01,26.51297888,10.00
4117,25.16,29.8,35.01,17.51120921,10.00
4118,25.16,29.8,35.01,16.72740016,10.00
4119,25.16,29.8,35.01,25.04394541,10.00
4120,25.16,29.8,35.01,20.12005993,10.00
4121,25.16,29.8,35.01,21.50265833,10.00
4122,25.16,29.8,35.01,15.7064236,10.00
4123,25.16,29.8,35.01,30.16087657,10.00
4124,25.16,29.8,35.01,14.78195715,10.00
4125,25.16,29.8,35.01,5.295298091,10.00
4126,25.16,29.8,35.01,15.37189107,10.00
4127,25.16,29.8,35.01,20.41651834,10.00
4128,25.16,14.6,16.04,11.70929616,10.00
4129,25.16,14.6,16.04,10.48369373,10.00
4130,25.16,14.6,16.04,15.63967769,10.00
4131,25.16,14.6,16.04,10.05955956,10.00
4132,25.16,14.6,16.04,22.01154796,10.00
4133,25.16,14.6,16.04,21.4704235,10.00
4134,25.16,14.6,16.04,20.81806804,10.00
4135,25.16,14.6,16.04,14.989801,10.00
4136,25.16,14.6,16.04,10.48852065,10.00
4137,25.16,14.6,16.04,9.918870383,10.00
4138,25.16,14.6,16.04,18.22127893,10.00
4139,25.16,14.6,16.04,24.14283806,10.00
4140,25.16,14.6,16.04,25.84766478,10.00
4141,25.16,14.6,16.04,34.0412534,10.00
4142,25.16,29.8,35.01,32.70860853,10.00
4143,25.16,29.8,35.01,30.15284067,10.00
4144,25.16,29.8,35.01,25.18057221,10.00
4145,25.16,29.8,35.01,20.4302549,10.00
4146,25.16,29.8,35.01,33.28400054,10.00
4147,25.16,29.8,35.01,31.49834148,10.00
4148,25.16,29.8,35.01,25.65645876,10.00
4149,25.16,29.8,35.01,32.10772831,10.00
4150,25.16,29.8,35.01,19.08525323,10.00
4151,25.16,29.8,35.01,26.1772609,10.00
4152,25.16,29.8,35.01,24.20879099,10.00
4153,25.16,29.8,35.01,23.94165042,10.00
4154,25.16,29.8,35.01,23.93059289,10.00
4155,25.16,29.8,16.04,19.59204935,10.00
4156,25.16,29.8,16.04,12.29923198,10.00
4157,25.16,29.8,16.04,10.054719,10.00
4158,25.16,29.8,16.04,25.70721647,10.00
4159,25.16,29.8,16.04,18.8030452,10.00
4160,25.16,29.8,16.04,25.0947849,10.00
4161,25.16,29.8,35.01,19.62516372,10.00
4162,25.16,29.8,35.01,15.15932016,10.00
4163,25.16,29.8,35.01,22.39390937,10.00
4164,25.16,29.8,35.01,26.68351798,10.00
4165,25.16,29.8,35.01,17.62384633,10.00
4166,25.16,29.8,35.01,16.83499561,10.00
4167,25.16,29.8,35.01,25.20503525,10.00
4168,25.16,29.8,35.01,20.24947793,10.00
4169,25.16,29.8,35.01,21.6409696,10.00
4170,25.16,29.8,35.01,15.80745183,10.00
4171,25.16,29.8,35.01,30.35487998,10.00
4172,25.16,29.8,35.01,14.86085982,10.00
4173,25.16,29.8,35.01,5.323563168,10.00
4174,25.16,29.8,35.01,15.45394266,10.00
4175,25.16,29.8,35.01,20.52549699,10.00
4176,25.16,14.6,16.04,11.65926154,10.00
4177,25.16,14.6,16.04,10.4388962,10.00
4178,25.16,14.6,16.04,15.57284829,10.00
4179,25.16,14.6,16.04,10.01657438,10.00
4180,25.16,14.6,16.04,21.91749112,10.00
4181,25.16,14.6,16.04,21.37867892,10.00
4182,25.16,14.6,16.04,20.72911102,10.00
4183,25.16,14.6,16.04,14.92574857,10.00
4184,25.16,14.6,16.04,10.44370249,10.00
4185,25.16,14.6,16.04,9.876486379,10.00
4186,25.16,14.6,16.04,18.14341817,10.00
4187,25.16,14.6,16.04,24.03967408,10.00
4188,25.16,14.6,16.04,25.71471299,10.00
4189,25.16,14.6,16.04,33.86615651,10.00
4190,25.16,29.8,35.01,32.54036633,10.00
4191,25.16,29.8,35.01,29.99774449,10.00
4192,25.16,29.8,35.01,25.05105172,10.00
4193,25.16,29.8,35.01,20.32516846,10.00
4194,25.16,29.8,35.01,33.11279871,10.00
4195,25.16,29.8,35.01,31.33632449,10.00
4196,25.16,29.8,35.01,25.52449047,10.00
4197,25.16,29.8,35.01,31.94257684,10.00
4198,25.16,29.8,35.01,18.98708503,10.00
4199,25.16,29.8,35.01,26.04261378,10.00
4200,25.16,29.8,35.01,24.08426901,10.00
4201,25.16,29.8,35.01,23.81850253,10.00
4202,25.16,29.8,35.01,23.80750187,10.00
4203,25.16,29.8,16.04,19.49127436,10.00
4204,25.16,29.8,16.04,12.23596883,10.00
4205,25.16,29.8,16.04,10.00300087,10.00
4206,25.16,29.8,16.04,25.5749871,10.00
4207,25.16,29.8,16.04,18.70632859,10.00
4208,25.16,29.8,16.04,24.96570567,10.00
4209,25.16,29.8,35.01,19.52421841,10.00
4210,25.16,29.8,35.01,15.08134566,10.00
4211,25.16,29.8,35.01,22.27872255,10.00
4212,25.16,29.8,35.01,26.54626683,10.00
4213,25.16,29.8,35.01,17.53319513,10.00
4214,25.16,29.8,35.01,16.74840199,10.00
4215,25.16,29.8,35.01,25.07538893,10.00
4216,25.16,29.8,35.01,20.14532135,10.00
4217,25.16,29.8,35.01,21.52965565,10.00
4218,25.16,29.8,35.01,15.72614355,10.00
4219,25.16,29.8,35.01,30.19874457,10.00
4220,25.16,29.8,35.01,14.79735836,10.00
4221,25.16,29.8,35.01,5.300815222,10.00
4222,25.16,29.8,35.01,15.38790692,10.00
4223,25.16,29.8,35.01,20.43779016,10.00
4224,25.16,14.6,16.04,11.40935497,10.00
4225,25.16,14.6,16.04,10.21514714,10.00
4226,25.16,14.6,16.04,15.23905724,10.00
4227,25.16,14.6,16.04,9.801877442,10.00
4228,25.16,14.6,16.04,21.44770793,10.00
4229,25.16,14.6,16.04,20.92044472,10.00
4230,25.16,14.6,16.04,20.28479977,10.00
4231,25.16,14.6,16.04,14.60582756,10.00
4232,25.16,14.6,16.04,10.21985041,10.00
4233,25.16,14.6,16.04,9.664792108,10.00
4234,25.16,14.6,16.04,17.75452909,10.00
4235,25.16,14.6,16.04,23.52440366,10.00
4236,25.16,14.6,16.04,25.05066217,10.00
4237,25.16,14.6,16.04,32.9916047,10.00
4238,25.16,29.8,35.01,31.70005142,10.00
4239,25.16,29.8,35.01,29.22308966,10.00
4240,25.16,29.8,35.01,24.40413914,10.00
4241,25.16,29.8,35.01,19.800296,10.00
4242,25.16,29.8,35.01,32.25770144,10.00
4243,25.16,29.8,35.01,30.52710247,10.00
4244,25.16,29.8,35.01,24.86535192,10.00
4245,25.16,29.8,35.01,31.1176991,10.00
4246,25.16,29.8,35.01,18.49676693,10.00
4247,25.16,29.8,35.01,25.37009533,10.00
4248,25.16,29.8,35.01,23.46232241,10.00
4249,25.16,29.8,35.01,23.20341902,10.00
4250,25.16,29.8,35.01,23.19270244,10.00
4251,25.16,29.8,16.04,18.98793619,10.00
4252,25.16,29.8,16.04,11.91998999,10.00
4253,25.16,29.8,16.04,9.744685687,10.00
4254,25.16,29.8,16.04,24.91454453,10.00
4255,25.16,29.8,16.04,18.22326068,10.00
4256,25.16,29.8,16.04,24.32099705,10.00
4257,25.16,29.8,35.01,19.0200295,10.00
4258,25.16,29.8,35.01,14.69188847,10.00
4259,25.16,29.8,35.01,21.70340196,10.00
4260,25.16,29.8,35.01,25.86074216,10.00
4261,25.16,29.8,35.01,17.08042194,10.00
4262,25.16,29.8,35.01,16.31589512,10.00
4263,25.16,29.8,35.01,24.42784788,10.00
4264,25.16,29.8,35.01,19.62509322,10.00
4265,25.16,29.8,35.01,20.97367879,10.00
4266,25.16,29.8,35.01,15.32003525,10.00
4267,25.16,29.8,35.01,29.41889916,10.00
4268,25.16,29.8,35.01,14.48018929,10.00
4269,25.16,29.8,35.01,5.187196657,10.00
4270,25.16,29.8,35.01,15.05807994,10.00
4271,25.16,29.8,35.01,19.99972312,10.00
4272,25.16,14.6,16.04,11.67760412,10.00
4273,25.16,14.6,16.04,10.45531887,10.00
4274,25.16,14.6,16.04,15.59734779,10.00
4275,25.16,14.6,16.04,10.03233265,10.00
4276,25.16,14.6,16.04,21.95197214,10.00
4277,25.16,14.6,16.04,21.41231227,10.00
4278,25.16,14.6,16.04,20.76172246,10.00
4279,25.16,14.6,16.04,14.94923004,10.00
4280,25.16,14.6,16.04,10.46013272,10.00
4281,25.16,14.6,16.04,9.892024256,10.00
4282,25.16,14.6,16.04,18.17196174,10.00
4283,25.16,14.6,16.04,24.07749376,10.00
4284,25.16,14.6,16.04,25.7634528,10.00
4285,25.16,14.6,16.04,33.93034662,10.00
4286,25.16,29.8,35.01,32.60204353,10.00
4287,25.16,29.8,35.01,30.05460239,10.00
4288,25.16,29.8,35.01,25.09853363,10.00
4289,25.16,29.8,35.01,20.36369291,10.00
4290,25.16,29.8,35.01,33.1755609,10.00
4291,25.16,29.8,35.01,31.39571954,10.00
4292,25.16,29.8,35.01,25.57286974,10.00
4293,25.16,29.8,35.01,32.00312098,10.00
4294,25.16,29.8,35.01,19.02307326,10.00
4295,25.16,29.8,35.01,26.0919751,10.00
4296,25.16,29.8,35.01,24.12991848,10.00
4297,25.16,29.8,35.01,23.86364826,10.00
4298,25.16,29.8,35.01,23.85262675,10.00
4299,25.16,29.8,16.04,19.52821824,10.00
4300,25.16,29.8,16.04,12.25916095,10.00
4301,25.16,29.8,16.04,10.02196062,10.00
4302,25.16,29.8,16.04,25.62346208,10.00
4303,25.16,29.8,16.04,18.74178467,10.00
4304,25.16,29.8,16.04,25.01302581,10.00
4305,25.16,29.8,35.01,19.56122472,10.00
4306,25.16,29.8,35.01,15.10993093,10.00
4307,25.16,29.8,35.01,22.32094977,10.00
4308,25.16,29.8,35.01,26.59658278,10.00
4309,25.16,29.8,35.01,17.56642765,10.00
4310,25.16,29.8,35.01,16.780147,10.00
4311,25.16,29.8,35.01,25.12291697,10.00
4312,25.16,29.8,35.01,20.18350491,10.00
4313,25.16,29.8,35.01,21.57046308,10.00
4314,25.16,29.8,35.01,15.75595097,10.00
4315,25.16,29.8,35.01,30.25598345,10.00
4316,25.16,29.8,35.01,14.82063785,10.00
4317,25.16,29.8,35.01,5.309154566,10.00
4318,25.16,29.8,35.01,15.41211547,10.00
4319,25.16,29.8,35.01,20.46994328,10.00
4320,25.16,14.6,16.04,12.037276,10.00
4321,25.16,14.6,16.04,10.77734419,10.00
4322,25.16,14.6,16.04,16.07774835,10.00
4323,25.16,14.6,16.04,10.34132994,10.00
4324,25.16,14.6,16.04,22.62809604,10.00
4325,25.16,14.6,16.04,22.07181457,10.00
4326,25.16,14.6,16.04,21.40118649,10.00
4327,25.16,14.6,16.04,15.40966848,10.00
4328,25.16,14.6,16.04,10.78230631,10.00
4329,25.16,14.6,16.04,10.19670002,10.00
4330,25.16,14.6,16.04,18.73166077,10.00
4331,25.16,14.6,16.04,24.81908402,10.00
4332,25.16,14.6,16.04,26.71917159,10.00
4333,25.16,14.6,16.04,35.18902379,10.00
4334,25.16,29.8,35.01,33.81144608,10.00
4335,25.16,29.8,35.01,31.16950529,10.00
4336,25.16,29.8,35.01,26.02958664,10.00
4337,25.16,29.8,35.01,21.11910267,10.00
4338,25.16,29.8,35.01,34.40623861,10.00
4339,25.16,29.8,35.01,32.5603724,10.00
4340,25.16,29.8,35.01,26.52151867,10.00
4341,25.16,29.8,35.01,33.19030596,10.00
4342,25.16,29.8,35.01,19.72875152,10.00
4343,25.16,29.8,35.01,27.05988072,10.00
4344,25.16,29.8,35.01,25.02503982,10.00
4345,25.16,29.8,35.01,24.74889207,10.00
4346,25.16,29.8,35.01,24.73746171,10.00
4347,25.16,29.8,16.04,20.25263531,10.00
4348,25.16,29.8,16.04,12.71392571,10.00
4349,25.16,29.8,16.04,10.39373439,10.00
4350,25.16,29.8,16.04,26.57398778,10.00
4351,25.16,29.8,16.04,19.43702828,10.00
4352,25.16,29.8,16.04,25.94090683,10.00
4353,25.16,29.8,35.01,20.2868662,10.00
4354,25.16,29.8,35.01,15.6704476,10.00
4355,25.16,29.8,35.01,23.14896577,10.00
4356,25.16,29.8,35.01,27.58320729,10.00
4357,25.16,29.8,35.01,18.21807031,10.00
4358,25.16,29.8,35.01,17.40262187,10.00
4359,25.16,29.8,35.01,26.0548745,10.00
4360,25.16,29.8,35.01,20.93223044,10.00
4361,25.16,29.8,35.01,22.37063909,10.00
4362,25.16,29.8,35.01,16.34043235,10.00
4363,25.16,29.8,35.01,31.37835676,10.00
4364,25.16,29.8,35.01,15.27711562,10.00
4365,25.16,29.8,35.01,5.472677289,10.00
4366,25.16,29.8,35.01,15.88681084,10.00
4367,25.16,29.8,35.01,21.10042047,10.00
4368,25.16,14.6,16.04,11.69839738,10.00
4369,25.16,14.6,16.04,10.47393572,10.00
4370,25.16,14.6,16.04,15.62512059,10.00
4371,25.16,14.6,16.04,10.05019632,10.00
4372,25.16,14.6,16.04,21.99106005,10.00
4373,25.16,14.6,16.04,21.45043926,10.00
4374,25.16,14.6,16.04,20.798691,10.00
4375,25.16,14.6,16.04,14.9758488,10.00
4376,25.16,14.6,16.04,10.47875814,10.00
4377,25.16,14.6,16.04,9.909638097,10.00
4378,25.16,14.6,16.04,18.20431893,10.00
4379,25.16,14.6,16.04,24.12036639,10.00
4380,25.16,14.6,16.04,25.81870459,10.00
4381,25.16,14.6,16.04,34.00311296,10.00
4382,25.16,29.8,35.01,32.67196121,10.00
4383,25.16,29.8,35.01,30.11905688,10.00
4384,25.16,29.8,35.01,25.15235944,10.00
4385,25.16,29.8,35.01,20.40736447,10.00
4386,25.16,29.8,35.01,33.24670854,10.00
4387,25.16,29.8,35.01,31.46305017,10.00
4388,25.16,29.8,35.01,25.6277128,10.00
4389,25.16,29.8,35.01,32.07175423,10.00
4390,25.16,29.8,35.01,19.06386976,10.00
4391,25.16,29.8,35.01,26.14793142,10.00
4392,25.16,29.8,35.01,24.18166701,10.00
4393,25.16,29.8,35.01,23.91482576,10.00
4394,25.16,29.8,35.01,23.90378061,10.00
4395,25.16,29.8,16.04,19.57009806,10.00
4396,25.16,29.8,16.04,12.2854517,10.00
4397,25.16,29.8,16.04,10.04345351,10.00
4398,25.16,29.8,16.04,25.67841364,10.00
4399,25.16,29.8,16.04,18.78197793,10.00
4400,25.16,29.8,16.04,25.06666824,10.00
4401,25.16,29.8,35.01,19.60317533,10.00
4402,25.16,29.8,35.01,15.14233538,10.00
4403,25.16,29.8,35.01,22.36881883,10.00
4404,25.16,29.8,35.01,26.65362128,10.00
4405,25.16,29.8,35.01,17.60410025,10.00
4406,25.16,29.8,35.01,16.81613337,10.00
4407,25.16,29.8,35.01,25.17679507,10.00
4408,25.16,29.8,35.01,20.22679005,10.00
4409,25.16,29.8,35.01,21.61672266,10.00
4410,25.16,29.8,35.01,15.78974087,10.00
4411,25.16,29.8,35.01,30.32086982,10.00
4412,25.16,29.8,35.01,14.84702763,10.00
4413,25.16,29.8,35.01,5.318608101,10.00
4414,25.16,29.8,35.01,15.43955844,10.00
4415,25.16,29.8,35.01,20.50639227,10.00
4416,25.16,14.6,16.04,11.97749179,10.00
4417,25.16,14.6,16.04,10.72381755,10.00
4418,25.16,14.6,16.04,15.99789677,10.00
4419,25.16,14.6,16.04,10.2899688,10.00
4420,25.16,14.6,16.04,22.51571157,10.00
4421,25.16,14.6,16.04,21.96219292,10.00
4422,25.16,14.6,16.04,21.29489558,10.00
4423,25.16,14.6,16.04,15.33313498,10.00
4424,25.16,14.6,16.04,10.72875503,10.00
4425,25.16,14.6,16.04,10.1460572,10.00
4426,25.16,14.6,16.04,18.63862831,10.00
4427,25.16,14.6,16.04,24.69581782,10.00
4428,25.16,14.6,16.04,26.56031322,10.00
4429,25.16,14.6,16.04,34.97980806,10.00
4430,25.16,29.8,35.01,33.61042071,10.00
4431,25.16,29.8,35.01,30.98418753,10.00
4432,25.16,29.8,35.01,25.87482818,10.00
4433,25.16,29.8,35.01,20.99353941,10.00
4434,25.16,29.8,35.01,34.20167691,10.00
4435,25.16,29.8,35.01,32.36678527,10.00
4436,25.16,29.8,35.01,26.36383544,10.00
4437,25.16,29.8,35.01,32.99297356,10.00
4438,25.16,29.8,35.01,19.61145457,10.00
4439,25.16,29.8,35.01,26.89899667,10.00
4440,25.16,29.8,35.01,24.87625388,10.00
4441,25.16,29.8,35.01,24.60174795,10.00
4442,25.16,29.8,35.01,24.59038555,10.00
4443,25.16,29.8,16.04,20.13222362,10.00
4444,25.16,29.8,16.04,12.63833529,10.00
4445,25.16,29.8,16.04,10.33193862,10.00
4446,25.16,29.8,16.04,26.4159926,10.00
4447,25.16,29.8,16.04,19.32146576,10.00
4448,25.16,29.8,16.04,25.78667561,10.00
4449,25.16,29.8,35.01,20.16625099,10.00
4450,25.16,29.8,35.01,15.57727923,10.00
4451,25.16,29.8,35.01,23.01133399,10.00
4452,25.16,29.8,35.01,27.4192118,10.00
4453,25.16,29.8,35.01,18.10975509,10.00
4454,25.16,29.8,35.01,17.29915488,10.00
4455,25.16,29.8,35.01,25.89996569,10.00
4456,25.16,29.8,35.01,20.80777822,10.00
4457,25.16,29.8,35.01,22.23763484,10.00
4458,25.16,29.8,35.01,16.24328059,10.00
4459,25.16,29.8,35.01,31.19179728,10.00
4460,25.16,29.8,35.01,15.20124046,10.00
4461,25.16,29.8,35.01,5.445496748,10.00
4462,25.16,29.8,35.01,15.80790757,10.00
4463,25.16,29.8,35.01,20.99562335,10.00
4464,25.16,14.6,16.04,11.35416102,10.00
4465,25.16,14.6,16.04,10.1657303,10.00
4466,25.16,14.6,16.04,15.1653367,10.00
4467,25.16,14.6,16.04,9.754459833,10.00
4468,25.16,14.6,16.04,21.3439524,10.00
4469,25.16,14.6,16.04,20.81923988,10.00
4470,25.16,14.6,16.04,20.18666993,10.00
4471,25.16,14.6,16.04,14.53517034,10.00
4472,25.16,14.6,16.04,10.17041082,10.00
4473,25.16,14.6,16.04,9.618037663,10.00
4474,25.16,14.6,16.04,17.6686397,10.00
4475,25.16,14.6,16.04,23.41060189,10.00
4476,25.16,14.6,16.04,24.90400101,10.00
4477,25.16,14.6,16.04,32.79845264,10.00
4478,25.16,29.8,35.01,31.51446086,10.00
4479,25.16,29.8,35.01,29.05200068,10.00
4480,25.16,29.8,35.01,24.2612631,10.00
4481,25.16,29.8,35.01,19.68437354,10.00
4482,25.16,29.8,35.01,32.06884608,10.00
4483,25.16,29.8,35.01,30.34837905,10.00
4484,25.16,29.8,35.01,24.71977567,10.00
4485,25.16,29.8,35.01,30.93551798,10.00
4486,25.16,29.8,35.01,18.38847609,10.00
4487,25.16,29.8,35.01,25.22156402,10.00
4488,25.16,29.8,35.01,23.32496032,10.00
4489,25.16,29.8,35.01,23.06757269,10.00
4490,25.16,29.8,35.01,23.05691886,10.00
4491,25.16,29.8,16.04,18.87676976,10.00
4492,25.16,29.8,16.04,11.85020343,10.00
4493,25.16,29.8,16.04,9.687634624,10.00
4494,25.16,29.8,16.04,24.76868029,10.00
4495,25.16,29.8,16.04,18.1165711,10.00
4496,25.16,29.8,16.04,24.17860777,10.00
4497,25.16,29.8,35.01,18.90867517,10.00
4498,25.16,29.8,35.01,14.6058736,10.00
4499,25.16,29.8,35.01,21.57633761,10.00
4500,25.16,29.8,35.01,25.70933832,10.00
4501,25.16,29.8,35.01,16.98042321,10.00
4502,25.16,29.8,35.01,16.22037237,10.00
4503,25.16,29.8,35.01,24.28483303,10.00
4504,25.16,29.8,35.01,19.5101965,10.00
4505,25.16,29.8,35.01,20.85088666,10.00
4506,25.16,29.8,35.01,15.23034284,10.00
4507,25.16,29.8,35.01,29.2466638,10.00
4508,25.16,29.8,35.01,14.41013986,10.00
4509,25.16,29.8,35.01,5.162103049,10.00
4510,25.16,29.8,35.01,14.9852349,10.00
4511,25.16,29.8,35.01,19.90297237,10.00
4512,25.16,14.6,16.04,12.13751735,10.00
4513,25.16,14.6,16.04,10.86709336,10.00
4514,25.16,14.6,16.04,16.21163704,10.00
4515,25.16,14.6,16.04,10.42744816,10.00
4516,25.16,14.6,16.04,22.81653326,10.00
4517,25.16,14.6,16.04,22.25561932,10.00
4518,25.16,14.6,16.04,21.57940653,10.00
4519,25.16,14.6,16.04,15.53799369,10.00
4520,25.16,14.6,16.04,10.87209681,10.00
4521,25.16,14.6,16.04,10.28161384,10.00
4522,25.16,14.6,16.04,18.88765013,10.00
4523,25.16,14.6,16.04,25.02576687,10.00
4524,25.16,14.6,16.04,26.98553254,10.00
4525,25.16,14.6,16.04,35.53981991,10.00
4526,25.16,29.8,35.01,34.14850925,10.00
4527,25.16,29.8,35.01,31.48023119,10.00
4528,25.16,29.8,35.01,26.28907317,10.00
4529,25.16,29.8,35.01,21.32963705,10.00
4530,25.16,29.8,35.01,34.74923121,10.00
4531,25.16,29.8,35.01,32.88496373,10.00
4532,25.16,29.8,35.01,26.78590923,10.00
4533,25.16,29.8,35.01,33.52117704,10.00
4534,25.16,29.8,35.01,19.92542561,10.00
4535,25.16,29.8,35.01,27.32963817,10.00
4536,25.16,29.8,35.01,25.27451212,10.00
4537,25.16,29.8,35.01,24.99561147,10.00
4538,25.16,29.8,35.01,24.98406717,10.00
4539,25.16,29.8,16.04,20.45453195,10.00
4540,25.16,29.8,16.04,12.84066966,10.00
4541,25.16,29.8,16.04,10.49734857,10.00
4542,25.16,29.8,16.04,26.8389014,10.00
4543,25.16,29.8,16.04,19.63079421,10.00
4544,25.16,29.8,16.04,26.19950932,10.00
4545,25.16,29.8,35.01,20.48910409,10.00
4546,25.16,29.8,35.01,15.82666484,10.00
4547,25.16,29.8,35.01,23.37973566,10.00
4548,25.16,29.8,35.01,27.85818172,10.00
4549,25.16,29.8,35.01,18.39968456,10.00
4550,25.16,29.8,35.01,17.57610699,10.00
4551,25.16,29.8,35.01,26.31461313,10.00
4552,25.16,29.8,35.01,21.1409019,10.00
4553,25.16,29.8,35.01,22.59364992,10.00
4554,25.16,29.8,35.01,16.50332861,10.00
4555,25.16,29.8,35.01,31.69116469,10.00
4556,25.16,29.8,35.01,15.40433699,10.00
4557,25.16,29.8,35.01,5.518251434,10.00
4558,25.16,29.8,35.01,16.01910949,10.00
4559,25.16,29.8,35.01,21.27613586,10.00
4560,25.16,14.6,16.04,11.16005809,10.00
4561,25.16,14.6,16.04,9.991943961,10.00
4562,25.16,14.6,16.04,14.90608053,10.00
4563,25.16,14.6,16.04,9.587704294,10.00
4564,25.16,14.6,16.04,20.97907086,10.00
4565,25.16,14.6,16.04,20.46332847,10.00
4566,25.16,14.6,16.04,19.8415725,10.00
4567,25.16,14.6,16.04,14.28668706,10.00
4568,25.16,14.6,16.04,9.996544466,10.00
4569,25.16,14.6,16.04,9.453614304,10.00
4570,25.16,14.6,16.04,17.36658878,10.00
4571,25.16,14.6,16.04,23.01039034,10.00
4572,25.16,14.6,16.04,24.38823143,10.00
4573,25.16,14.6,16.04,32.11918652,10.00
4574,25.16,29.8,35.01,30.86178661,10.00
4575,25.16,29.8,35.01,28.45032474,10.00
4576,25.16,29.8,35.01,23.75880482,10.00
4577,25.16,29.8,35.01,19.27670407,10.00
4578,25.16,29.8,35.01,31.40469033,10.00
4579,25.16,29.8,35.01,29.71985471,10.00
4580,25.16,29.8,35.01,24.20782146,10.00
4581,25.16,29.8,35.01,30.29483381,10.00
4582,25.16,29.8,35.01,18.00764505,10.00
4583,25.16,29.8,35.01,24.69921761,10.00
4584,25.16,29.8,35.01,22.84189316,10.00
4585,25.16,29.8,35.01,22.58983611,10.00
4586,25.16,29.8,35.01,22.57940292,10.00
4587,25.16,29.8,16.04,18.48582601,10.00
4588,25.16,29.8,16.04,11.60478204,10.00
4589,25.16,29.8,16.04,9.487000708,10.00
4590,25.16,29.8,16.04,24.25571324,10.00
4591,25.16,29.8,16.04,17.7413713,10.00
4592,25.16,29.8,16.04,23.67786131,10.00
4593,25.16,29.8,35.01,18.51707065,10.00
4594,25.16,29.8,35.01,14.30338143,10.00
4595,25.16,29.8,35.01,21.12948497,10.00
4596,25.16,29.8,35.01,25.17688996,10.00
4597,25.16,29.8,35.01,16.62875338,10.00
4598,25.16,29.8,35.01,15.88444343,10.00
4599,25.16,29.8,35.01,23.78188661,10.00
4600,25.16,29.8,35.01,19.10613428,10.00
4601,25.16,29.8,35.01,20.41905833,10.00
4602,25.16,29.8,35.01,14.91491772,10.00
4603,25.16,29.8,35.01,28.64095633,10.00
4604,25.16,29.8,35.01,14.16379402,10.00
4605,25.16,29.8,35.01,5.073855285,10.00
4606,25.16,29.8,35.01,14.72905762,10.00
4607,25.16,29.8,35.01,19.56272483,10.00
4608,25.16,14.6,16.04,11.62502326,10.00
4609,25.16,14.6,16.04,10.40824161,10.00
4610,25.16,14.6,16.04,15.52711747,10.00
4611,25.16,14.6,16.04,9.987159974,10.00
4612,25.16,14.6,16.04,21.8531288,10.00
4613,25.16,14.6,16.04,21.31589886,10.00
4614,25.16,14.6,16.04,20.66823846,10.00
4615,25.16,14.6,16.04,14.88191801,10.00
4616,25.16,14.6,16.04,10.41303379,10.00
4617,25.16,14.6,16.04,9.847483348,10.00
4618,25.16,14.6,16.04,18.09013868,10.00
4619,25.16,14.6,16.04,23.96907981,10.00
4620,25.16,14.6,16.04,25.62373515,10.00
4621,25.16,14.6,16.04,33.74633914,10.00
4622,25.16,29.8,35.01,32.42523955,10.00
4623,25.16,29.8,35.01,29.89161343,10.00
4624,25.16,29.8,35.01,24.9624219,10.00
4625,25.16,29.8,35.01,20.25325867,10.00
4626,25.16,29.8,35.01,32.99564669,10.00
4627,25.16,29.8,35.01,31.22545757,10.00
4628,25.16,29.8,35.01,25.43418564,10.00
4629,25.16,29.8,35.01,31.82956502,10.00
4630,25.16,29.8,35.01,18.91990933,10.00
4631,25.16,29.8,35.01,25.95047584,10.00
4632,25.16,29.8,35.01,23.99905964,10.00
4633,25.16,29.8,35.01,23.73423343,10.00
4634,25.16,29.8,35.01,23.72327169,10.00
4635,25.16,29.8,16.04,19.42231486,10.00
4636,25.16,29.8,16.04,12.19267836,10.00
4637,25.16,29.8,16.04,9.967610576,10.00
4638,25.16,29.8,16.04,25.48450361,10.00
4639,25.16,29.8,16.04,18.6401462,10.00
4640,25.16,29.8,16.04,24.8773778,10.00
4641,25.16,29.8,35.01,19.45514235,10.00
4642,25.16,29.8,35.01,15.02798834,10.00
4643,25.16,29.8,35.01,22.19990114,10.00
4644,25.16,29.8,35.01,26.45234699,10.00
4645,25.16,29.8,35.01,17.47116324,10.00
4646,25.16,29.8,35.01,16.68914668,10.00
4647,25.16,29.8,35.01,24.98667301,10.00
4648,25.16,29.8,35.01,20.07404785,10.00
4649,25.16,29.8,35.01,21.45348441,10.00
4650,25.16,29.8,35.01,15.67050496,10.00
4651,25.16,29.8,35.01,30.09190238,10.00
4652,25.16,29.8,35.01,14.75390483,10.00
4653,25.16,29.8,35.01,5.285248987,10.00
4654,25.16,29.8,35.01,15.3427192,10.00
4655,25.16,29.8,35.01,20.37777308,10.00
4656,25.16,14.6,16.04,11.43565888,10.00
4657,25.16,14.6,16.04,10.23869784,10.00
4658,25.16,14.6,16.04,15.27419041,10.00
4659,25.16,14.6,16.04,9.824475361,10.00
4660,25.16,14.6,16.04,21.49715495,10.00
4661,25.16,14.6,16.04,20.96867615,10.00
4662,25.16,14.6,16.04,20.33156574,10.00
4663,25.16,14.6,16.04,14.63950084,10.00
4664,25.16,14.6,16.04,10.24341196,10.00
4665,25.16,14.6,16.04,9.687073981,10.00
4666,25.16,14.6,16.04,17.7954616,10.00
4667,25.16,14.6,16.04,23.57863843,10.00
4668,25.16,14.6,16.04,25.12055682,10.00
4669,25.16,14.6,16.04,33.08365562,10.00
4670,25.16,29.8,35.01,31.78849873,10.00
4671,25.16,29.8,35.01,29.30462592,10.00
4672,25.16,29.8,35.01,24.4722299,10.00
4673,25.16,29.8,35.01,19.85554144,10.00
4674,25.16,29.8,35.01,32.34770467,10.00
4675,25.16,29.8,35.01,30.61227711,10.00
4676,25.16,29.8,35.01,24.93472952,10.00
4677,25.16,29.8,35.01,31.20452158,10.00
4678,25.16,29.8,35.01,18.54837534,10.00
4679,25.16,29.8,35.01,25.44088124,10.00
4680,25.16,29.8,35.01,23.52778538,10.00
4681,25.16,29.8,35.01,23.26815961,10.00
4682,25.16,29.8,35.01,23.25741313,10.00
4683,25.16,29.8,16.04,19.04091503,10.00
4684,25.16,29.8,16.04,11.95324833,10.00
4685,25.16,29.8,16.04,9.771874643,10.00
4686,25.16,29.8,16.04,24.98405939,10.00
4687,25.16,29.8,16.04,18.27410597,10.00
4688,25.16,29.8,16.04,24.38885583,10.00
4689,25.16,29.8,35.01,19.07309788,10.00
4690,25.16,29.8,35.01,14.73288077,10.00
4691,25.16,29.8,35.01,21.76395731,10.00
4692,25.16,29.8,35.01,25.93289704,10.00
4693,25.16,29.8,35.01,17.12807857,10.00
4694,25.16,29.8,35.01,16.36141861,10.00
4695,25.16,29.8,35.01,24.49600479,10.00
4696,25.16,29.8,35.01,19.67984981,10.00
4697,25.16,29.8,35.01,21.03219811,10.00
4698,25.16,29.8,35.01,15.36278016,10.00
4699,25.16,29.8,35.01,29.50098176,10.00
4700,25.16,29.8,35.01,14.51357291,10.00
4701,25.16,29.8,35.01,5.199155575,10.00
4702,25.16,29.8,35.01,15.09279586,10.00
4703,25.16,29.8,35.01,20.04583185,10.00
4704,25.16,14.6,16.04,11.48548225,10.00
4705,25.16,14.6,16.04,10.28330625,10.00
4706,25.16,14.6,16.04,15.34073767,10.00
4707,25.16,14.6,16.04,9.867279065,10.00
4708,25.16,14.6,16.04,21.59081469,10.00
4709,25.16,14.6,16.04,21.06003339,10.00
4710,25.16,14.6,16.04,20.42014719,10.00
4711,25.16,14.6,16.04,14.70328286,10.00
4712,25.16,14.6,16.04,10.2880409,10.00
4713,25.16,14.6,16.04,9.729279048,10.00
4714,25.16,14.6,16.04,17.87299364,10.00
4715,25.16,14.6,16.04,23.68136688,10.00
4716,25.16,14.6,16.04,25.25294731,10.00
4717,25.16,14.6,16.04,33.25801328,10.00
4718,25.16,29.8,35.01,31.95603065,10.00
4719,25.16,29.8,35.01,29.45906732,10.00
4720,25.16,29.8,35.01,24.60120358,10.00
4721,25.16,29.8,35.01,19.96018422,10.00
4722,25.16,29.8,35.01,32.51818372,10.00
4723,25.16,29.8,35.01,30.7736101,10.00
4724,25.16,29.8,35.01,25.06614067,10.00
4725,25.16,29.8,35.01,31.36897582,10.00
4726,25.16,29.8,35.01,18.64612909,10.00
4727,25.16,29.8,35.01,25.57495991,10.00
4728,25.16,29.8,35.01,23.65178164,10.00
4729,25.16,29.8,35.01,23.39078759,10.00
4730,25.16,29.8,35.01,23.37998448,10.00
4731,25.16,29.8,16.04,19.14126457,10.00
4732,25.16,29.8,16.04,12.0162444,10.00
4733,25.16,29.8,16.04,9.82337443,10.00
4734,25.16,29.8,16.04,25.11573052,10.00
4735,25.16,29.8,16.04,18.37041427,10.00
4736,25.16,29.8,16.04,24.51739011,10.00
4737,25.16,29.8,35.01,19.17361703,10.00
4738,25.16,29.8,35.01,14.81052608,10.00
4739,25.16,29.8,35.01,21.87865783,10.00
4740,25.16,29.8,35.01,26.06956873,10.00
4741,25.16,29.8,35.01,17.21834706,10.00
4742,25.16,29.8,35.01,16.44764665,10.00
4743,25.16,29.8,35.01,24.62510377,10.00
4744,25.16,29.8,35.01,19.78356666,10.00
4745,25.16,29.8,35.01,21.14304212,10.00
4746,25.16,29.8,35.01,15.44374517,10.00
4747,25.16,29.8,35.01,29.656458,10.00
4748,25.16,29.8,35.01,14.57680628,10.00
4749,25.16,29.8,35.01,5.221807483,10.00
4750,25.16,29.8,35.01,15.15855282,10.00
4751,25.16,29.8,35.01,20.13316841,10.00
4752,25.16,14.6,16.04,11.74282776,10.00
4753,25.16,14.6,16.04,10.51371561,10.00
4754,25.16,14.6,16.04,15.68446462,10.00
4755,25.16,14.6,16.04,10.08836686,10.00
4756,25.16,14.6,16.04,22.07458184,10.00
4757,25.16,14.6,16.04,21.53190778,10.00
4758,25.16,14.6,16.04,20.87768419,10.00
4759,25.16,14.6,16.04,15.0327269,10.00
4760,25.16,14.6,16.04,10.51855635,10.00
4761,25.16,14.6,16.04,9.947274789,10.00
4762,25.16,14.6,16.04,18.27345872,10.00
4763,25.16,14.6,16.04,24.21197527,10.00
4764,25.16,14.6,16.04,25.93676482,10.00
4765,25.16,14.6,16.04,34.15859774,10.00
4766,25.16,29.8,35.01,32.82135908,10.00
4767,25.16,29.8,35.01,30.25678118,10.00
4768,25.16,29.8,35.01,25.26737271,10.00
4769,25.16,29.8,35.01,20.50068047,10.00
4770,25.16,29.8,35.01,33.39873454,10.00
4771,25.16,29.8,35.01,31.60692009,10.00
4772,25.16,29.8,35.01,25.7448997,10.00
4773,25.16,29.8,35.01,32.21840756,10.00
4774,25.16,29.8,35.01,19.15104241,10.00
4775,25.16,29.8,35.01,26.26749711,10.00
4776,25.16,29.8,35.01,24.29224163,10.00
4777,25.16,29.8,35.01,24.0241802,10.00
4778,25.16,29.8,35.01,24.01308455,10.00
4779,25.16,29.8,16.04,19.65958553,10.00
4780,25.16,29.8,16.04,12.34162893,10.00
4781,25.16,29.8,16.04,10.08937884,10.00
4782,25.16,29.8,16.04,25.79583237,10.00
4783,25.16,29.8,16.04,18.86786159,10.00
4784,25.16,29.8,16.04,25.18128967,10.00
4785,25.16,29.8,35.01,19.69281405,10.00
4786,25.16,29.8,35.01,15.21157618,10.00
4787,25.16,29.8,35.01,22.4711039,10.00
4788,25.16,29.8,35.01,26.77549931,10.00
4789,25.16,29.8,35.01,17.68459787,10.00
4790,25.16,29.8,35.01,16.89302788,10.00
4791,25.16,29.8,35.01,25.29192008,10.00
4792,25.16,29.8,35.01,20.31928034,10.00
4793,25.16,29.8,35.01,21.71556865,10.00
4794,25.16,29.8,35.01,15.86194203,10.00
4795,25.16,29.8,35.01,30.45951694,10.00
4796,25.16,29.8,35.01,14.90341647,10.00
4797,25.16,29.8,35.01,5.338808114,10.00
4798,25.16,29.8,35.01,15.49819771,10.00
4799,25.16,29.8,35.01,20.58427531,10.00
4800,25.16,14.6,16.04,11.62793545,10.00
4801,25.16,14.6,16.04,10.41084898,10.00
4802,25.16,14.6,16.04,15.53100717,10.00
4803,25.16,14.6,16.04,9.989661859,10.00
4804,25.16,14.6,16.04,21.85860323,10.00
4805,25.16,14.6,16.04,21.32123871,10.00
4806,25.16,14.6,16.04,20.67341606,10.00
4807,25.16,14.6,16.04,14.88564608,10.00
4808,25.16,14.6,16.04,10.41564236,10.00
4809,25.16,14.6,16.04,9.849950243,10.00
4810,25.16,14.6,16.04,18.09467045,10.00
4811,25.16,14.6,16.04,23.9750843,10.00
4812,25.16,14.6,16.04,25.63147341,10.00
4813,25.16,14.6,16.04,33.75653038,10.00
4814,25.16,29.8,35.01,32.43503182,10.00
4815,25.16,29.8,35.01,29.90064056,10.00
4816,25.16,29.8,35.01,24.96996044,10.00
4817,25.16,29.8,35.01,20.25937506,10.00
4818,25.16,29.8,35.01,33.00561122,10.00
4819,25.16,29.8,35.01,31.23488752,10.00
4820,25.16,29.8,35.01,25.44186665,10.00
4821,25.16,29.8,35.01,31.8391774,10.00
4822,25.16,29.8,35.01,18.92562306,10.00
4823,25.16,29.8,35.01,25.95831277,10.00
4824,25.16,29.8,35.01,24.00630725,10.00
4825,25.16,29.8,35.01,23.74140106,10.00
4826,25.16,29.8,35.01,23.73043601,10.00
4827,25.16,29.8,16.04,19.42818031,10.00
4828,25.16,29.8,16.04,12.19636049,10.00
4829,25.16,29.8,16.04,9.970620749,10.00
4830,25.16,29.8,16.04,25.49219982,10.00
4831,25.16,29.8,16.04,18.64577544,10.00
4832,25.16,29.8,16.04,24.88489065,10.00
4833,25.16,29.8,35.01,19.46101771,10.00
4834,25.16,29.8,35.01,15.03252672,10.00
4835,25.16,29.8,35.01,22.20660541,10.00
4836,25.16,29.8,35.01,26.46033548,10.00
4837,25.16,29.8,35.01,17.47643946,10.00
4838,25.16,29.8,35.01,16.69418672,10.00
4839,25.16,29.8,35.01,24.99421887,10.00
4840,25.16,29.8,35.01,20.08011012,10.00
4841,25.16,29.8,35.01,21.45996327,10.00
4842,25.16,29.8,35.01,15.67523738,10.00
4843,25.16,29.8,35.01,30.10099,10.00
4844,25.16,29.8,35.01,14.75760083,10.00
4845,25.16,29.8,35.01,5.286572996,10.00
4846,25.16,29.8,35.01,15.34656271,10.00
4847,25.16,29.8,35.01,20.38287792,10.00
4848,25.16,14.6,16.04,11.24126454,10.00
4849,25.16,14.6,16.04,10.0646506,10.00
4850,25.16,14.6,16.04,15.01454502,10.00
4851,25.16,14.6,16.04,9.657469474,10.00
4852,25.16,14.6,16.04,21.13172562,10.00
4853,25.16,14.6,16.04,20.61223041,10.00
4854,25.16,14.6,16.04,19.98595021,10.00
4855,25.16,14.6,16.04,14.39064451,10.00
4856,25.16,14.6,16.04,10.06928458,10.00
4857,25.16,14.6,16.04,9.522403774,10.00
4858,25.16,14.6,16.04,17.49295722,10.00
4859,25.16,14.6,16.04,23.17782604,10.00
4860,25.16,14.6,16.04,24.60401292,10.00
4861,25.16,14.6,16.04,32.40336972,10.00
4862,25.16,29.8,35.01,31.13484462,10.00
4863,25.16,29.8,35.01,28.70204669,10.00
4864,25.16,29.8,35.01,23.96901729,10.00
4865,25.16,29.8,35.01,19.44725993,10.00
4866,25.16,29.8,35.01,31.68255184,10.00
4867,25.16,29.8,35.01,29.98280917,10.00
4868,25.16,29.8,35.01,24.42200671,10.00
4869,25.16,29.8,35.01,30.56287556,10.00
4870,25.16,29.8,35.01,18.16697256,10.00
4871,25.16,29.8,35.01,24.91775063,10.00
4872,25.16,29.8,35.01,23.04399299,10.00
4873,25.16,29.8,35.01,22.78970581,10.00
4874,25.16,29.8,35.01,22.7791803,10.00
4875,25.16,29.8,16.04,18.64938436,10.00
4876,25.16,29.8,16.04,11.70745849,10.00
4877,25.16,29.8,16.04,9.570939516,10.00
4878,25.16,29.8,16.04,24.47032223,10.00
4879,25.16,29.8,16.04,17.89834289,10.00
4880,25.16,29.8,16.04,23.8873576,10.00
4881,25.16,29.8,35.01,18.68090544,10.00
4882,25.16,29.8,35.01,14.42993447,10.00
4883,25.16,29.8,35.01,21.31643381,10.00
4884,25.16,29.8,35.01,25.39964931,10.00
4885,25.16,29.8,35.01,16.77588078,10.00
4886,25.16,29.8,35.01,16.02498534,10.00
4887,25.16,29.8,35.01,23.9923033,10.00
4888,25.16,29.8,35.01,19.27518098,10.00
4889,25.16,29.8,35.01,20.59972148,10.00
4890,25.16,29.8,35.01,15.0468815,10.00
4891,25.16,29.8,35.01,28.89436495,10.00
4892,25.16,29.8,35.01,14.26685723,10.00
4893,25.16,29.8,35.01,5.110775324,10.00
4894,25.16,29.8,35.01,14.83623399,10.00
4895,25.16,29.8,35.01,19.70507351,10.00
4896,25.16,14.6,16.04,11.47407238,10.00
4897,25.16,14.6,16.04,10.27309064,10.00
4898,25.16,14.6,16.04,15.32549792,10.00
4899,25.16,14.6,16.04,9.857476742,10.00
4900,25.16,14.6,16.04,21.56936601,10.00
4901,25.16,14.6,16.04,21.039112,10.00
4902,25.16,14.6,16.04,20.39986147,10.00
4903,25.16,14.6,16.04,14.68867636,10.00
4904,25.16,14.6,16.04,10.27782059,10.00
4905,25.16,14.6,16.04,9.719613817,10.00
4906,25.16,14.6,16.04,17.85523831,10.00
4907,25.16,14.6,16.04,23.6578414,10.00
4908,25.16,14.6,16.04,25.22262904,10.00
4909,25.16,14.6,16.04,33.21808426,10.00
4910,25.16,29.8,35.01,31.91766477,10.00
4911,25.16,29.8,35.01,29.42369925,10.00
4912,25.16,29.8,35.01,24.57166778,10.00
4913,25.16,29.8,35.01,19.93622035,10.00
4914,25.16,29.8,35.01,32.47914292,10.00
4915,25.16,29.8,35.01,30.73666381,10.00
4916,25.16,29.8,35.01,25.03604667,10.00
4917,25.16,29.8,35.01,31.33131474,10.00
4918,25.16,29.8,35.01,18.62374285,10.00
4919,25.16,29.8,35.01,25.54425503,10.00
4920,25.16,29.8,35.01,23.6233857,10.00
4921,25.16,29.8,35.01,23.362705,10.00
4922,25.16,29.8,35.01,23.35191485,10.00
4923,25.16,29.8,16.04,19.11828388,10.00
4924,25.16,29.8,16.04,12.0018179,10.00
4925,25.16,29.8,16.04,9.811580648,10.00
4926,25.16,29.8,16.04,25.08557698,10.00
4927,25.16,29.8,16.04,18.34835905,10.00
4928,25.16,29.8,16.04,24.48795493,10.00
4929,25.16,29.8,35.01,19.1505975,10.00
4930,25.16,29.8,35.01,14.7927448,10.00
4931,25.16,29.8,35.01,21.85239068,10.00
4932,25.16,29.8,35.01,26.03827004,10.00
4933,25.16,29.8,35.01,17.197675,10.00
4934,25.16,29.8,35.01,16.42789988,10.00
4935,25.16,29.8,35.01,24.59553927,10.00
4936,25.16,29.8,35.01,19.75981484,10.00
4937,25.16,29.8,35.01,21.11765813,10.00
4938,25.16,29.8,35.01,15.42520366,10.00
4939,25.16,29.8,35.01,29.62085294,10.00
4940,25.16,29.8,35.01,14.56232543,10.00
4941,25.16,29.8,35.01,5.21662005,10.00
4942,25.16,29.8,35.01,15.14349405,10.00
4943,25.16,29.8,35.01,20.11316778,10.00
4944,25.16,14.6,16.04,11.76082738,10.00
4945,25.16,14.6,16.04,10.52983123,10.00
4946,25.16,14.6,16.04,15.70850606,10.00
4947,25.16,14.6,16.04,10.10383049,10.00
4948,25.16,14.6,16.04,22.10841818,10.00
4949,25.16,14.6,16.04,21.56491229,10.00
4950,25.16,14.6,16.04,20.90968589,10.00
4951,25.16,14.6,16.04,15.05576935,10.00
4952,25.16,14.6,16.04,10.53467939,10.00
4953,25.16,14.6,16.04,9.962522158,10.00
4954,25.16,14.6,16.04,18.30146862,10.00
4955,25.16,14.6,16.04,24.24908784,10.00
4956,25.16,14.6,16.04,25.98459336,10.00
4957,25.16,14.6,16.04,34.22158771,10.00
4958,25.16,29.8,35.01,32.88188312,10.00
4959,25.16,29.8,35.01,30.31257602,10.00
4960,25.16,29.8,35.01,25.31396686,10.00
4961,25.16,29.8,35.01,20.53848464,10.00
4962,25.16,29.8,35.01,33.46032328,10.00
4963,25.16,29.8,35.01,31.66520465,10.00
4964,25.16,29.8,35.01,25.79237443,10.00
4965,25.16,29.8,35.01,32.27781973,10.00
4966,25.16,29.8,35.01,19.18635778,10.00
4967,25.16,29.8,35.01,26.31593553,10.00
4968,25.16,29.8,35.01,24.3370376,10.00
4969,25.16,29.8,35.01,24.06848185,10.00
4970,25.16,29.8,35.01,24.05736574,10.00
4971,25.16,29.8,16.04,19.69583867,10.00
4972,25.16,29.8,16.04,12.36438744,10.00
4973,25.16,29.8,16.04,10.1079841,10.00
4974,25.16,29.8,16.04,25.84340103,10.00
4975,25.16,29.8,16.04,18.90265476,10.00
4976,25.16,29.8,16.04,25.22772508,10.00
4977,25.16,29.8,35.01,19.72912847,10.00
4978,25.16,29.8,35.01,15.239627,10.00
4979,25.16,29.8,35.01,22.51254161,10.00
4980,25.16,29.8,35.01,26.82487451,10.00
4981,25.16,29.8,35.01,17.71720905,10.00
4982,25.16,29.8,35.01,16.92417937,10.00
4983,25.16,29.8,35.01,25.33855949,10.00
4984,25.16,29.8,35.01,20.35674999,10.00
4985,25.16,29.8,35.01,21.75561312,10.00
4986,25.16,29.8,35.01,15.89119216,10.00
4987,25.16,29.8,35.01,30.51568564,10.00
4988,25.16,29.8,35.01,14.92626071,10.00
4989,25.16,29.8,35.01,5.346991539,10.00
4990,25.16,29.8,35.01,15.52195364,10.00
4991,25.16,29.8,35.01,20.61582728,10.00
4992,25.16,14.6,16.04,11.46716215,10.00
4993,25.16,14.6,16.04,10.26690369,10.00
4994,25.16,14.6,16.04,15.31626817,10.00
4995,25.16,14.6,16.04,9.851540099,10.00
4996,25.16,14.6,16.04,21.5563759,10.00
4997,25.16,14.6,16.04,21.02644124,10.00
4998,25.16,14.6,16.04,20.3875757,10.00
4999,25.16,14.6,16.04,14.67983014,10.00
5000,25.16,14.6,16.04,10.27163079,10.00
5001,25.16,14.6,16.04,9.713760201,10.00
5002,25.16,14.6,16.04,17.84448503,10.00
5003,25.16,14.6,16.04,23.64359352,10.00
5004,25.16,14.6,16.04,25.20426719,10.00
5005,25.16,14.6,16.04,33.19390179,10.00
5006,25.16,29.8,35.01,31.89442899,10.00
5007,25.16,29.8,35.01,29.40227906,10.00
5008,25.16,29.8,35.01,24.55377983,10.00
5009,25.16,29.8,35.01,19.92170696,10.00
5010,25.16,29.8,35.01,32.4554984,10.00
5011,25.16,29.8,35.01,30.71428779,10.00
5012,25.16,29.8,35.01,25.01782066,10.00
5013,25.16,29.8,35.01,31.30850582,10.00
5014,25.16,29.8,35.01,18.61018494,10.00
5015,25.16,29.8,35.01,25.52565904,10.00
5016,25.16,29.8,35.01,23.60618809,10.00
5017,25.16,29.8,35.01,23.34569716,10.00
5018,25.16,29.8,35.01,23.33491487,10.00
5019,25.16,29.8,16.04,19.10436594,10.00
5020,25.16,29.8,16.04,11.99308068,10.00
5021,25.16,29.8,16.04,9.804437905,10.00
5022,25.16,29.8,16.04,25.06731491,10.00
5023,25.16,29.8,16.04,18.33500161,10.00
5024,25.16,29.8,16.04,24.47012792,10.00
5025,25.16,29.8,35.01,19.13665603,10.00
5026,25.16,29.8,35.01,14.78197582,10.00
5027,25.16,29.8,35.01,21.83648233,10.00
5028,25.16,29.8,35.01,26.01931441,10.00
5029,25.16,29.8,35.01,17.18515524,10.00
5030,25.16,29.8,35.01,16.41594051,10.00
5031,25.16,29.8,35.01,24.57763394,10.00
5032,25.16,29.8,35.01,19.74542987,10.00
5033,25.16,29.8,35.01,21.10228466,10.00
5034,25.16,29.8,35.01,15.41397425,10.00
5035,25.16,29.8,35.01,29.59928923,10.00
5036,25.16,29.8,35.01,14.55355531,10.00
5037,25.16,29.8,35.01,5.213478353,10.00
5038,25.16,29.8,35.01,15.13437392,10.00
5039,25.16,29.8,35.01,20.10105467,10.00
5040,25.16,14.6,16.04,11.38200048,10.00
5041,25.16,14.6,16.04,10.19065583,10.00
5042,25.16,14.6,16.04,15.20252086,10.00
5043,25.16,14.6,16.04,9.778376963,10.00
5044,25.16,14.6,16.04,21.39628601,10.00
5045,25.16,14.6,16.04,20.87028694,10.00
5046,25.16,14.6,16.04,20.23616597,10.00
5047,25.16,14.6,16.04,14.57080938,10.00
5048,25.16,14.6,16.04,10.19534782,10.00
5049,25.16,14.6,16.04,9.641620297,10.00
5050,25.16,14.6,16.04,17.71196174,10.00
5051,25.16,14.6,16.04,23.46800276,10.00
5052,25.16,14.6,16.04,24.97797594,10.00
5053,25.16,14.6,16.04,32.89587727,10.00
5054,25.16,29.8,35.01,31.60807151,10.00
5055,25.16,29.8,35.01,29.13829683,10.00
5056,25.16,29.8,35.01,24.33332884,10.00
5057,25.16,29.8,35.01,19.74284407,10.00
5058,25.16,29.8,35.01,32.16410348,10.00
5059,25.16,29.8,35.01,30.43852597,10.00
5060,25.16,29.8,35.01,24.79320337,10.00
5061,25.16,29.8,35.01,31.02740894,10.00
5062,25.16,29.8,35.01,18.44309727,10.00
5063,25.16,29.8,35.01,25.29648224,10.00
5064,25.16,29.8,35.01,23.39424485,10.00
5065,25.16,29.8,35.01,23.13609269,10.00
5066,25.16,29.8,35.01,23.1254072,10.00
5067,25.16,29.8,16.04,18.93284138,10.00
5068,25.16,29.8,16.04,11.88540331,10.00
5069,25.16,29.8,16.04,9.716410805,10.00
5070,25.16,29.8,16.04,24.84225325,10.00
5071,25.16,29.8,16.04,18.17038462,10.00
5072,25.16,29.8,16.04,24.25042798,10.00
5073,25.16,29.8,35.01,18.96484156,10.00
5074,25.16,29.8,35.01,14.64925893,10.00
5075,25.16,29.8,35.01,21.64042803,10.00
5076,25.16,29.8,35.01,25.78570542,10.00
5077,25.16,29.8,35.01,17.03086191,10.00
5078,25.16,29.8,35.01,16.26855341,10.00
5079,25.16,29.8,35.01,24.35696878,10.00
5080,25.16,29.8,35.01,19.56814965,10.00
5081,25.16,29.8,35.01,20.9128222,10.00
5082,25.16,29.8,35.01,15.2755831,10.00
5083,25.16,29.8,35.01,29.33353818,10.00
5084,25.16,29.8,35.01,14.44547233,10.00
5085,25.16,29.8,35.01,5.174760099,10.00
5086,25.16,29.8,35.01,15.02197745,10.00
5087,25.16,29.8,35.01,19.95177281,10.00
5088,25.16,14.6,16.04,11.74254246,10.00
5089,25.16,14.6,16.04,10.51346018,10.00
5090,25.16,14.6,16.04,15.68408357,10.00
5091,25.16,14.6,16.04,10.08812176,10.00
5092,25.16,14.6,16.04,22.07404554,10.00
5093,25.16,14.6,16.04,21.53138466,10.00
5094,25.16,14.6,16.04,20.87717696,10.00
5095,25.16,14.6,16.04,15.03236168,10.00
5096,25.16,14.6,16.04,10.5183008,10.00
5097,25.16,14.6,16.04,9.947033119,10.00
5098,25.16,14.6,16.04,18.27301476,10.00
5099,25.16,14.6,16.04,24.21138704,10.00
5100,25.16,14.6,16.04,25.93600674,10.00
5101,25.16,14.6,16.04,34.15759935,10.00
5102,25.16,29.8,35.01,32.82039978,10.00
5103,25.16,29.8,35.01,30.25589684,10.00
5104,25.16,29.8,35.01,25.26663419,10.00
5105,25.16,29.8,35.01,20.50008128,10.00
5106,25.16,29.8,35.01,33.39775836,10.00
5107,25.16,29.8,35.01,31.60599629,10.00
5108,25.16,29.8,35.01,25.74414722,10.00
5109,25.16,29.8,35.01,32.21746588,10.00
5110,25.16,29.8,35.01,19.15048267,10.00
5111,25.16,29.8,35.01,26.26672936,10.00
5112,25.16,29.8,35.01,24.29153162,10.00
5113,25.16,29.8,35.01,24.02347802,10.00
5114,25.16,29.8,35.01,24.0123827,10.00
5115,25.16,29.8,16.04,19.65901092,10.00
5116,25.16,29.8,16.04,12.34126821,10.00
5117,25.16,29.8,16.04,10.08908395,10.00
5118,25.16,29.8,16.04,25.79507841,10.00
5119,25.16,29.8,16.04,18.86731012,10.00
5120,25.16,29.8,16.04,25.18055367,10.00
5121,25.16,29.8,35.01,19.69223847,10.00
5122,25.16,29.8,35.01,15.21113158,10.00
5123,25.16,29.8,35.01,22.47044711,10.00
5124,25.16,29.8,35.01,26.77471671,10.00
5125,25.16,29.8,35.01,17.68408099,10.00
5126,25.16,29.8,35.01,16.89253413,10.00
5127,25.16,29.8,35.01,25.29118084,10.00
5128,25.16,29.8,35.01,20.31868645,10.00
5129,25.16,29.8,35.01,21.71493395,10.00
5130,25.16,29.8,35.01,15.86147842,10.00
5131,25.16,29.8,35.01,30.45862667,10.00
5132,25.16,29.8,35.01,14.90305439,10.00
5133,25.16,29.8,35.01,5.338678407,10.00
5134,25.16,29.8,35.01,15.49782118,10.00
5135,25.16,29.8,35.01,20.58377522,10.00
5136,25.16,14.6,16.04,12.00411462,10.00
5137,25.16,14.6,16.04,10.74765379,10.00
5138,25.16,14.6,16.04,16.03345591,10.00
5139,25.16,14.6,16.04,10.3128407,10.00
5140,25.16,14.6,16.04,22.5657581,10.00
5141,25.16,14.6,16.04,22.01100913,10.00
5142,25.16,14.6,16.04,21.34222856,10.00
5143,25.16,14.6,16.04,15.36721652,10.00
5144,25.16,14.6,16.04,10.75260224,10.00
5145,25.16,14.6,16.04,10.16860923,10.00
5146,25.16,14.6,16.04,18.68005709,10.00
5147,25.16,14.6,16.04,24.75071016,10.00
5148,25.16,14.6,16.04,26.6310553,10.00
5149,25.16,14.6,16.04,35.07297504,10.00
5150,25.16,29.8,35.01,33.6999404,10.00
5151,25.16,29.8,35.01,31.06671238,10.00
5152,25.16,29.8,35.01,25.9437445,10.00
5153,25.16,29.8,35.01,21.04945466,10.00
5154,25.16,29.8,35.01,34.29277138,10.00
5155,25.16,29.8,35.01,32.4529926,10.00
5156,25.16,29.8,35.01,26.43405421,10.00
5157,25.16,29.8,35.01,33.08084871,10.00
5158,25.16,29.8,35.01,19.66368871,10.00
5159,25.16,29.8,35.01,26.97064081,10.00
5160,25.16,29.8,35.01,24.94251055,10.00
5161,25.16,29.8,35.01,24.66727349,10.00
5162,25.16,29.8,35.01,24.65588083,10.00
5163,25.16,29.8,16.04,20.1858448,10.00
5164,25.16,29.8,16.04,12.67199687,10.00
5165,25.16,29.8,16.04,10.35945723,10.00
5166,25.16,29.8,16.04,26.48635028,10.00
5167,25.16,29.8,16.04,19.37292753,10.00
5168,25.16,29.8,16.04,25.85535714,10.00
5169,25.16,29.8,35.01,20.2199628,10.00
5170,25.16,29.8,35.01,15.61876854,10.00
5171,25.16,29.8,35.01,23.07262354,10.00
5172,25.16,29.8,35.01,27.49224151,10.00
5173,25.16,29.8,35.01,18.15798952,10.00
5174,25.16,29.8,35.01,17.34523032,10.00
5175,25.16,29.8,35.01,25.96894897,10.00
5176,25.16,29.8,35.01,20.86319871,10.00
5177,25.16,29.8,35.01,22.29686368,10.00
5178,25.16,29.8,35.01,16.28654376,10.00
5179,25.16,29.8,35.01,31.27487509,10.00
5180,25.16,29.8,35.01,15.23502884,10.00
5181,25.16,29.8,35.01,5.457600661,10.00
5182,25.16,29.8,35.01,15.84304441,10.00
5183,25.16,29.8,35.01,21.04229112,10.00
5184,25.16,14.6,16.04,11.35288949,10.00
5185,25.16,14.6,16.04,10.16459185,10.00
5186,25.16,14.6,16.04,15.16363836,10.00
5187,25.16,14.6,16.04,9.753367448,10.00
5188,25.16,14.6,16.04,21.34156213,10.00
5189,25.16,14.6,16.04,20.81690837,10.00
5190,25.16,14.6,16.04,20.18440926,10.00
5191,25.16,14.6,16.04,14.53354257,10.00
5192,25.16,14.6,16.04,10.16927185,10.00
5193,25.16,14.6,16.04,9.616960556,10.00
5194,25.16,14.6,16.04,17.66666102,10.00
5195,25.16,14.6,16.04,23.40798018,10.00
5196,25.16,14.6,16.04,24.9006223,10.00
5197,25.16,14.6,16.04,32.7940029,10.00
5198,25.16,29.8,35.01,31.51018531,10.00
5199,25.16,29.8,35.01,29.04805921,10.00
5200,25.16,29.8,35.01,24.25797159,10.00
5201,25.16,29.8,35.01,19.68170298,10.00
5202,25.16,29.8,35.01,32.06449532,10.00
5203,25.16,29.8,35.01,30.3442617,10.00
5204,25.16,29.8,35.01,24.71642196,10.00
5205,25.16,29.8,35.01,30.93132097,10.00
5206,25.16,29.8,35.01,18.38598133,10.00
5207,25.16,29.8,35.01,25.21814223,10.00
5208,25.16,29.8,35.01,23.32179583,10.00
5209,25.16,29.8,35.01,23.06444313,10.00
5210,25.16,29.8,35.01,23.05379074,10.00
5211,25.16,29.8,16.04,18.87420876,10.00
5212,25.16,29.8,16.04,11.84859572,10.00
5213,25.16,29.8,16.04,9.686320309,10.00
5214,25.16,29.8,16.04,24.76531993,10.00
5215,25.16,29.8,16.04,18.11411324,10.00
5216,25.16,29.8,16.04,24.17532747,10.00
5217,25.16,29.8,35.01,18.90610984,10.00
5218,25.16,29.8,35.01,14.60389203,10.00
5219,25.16,29.8,35.01,21.57341036,10.00
5220,25.16,29.8,35.01,25.70585035,10.00
5221,25.16,29.8,35.01,16.97811949,10.00
5222,25.16,29.8,35.01,16.21817176,10.00
5223,25.16,29.8,35.01,24.28153833,10.00
5224,25.16,29.8,35.01,19.50754956,10.00
5225,25.16,29.8,35.01,20.84805783,10.00
5226,25.16,29.8,35.01,15.22827655,10.00
5227,25.16,29.8,35.01,29.24269592,10.00
5228,25.16,29.8,35.01,14.40852609,10.00
5229,25.16,29.8,35.01,5.161524954,10.00
5230,25.16,29.8,35.01,14.98355673,10.00
5231,25.16,29.8,35.01,19.90074347,10.00
5232,25.16,14.6,16.04,11.27724634,10.00
5233,25.16,14.6,16.04,10.09686621,10.00
5234,25.16,14.6,16.04,15.06260458,10.00
5235,25.16,14.6,16.04,9.68838175,10.00
5236,25.16,14.6,16.04,21.19936546,10.00
5237,25.16,14.6,16.04,20.67820742,10.00
5238,25.16,14.6,16.04,20.04992258,10.00
5239,25.16,14.6,16.04,14.43670705,10.00
5240,25.16,14.6,16.04,10.10151502,10.00
5241,25.16,14.6,16.04,9.552883723,10.00
5242,25.16,14.6,16.04,17.54894985,10.00
5243,25.16,14.6,16.04,23.25201519,10.00
5244,25.16,14.6,16.04,24.6996236,10.00
5245,25.16,14.6,16.04,32.52928855,10.00
5246,25.16,29.8,35.01,31.25583399,10.00
5247,25.16,29.8,35.01,28.81358225,10.00
5248,25.16,29.8,35.01,24.06216039,10.00
5249,25.16,29.8,35.01,19.52283158,10.00
5250,25.16,29.8,35.01,31.80566958,10.00
5251,25.16,29.8,35.01,30.09932175,10.00
5252,25.16,29.8,35.01,24.51691013,10.00
5253,25.16,29.8,35.01,30.68164226,10.00
5254,25.16,29.8,35.01,18.23756904,10.00
5255,25.16,29.8,35.01,25.0145805,10.00
5256,25.16,29.8,35.01,23.13354148,10.00
5257,25.16,29.8,35.01,22.87826614,10.00
5258,25.16,29.8,35.01,22.86769973,10.00
5259,25.16,29.8,16.04,18.72185548,10.00
5260,25.16,29.8,16.04,11.75295344,10.00
5261,25.16,29.8,16.04,9.608131991,10.00
5262,25.16,29.8,16.04,24.5654134,10.00
5263,25.16,29.8,16.04,17.96789548,10.00
5264,25.16,29.8,16.04,23.98018338,10.00
5265,25.16,29.8,35.01,18.75349906,10.00
5266,25.16,29.8,35.01,14.4860089,10.00
5267,25.16,29.8,35.01,21.39926903,10.00
5268,25.16,29.8,35.01,25.49835183,10.00
5269,25.16,29.8,35.01,16.84107151,10.00
5270,25.16,29.8,35.01,16.08725811,10.00
5271,25.16,29.8,35.01,24.0855369,10.00
5272,25.16,29.8,35.01,19.35008394,10.00
5273,25.16,29.8,35.01,20.67977158,10.00
5274,25.16,29.8,35.01,15.10535337,10.00
5275,25.16,29.8,35.01,29.00664785,10.00
5276,25.16,29.8,35.01,14.31252355,10.00
5277,25.16,29.8,35.01,5.127134237,10.00
5278,25.16,29.8,35.01,14.88372281,10.00
5279,25.16,29.8,35.01,19.76814683,10.00
5280,25.16,14.6,16.04,11.80200324,10.00
5281,25.16,14.6,16.04,10.56669724,10.00
5282,25.16,14.6,16.04,15.76350315,10.00
5283,25.16,14.6,16.04,10.13920504,10.00
5284,25.16,14.6,16.04,22.18582201,10.00
5285,25.16,14.6,16.04,21.64041325,10.00
5286,25.16,14.6,16.04,20.98289284,10.00
5287,25.16,14.6,16.04,15.10848113,10.00
5288,25.16,14.6,16.04,10.57156238,10.00
5289,25.16,14.6,16.04,9.997401966,10.00
5290,25.16,14.6,16.04,18.36554393,10.00
5291,25.16,14.6,16.04,24.33398637,10.00
5292,25.16,14.6,16.04,26.0940057,10.00
5293,25.16,14.6,16.04,34.36568324,10.00
5294,25.16,29.8,35.01,33.02033761,10.00
5295,25.16,29.8,35.01,30.44021203,10.00
5296,25.16,29.8,35.01,25.42055541,10.00
5297,25.16,29.8,35.01,20.62496525,10.00
5298,25.16,29.8,35.01,33.60121339,10.00
5299,25.16,29.8,35.01,31.79853612,10.00
5300,25.16,29.8,35.01,25.9009774,10.00
5301,25.16,29.8,35.01,32.41373071,10.00
5302,25.16,29.8,35.01,19.26714505,10.00
5303,25.16,29.8,35.01,26.42674304,10.00
5304,25.16,29.8,35.01,24.43951264,10.00
5305,25.16,29.8,35.01,24.16982609,10.00
5306,25.16,29.8,35.01,24.15866317,10.00
5307,25.16,29.8,16.04,19.77877119,10.00
5308,25.16,29.8,16.04,12.4164497,10.00
5309,25.16,29.8,16.04,10.15054541,10.00
5310,25.16,29.8,16.04,25.95221885,10.00
5311,25.16,29.8,16.04,18.98224745,10.00
5312,25.16,29.8,16.04,25.3339505,10.00
5313,25.16,29.8,35.01,19.81220116,10.00
5314,25.16,29.8,35.01,15.30379592,10.00
5315,25.16,29.8,35.01,22.60733431,10.00
5316,25.16,29.8,35.01,26.93782499,10.00
5317,25.16,29.8,35.01,17.79181023,10.00
5318,25.16,29.8,35.01,16.99544137,10.00
5319,25.16,29.8,35.01,25.4452516,10.00
5320,25.16,29.8,35.01,20.44246538,10.00
5321,25.16,29.8,35.01,21.84721865,10.00
5322,25.16,29.8,35.01,15.95810459,10.00
5323,25.16,29.8,35.01,30.64417688,10.00
5324,25.16,29.8,35.01,14.97851907,10.00
5325,25.16,29.8,35.01,5.365711903,10.00
5326,25.16,29.8,35.01,15.57629758,10.00
5327,25.16,29.8,35.01,20.6880054,10.00
5328,25.16,14.6,16.04,11.71451782,10.00
5329,25.16,14.6,16.04,10.48836884,10.00
5330,25.16,14.6,16.04,15.64665207,10.00
5331,25.16,14.6,16.04,10.06404553,10.00
5332,25.16,14.6,16.04,22.02136382,10.00
5333,25.16,14.6,16.04,21.47999805,10.00
5334,25.16,14.6,16.04,20.82735167,10.00
5335,25.16,14.6,16.04,14.99648558,10.00
5336,25.16,14.6,16.04,10.49319791,10.00
5337,25.16,14.6,16.04,9.923293617,10.00
5338,25.16,14.6,16.04,18.22940455,10.00
5339,25.16,14.6,16.04,24.15360435,10.00
5340,25.16,14.6,16.04,25.86153975,10.00
5341,25.16,14.6,16.04,34.05952668,10.00
5342,25.16,29.8,35.01,32.72616645,10.00
5343,25.16,29.8,35.01,30.16902666,10.00
5344,25.16,29.8,35.01,25.19408909,10.00
5345,25.16,29.8,35.01,20.44122182,10.00
5346,25.16,29.8,35.01,33.30186733,10.00
5347,25.16,29.8,35.01,31.51524973,10.00
5348,25.16,29.8,35.01,25.6702311,10.00
5349,25.16,29.8,35.01,32.12496367,10.00
5350,25.16,29.8,35.01,19.09549815,10.00
5351,25.16,29.8,35.01,26.1913128,10.00
5352,25.16,29.8,35.01,24.22178621,10.00
5353,25.16,29.8,35.01,23.95450225,10.00
5354,25.16,29.8,35.01,23.94343878,10.00
5355,25.16,29.8,16.04,19.60256632,10.00
5356,25.16,29.8,16.04,12.30583419,10.00
5357,25.16,29.8,16.04,10.06011636,10.00
5358,25.16,29.8,16.04,25.72101605,10.00
5359,25.16,29.8,16.04,18.81313864,10.00
5360,25.16,29.8,16.04,25.10825572,10.00
5361,25.16,29.8,35.01,19.63569847,10.00
5362,25.16,29.8,35.01,15.16745765,10.00
5363,25.16,29.8,35.01,22.40593038,10.00
5364,25.16,29.8,35.01,26.69784163,10.00
5365,25.16,29.8,35.01,17.63330678,10.00
5366,25.16,29.8,35.01,16.8440326,10.00
5367,25.16,29.8,35.01,25.21856526,10.00
5368,25.16,29.8,35.01,20.26034781,10.00
5369,25.16,29.8,35.01,21.65258642,10.00
5370,25.16,29.8,35.01,15.81593723,10.00
5371,25.16,29.8,35.01,30.37117442,10.00
5372,25.16,29.8,35.01,14.86748689,10.00
5373,25.16,29.8,35.01,5.325937164,10.00
5374,25.16,29.8,35.01,15.46083422,10.00
5375,25.16,29.8,35.01,20.53465016,10.00
5376,25.16,14.6,16.04,11.58595914,10.00
5377,25.16,14.6,16.04,10.3732663,10.00
5378,25.16,14.6,16.04,15.47494096,10.00
5379,25.16,14.6,16.04,9.953599642,10.00
5380,25.16,14.6,16.04,21.77969468,10.00
5381,25.16,14.6,16.04,21.24427002,10.00
5382,25.16,14.6,16.04,20.59878599,10.00
5383,25.16,14.6,16.04,14.83190959,10.00
5384,25.16,14.6,16.04,10.37804237,10.00
5385,25.16,14.6,16.04,9.814392378,10.00
5386,25.16,14.6,16.04,18.02934952,10.00
5387,25.16,14.6,16.04,23.88853536,10.00
5388,25.16,14.6,16.04,25.51993411,10.00
5389,25.16,14.6,16.04,33.60963365,10.00
5390,25.16,29.8,35.01,32.2938858,10.00
5391,25.16,29.8,35.01,29.77052333,10.00
5392,25.16,29.8,35.01,24.86129982,10.00
5393,25.16,29.8,35.01,20.17121328,10.00
5394,25.16,29.8,35.01,32.86198224,10.00
5395,25.16,29.8,35.01,31.09896411,10.00
5396,25.16,29.8,35.01,25.33115246,10.00
5397,25.16,29.8,35.01,31.70062433,10.00
5398,25.16,29.8,35.01,18.8432653,10.00
5399,25.16,29.8,35.01,25.84535119,10.00
5400,25.16,29.8,35.01,23.90184012,10.00
5401,25.16,29.8,35.01,23.63808671,10.00
5402,25.16,29.8,35.01,23.62716938,10.00
5403,25.16,29.8,16.04,19.3436356,10.00
5404,25.16,29.8,16.04,12.14328616,10.00
5405,25.16,29.8,16.04,9.927232062,10.00
5406,25.16,29.8,16.04,25.38126659,10.00
5407,25.16,29.8,16.04,18.56463548,10.00
5408,25.16,29.8,16.04,24.77660023,10.00
5409,25.16,29.8,35.01,19.3763301,10.00
5410,25.16,29.8,35.01,14.96711037,10.00
5411,25.16,29.8,35.01,22.10996996,10.00
5412,25.16,29.8,35.01,26.34518926,10.00
5413,25.16,29.8,35.01,17.40038805,10.00
5414,25.16,29.8,35.01,16.6215394,10.00
5415,25.16,29.8,35.01,24.88545269,10.00
5416,25.16,29.8,35.01,19.99272843,10.00
5417,25.16,29.8,35.01,21.36657694,10.00
5418,25.16,29.8,35.01,15.60702418,10.00
5419,25.16,29.8,35.01,29.97000092,10.00
5420,25.16,29.8,35.01,14.70432658,10.00
5421,25.16,29.8,35.01,5.267488712,10.00
5422,25.16,29.8,35.01,15.29116232,10.00
5423,25.16,29.8,35.01,20.30929667,10.00
5424,25.16,14.6,16.04,11.50154577,10.00
5425,25.16,14.6,16.04,10.29768841,10.00
5426,25.16,14.6,16.04,15.36219311,10.00
5427,25.16,14.6,16.04,9.881079372,10.00
5428,25.16,14.6,16.04,21.62101145,10.00
5429,25.16,14.6,16.04,21.08948781,10.00
5430,25.16,14.6,16.04,20.44870666,10.00
5431,25.16,14.6,16.04,14.72384676,10.00
5432,25.16,14.6,16.04,10.30242968,10.00
5433,25.16,14.6,16.04,9.742886349,10.00
5434,25.16,14.6,16.04,17.89799069,10.00
5435,25.16,14.6,16.04,23.71448747,10.00
5436,25.16,14.6,16.04,25.29563122,10.00
5437,25.16,14.6,16.04,33.3142278,10.00
5438,25.16,29.8,35.01,32.01004448,10.00
5439,25.16,29.8,35.01,29.50886065,10.00
5440,25.16,29.8,35.01,24.64278588,10.00
5441,25.16,29.8,35.01,19.99392201,10.00
5442,25.16,29.8,35.01,32.57314773,10.00
5443,25.16,29.8,35.01,30.82562533,10.00
5444,25.16,29.8,35.01,25.10850883,10.00
5445,25.16,29.8,35.01,31.42199737,10.00
5446,25.16,29.8,35.01,18.6776458,10.00
5447,25.16,29.8,35.01,25.6181881,10.00
5448,25.16,29.8,35.01,23.69175917,10.00
5449,25.16,29.8,35.01,23.43032398,10.00
5450,25.16,29.8,35.01,23.4195026,10.00
5451,25.16,29.8,16.04,19.17361818,10.00
5452,25.16,29.8,16.04,12.03655492,10.00
5453,25.16,29.8,16.04,9.839978434,10.00
5454,25.16,29.8,16.04,25.1581825,10.00
5455,25.16,29.8,16.04,18.40146494,10.00
5456,25.16,29.8,16.04,24.55883074,10.00
5457,25.16,29.8,35.01,19.20602532,10.00
5458,25.16,29.8,35.01,14.83555964,10.00
5459,25.16,29.8,35.01,21.91563834,10.00
5460,25.16,29.8,35.01,26.11363294,10.00
5461,25.16,29.8,35.01,17.24745045,10.00
5462,25.16,29.8,35.01,16.47544736,10.00
5463,25.16,29.8,35.01,24.66672646,10.00
5464,25.16,29.8,35.01,19.81700593,10.00
5465,25.16,29.8,35.01,21.17877924,10.00
5466,25.16,29.8,35.01,15.46984903,10.00
5467,25.16,29.8,35.01,29.70658496,10.00
5468,25.16,29.8,35.01,14.5971933,10.00
5469,25.16,29.8,35.01,5.229110666,10.00
5470,25.16,29.8,35.01,15.17975346,10.00
5471,25.16,29.8,35.01,20.16132652,10.00
5472,25.16,14.6,16.04,11.93923941,10.00
5473,25.16,14.6,16.04,10.68956901,10.00
5474,25.16,14.6,16.04,15.94680447,10.00
5475,25.16,14.6,16.04,10.25710584,10.00
5476,25.16,14.6,16.04,22.4438034,10.00
5477,25.16,14.6,16.04,21.89205252,10.00
5478,25.16,14.6,16.04,21.22688632,10.00
5479,25.16,14.6,16.04,15.28416572,10.00
5480,25.16,14.6,16.04,10.69449072,10.00
5481,25.16,14.6,16.04,10.11365385,10.00
5482,25.16,14.6,16.04,18.57910233,10.00
5483,25.16,14.6,16.04,24.61694707,10.00
5484,25.16,14.6,16.04,26.45866914,10.00
5485,25.16,14.6,16.04,34.84594328,10.00
5486,25.16,29.8,35.01,33.48179646,10.00
5487,25.16,29.8,35.01,30.86561365,10.00
5488,25.16,29.8,35.01,25.77580739,10.00
5489,25.16,29.8,35.01,20.91319891,10.00
5490,25.16,29.8,35.01,34.07078997,10.00
5491,25.16,29.8,35.01,32.24292031,10.00
5492,25.16,29.8,35.01,26.26294326,10.00
5493,25.16,29.8,35.01,32.86671223,10.00
5494,25.16,29.8,35.01,19.53640318,10.00
5495,25.16,29.8,35.01,26.79605647,10.00
5496,25.16,29.8,35.01,24.78105455,10.00
5497,25.16,29.8,35.01,24.50759914,10.00
5498,25.16,29.8,35.01,24.49628022,10.00
5499,25.16,29.8,16.04,20.05517929,10.00
5500,25.16,29.8,16.04,12.58996944,10.00
5501,25.16,29.8,16.04,10.29239916,10.00
5502,25.16,29.8,16.04,26.31490082,10.00
5503,25.16,29.8,16.04,19.24752414,10.00
5504,25.16,29.8,16.04,25.68799217,10.00
5505,25.16,29.8,35.01,20.08907644,10.00
5506,25.16,29.8,35.01,15.51766629,10.00
5507,25.16,29.8,35.01,22.92327155,10.00
5508,25.16,29.8,35.01,27.31428079,10.00
5509,25.16,29.8,35.01,18.04045058,10.00
5510,25.16,29.8,35.01,17.23295247,10.00
5511,25.16,29.8,35.01,25.8008487,10.00
5512,25.16,29.8,35.01,20.72814861,10.00
5513,25.16,29.8,35.01,22.15253328,10.00
5514,25.16,29.8,35.01,16.18111892,10.00
5515,25.16,29.8,35.01,31.0724289,10.00
5516,25.16,29.8,35.01,15.15269243,10.00
5517,25.16,29.8,35.01,5.428105526,10.00
5518,25.16,29.8,35.01,15.75742204,10.00
5519,25.16,29.8,35.01,20.92856986,10.00
5520,25.16,14.6,16.04,11.25013299,10.00
5521,25.16,14.6,16.04,10.07259079,10.00
5522,25.16,14.6,16.04,15.02639027,10.00
5523,25.16,14.6,16.04,9.665088432,10.00
5524,25.16,14.6,16.04,21.14839683,10.00
5525,25.16,14.6,16.04,20.62849178,10.00
5526,25.16,14.6,16.04,20.0017175,10.00
5527,25.16,14.6,16.04,14.40199756,10.00
5528,25.16,14.6,16.04,10.07722843,10.00
5529,25.16,14.6,16.04,9.529916177,10.00
5530,25.16,14.6,16.04,17.50675774,10.00
5531,25.16,14.6,16.04,23.19611146,10.00
5532,25.16,14.6,16.04,24.62757811,10.00
5533,25.16,14.6,16.04,32.43440498,10.00
5534,25.16,29.8,35.01,31.16466491,10.00
5535,25.16,29.8,35.01,28.7295369,10.00
5536,25.16,29.8,35.01,23.9919743,10.00
5537,25.16,29.8,35.01,19.46588609,10.00
5538,25.16,29.8,35.01,31.71289671,10.00
5539,25.16,29.8,35.01,30.01152606,10.00
5540,25.16,29.8,35.01,24.44539759,10.00
5541,25.16,29.8,35.01,30.59214802,10.00
5542,25.16,29.8,35.01,18.1843725,10.00
5543,25.16,29.8,35.01,24.94161632,10.00
5544,25.16,29.8,35.01,23.06606404,10.00
5545,25.16,29.8,35.01,22.8115333,10.00
5546,25.16,29.8,35.01,22.80099771,10.00
5547,25.16,29.8,16.04,18.66724634,10.00
5548,25.16,29.8,16.04,11.71867165,10.00
5549,25.16,29.8,16.04,9.580106357,10.00
5550,25.16,29.8,16.04,24.49375938,10.00
5551,25.16,29.8,16.04,17.91548553,10.00
5552,25.16,29.8,16.04,23.9102364,10.00
5553,25.16,29.8,35.01,18.69879761,10.00
5554,25.16,29.8,35.01,14.44375515,10.00
5555,25.16,29.8,35.01,21.33685023,10.00
5556,25.16,29.8,35.01,25.42397655,10.00
5557,25.16,29.8,35.01,16.79194836,10.00
5558,25.16,29.8,35.01,16.04033373,10.00
5559,25.16,29.8,35.01,24.01528261,10.00
5560,25.16,29.8,35.01,19.29364233,10.00
5561,25.16,29.8,35.01,20.61945146,10.00
5562,25.16,29.8,35.01,15.06129308,10.00
5563,25.16,29.8,35.01,28.92203935,10.00
5564,25.16,29.8,35.01,14.27811262,10.00
5565,25.16,29.8,35.01,5.114807311,10.00
5566,25.16,29.8,35.01,14.84793858,10.00
5567,25.16,29.8,35.01,19.72061921,10.00
5568,25.16,14.6,16.04,11.07134394,10.00
5569,25.16,14.6,16.04,9.912515447,10.00
5570,25.16,14.6,16.04,14.78758829,10.00
5571,25.16,14.6,16.04,9.511489185,10.00
5572,25.16,14.6,16.04,20.81230287,10.00
5573,25.16,14.6,16.04,20.30066025,10.00
5574,25.16,14.6,16.04,19.68384677,10.00
5575,25.16,14.6,16.04,14.17311854,10.00
5576,25.16,14.6,16.04,9.917079382,10.00
5577,25.16,14.6,16.04,9.37846511,10.00
5578,25.16,14.6,16.04,17.22853733,10.00
5579,25.16,14.6,16.04,22.82747487,10.00
5580,25.16,14.6,16.04,24.15250052,10.00
5581,25.16,14.6,16.04,31.80873002,10.00
5582,25.16,29.8,35.01,30.56348383,10.00
5583,25.16,29.8,35.01,28.17533059,10.00
5584,25.16,29.8,35.01,23.5291578,10.00
5585,25.16,29.8,35.01,19.09037998,10.00
5586,25.16,29.8,35.01,31.10113998,10.00
5587,25.16,29.8,35.01,29.43258958,10.00
5588,25.16,29.8,35.01,23.97383434,10.00
5589,25.16,29.8,35.01,30.00201107,10.00
5590,25.16,29.8,35.01,17.83358738,10.00
5591,25.16,29.8,35.01,24.46048078,10.00
5592,25.16,29.8,35.01,22.62110879,10.00
5593,25.16,29.8,35.01,22.37148807,10.00
5594,25.16,29.8,35.01,22.36115572,10.00
5595,25.16,29.8,16.04,18.30714636,10.00
5596,25.16,29.8,16.04,11.49261295,10.00
5597,25.16,29.8,16.04,9.395301589,10.00
5598,25.16,29.8,16.04,24.02126322,10.00
5599,25.16,29.8,16.04,17.56988737,10.00
5600,25.16,29.8,16.04,23.44899667,10.00
5601,25.16,29.8,35.01,18.33808899,10.00
5602,25.16,29.8,35.01,14.16512831,10.00
5603,25.16,29.8,35.01,20.92525233,10.00
5604,25.16,29.8,35.01,24.93353606,10.00
5605,25.16,29.8,35.01,16.46802376,10.00
5606,25.16,29.8,35.01,15.73090813,10.00
5607,25.16,29.8,35.01,23.55201649,10.00
5608,25.16,29.8,35.01,18.92145888,10.00
5609,25.16,29.8,35.01,20.22169252,10.00
5610,25.16,29.8,35.01,14.77075363,10.00
5611,25.16,29.8,35.01,28.36411958,10.00
5612,25.16,29.8,35.01,14.0512024,10.00
5613,25.16,29.8,35.01,5.033521913,10.00
5614,25.16,29.8,35.01,14.61197258,10.00
5615,25.16,29.8,35.01,19.40721574,10.00
5616,25.16,14.6,16.04,11.6645884,10.00
5617,25.16,14.6,16.04,10.4436655,10.00
5618,25.16,14.6,16.04,15.57996318,10.00
5619,25.16,14.6,16.04,10.02115073,10.00
5620,25.16,14.6,16.04,21.92750474,10.00
5621,25.16,14.6,16.04,21.38844637,10.00
5622,25.16,14.6,16.04,20.73858169,10.00
5623,25.16,14.6,16.04,14.93256781,10.00
5624,25.16,14.6,16.04,10.44847399,10.00
5625,25.16,14.6,16.04,9.880998725,10.00
5626,25.16,14.6,16.04,18.15170749,10.00
5627,25.16,14.6,16.04,24.05065727,10.00
5628,25.16,14.6,16.04,25.72886749,10.00
5629,25.16,14.6,16.04,33.88479793,10.00
5630,25.16,29.8,35.01,32.55827797,10.00
5631,25.16,29.8,35.01,30.01425656,10.00
5632,25.16,29.8,35.01,25.06484092,10.00
5633,25.16,29.8,35.01,20.33635633,10.00
5634,25.16,29.8,35.01,33.13102545,10.00
5635,25.16,29.8,35.01,31.35357337,10.00
5636,25.16,29.8,35.01,25.53854027,10.00
5637,25.16,29.8,35.01,31.96015943,10.00
5638,25.16,29.8,35.01,18.99753635,10.00
5639,25.16,29.8,35.01,26.05694877,10.00
5640,25.16,29.8,35.01,24.09752605,10.00
5641,25.16,29.8,35.01,23.83161328,10.00
5642,25.16,29.8,35.01,23.82060657,10.00
5643,25.16,29.8,16.04,19.50200321,10.00
5644,25.16,29.8,16.04,12.24270404,10.00
5645,25.16,29.8,16.04,10.00850696,10.00
5646,25.16,29.8,16.04,25.58906469,10.00
5647,25.16,29.8,16.04,18.71662537,10.00
5648,25.16,29.8,16.04,24.97944788,10.00
5649,25.16,29.8,35.01,19.53496539,10.00
5650,25.16,29.8,35.01,15.08964709,10.00
5651,25.16,29.8,35.01,22.29098573,10.00
5652,25.16,29.8,35.01,26.56087906,10.00
5653,25.16,29.8,35.01,17.54284617,10.00
5654,25.16,29.8,35.01,16.75762104,10.00
5655,25.16,29.8,35.01,25.08919153,10.00
5656,25.16,29.8,35.01,20.15641022,10.00
5657,25.16,29.8,35.01,21.54150651,10.00
5658,25.16,29.8,35.01,15.73479991,10.00
5659,25.16,29.8,35.01,30.21536728,10.00
5660,25.16,29.8,35.01,14.80411895,10.00
5661,25.16,29.8,35.01,5.303237046,10.00
5662,25.16,29.8,35.01,15.39493731,10.00
5663,25.16,29.8,35.01,20.44712773,10.00
5664,25.16,14.6,16.04,11.35338057,10.00
5665,25.16,14.6,16.04,10.16503154,10.00
5666,25.16,14.6,16.04,15.16429429,10.00
5667,25.16,14.6,16.04,9.753789341,10.00
5668,25.16,14.6,16.04,21.34248528,10.00
5669,25.16,14.6,16.04,20.81780883,10.00
5670,25.16,14.6,16.04,20.18528236,10.00
5671,25.16,14.6,16.04,14.53417124,10.00
5672,25.16,14.6,16.04,10.16971173,10.00
5673,25.16,14.6,16.04,9.617376549,10.00
5674,25.16,14.6,16.04,17.66742521,10.00
5675,25.16,14.6,16.04,23.40899272,10.00
5676,25.16,14.6,16.04,24.9019272,10.00
5677,25.16,14.6,16.04,32.79572145,10.00
5678,25.16,29.8,35.01,31.51183659,10.00
5679,25.16,29.8,35.01,29.04958146,10.00
5680,25.16,29.8,35.01,24.25924282,10.00
5681,25.16,29.8,35.01,19.68273438,10.00
5682,25.16,29.8,35.01,32.06617564,10.00
5683,25.16,29.8,35.01,30.34585187,10.00
5684,25.16,29.8,35.01,24.71771721,10.00
5685,25.16,29.8,35.01,30.93294191,10.00
5686,25.16,29.8,35.01,18.38694484,10.00
5687,25.16,29.8,35.01,25.21946377,10.00
5688,25.16,29.8,35.01,23.323018,10.00
5689,25.16,29.8,35.01,23.06565181,10.00
5690,25.16,29.8,35.01,23.05499886,10.00
5691,25.16,29.8,16.04,18.87519785,10.00
5692,25.16,29.8,16.04,11.84921664,10.00
5693,25.16,29.8,16.04,9.686827915,10.00
5694,25.16,29.8,16.04,24.76661775,10.00
5695,25.16,29.8,16.04,18.1150625,10.00
5696,25.16,29.8,16.04,24.17659437,10.00
5697,25.16,29.8,35.01,18.90710061,10.00
5698,25.16,29.8,35.01,14.60465734,10.00
5699,25.16,29.8,35.01,21.5745409,10.00
5700,25.16,29.8,35.01,25.70719745,10.00
5701,25.16,29.8,35.01,16.97900921,10.00
5702,25.16,29.8,35.01,16.21902167,10.00
5703,25.16,29.8,35.01,24.28281079,10.00
5704,25.16,29.8,35.01,19.50857184,10.00
5705,25.16,29.8,35.01,20.84915036,10.00
5706,25.16,29.8,35.01,15.22907458,10.00
5707,25.16,29.8,35.01,29.24422837,10.00
5708,25.16,29.8,35.01,14.40914935,10.00
5709,25.16,29.8,35.01,5.161748222,10.00
5710,25.16,29.8,35.01,14.98420486,10.00
5711,25.16,29.8,35.01,19.9016043,10.00
5712,25.16,14.6,16.04,11.64354763,10.00
5713,25.16,14.6,16.04,10.42482705,10.00
5714,25.16,14.6,16.04,15.55185979,10.00
5715,25.16,14.6,16.04,10.00307442,10.00
5716,25.16,14.6,16.04,21.88795155,10.00
5717,25.16,14.6,16.04,21.34986555,10.00
5718,25.16,14.6,16.04,20.70117311,10.00
5719,25.16,14.6,16.04,14.90563221,10.00
5720,25.16,14.6,16.04,10.42962686,10.00
5721,25.16,14.6,16.04,9.863175222,10.00
5722,25.16,14.6,16.04,18.11896515,10.00
5723,25.16,14.6,16.04,24.00727431,10.00
5724,25.16,14.6,16.04,25.67295803,10.00
5725,25.16,14.6,16.04,33.81116544,10.00
5726,25.16,29.8,35.01,32.48752804,10.00
5727,25.16,29.8,35.01,29.94903485,10.00
5728,25.16,29.8,35.01,25.01037441,10.00
5729,25.16,29.8,35.01,20.29216493,10.00
5730,25.16,29.8,35.01,33.05903092,10.00
5731,25.16,29.8,35.01,31.28544129,10.00
5732,25.16,29.8,35.01,25.4830444,10.00
5733,25.16,29.8,35.01,31.89070922,10.00
5734,25.16,29.8,35.01,18.95625424,10.00
5735,25.16,29.8,35.01,26.00032639,10.00
5736,25.16,29.8,35.01,24.04516154,10.00
5737,25.16,29.8,35.01,23.7798266,10.00
5738,25.16,29.8,35.01,23.76884381,10.00
5739,25.16,29.8,16.04,19.45962489,10.00
5740,25.16,29.8,16.04,12.21610034,10.00
5741,25.16,29.8,16.04,9.986758233,10.00
5742,25.16,29.8,16.04,25.53345903,10.00
5743,25.16,29.8,16.04,18.67595369,10.00
5744,25.16,29.8,16.04,24.92516693,10.00
5745,25.16,29.8,35.01,19.49251543,10.00
5746,25.16,29.8,35.01,15.05685692,10.00
5747,25.16,29.8,35.01,22.24254688,10.00
5748,25.16,29.8,35.01,26.50316162,10.00
5749,25.16,29.8,35.01,17.50472513,10.00
5750,25.16,29.8,35.01,16.72120632,10.00
5751,25.16,29.8,35.01,25.0346721,10.00
5752,25.16,29.8,35.01,20.11260984,10.00
5753,25.16,29.8,35.01,21.49469629,10.00
5754,25.16,29.8,35.01,15.7006078,10.00
5755,25.16,29.8,35.01,30.14970855,10.00
5756,25.16,29.8,35.01,14.77741504,10.00
5757,25.16,29.8,35.01,5.293670983,10.00
5758,25.16,29.8,35.01,15.36716768,10.00
5759,25.16,29.8,35.01,20.41024487,10.00
5760,25.16,14.6,16.04,11.78962907,10.00
5761,25.16,14.6,16.04,10.55561826,10.00
5762,25.16,14.6,16.04,15.74697542,10.00
5763,25.16,14.6,16.04,10.12857428,10.00
5764,25.16,14.6,16.04,22.1625606,10.00
5765,25.16,14.6,16.04,21.6177237,10.00
5766,25.16,14.6,16.04,20.96089268,10.00
5767,25.16,14.6,16.04,15.09264018,10.00
5768,25.16,14.6,16.04,10.5604783,10.00
5769,25.16,14.6,16.04,9.986919883,10.00
5770,25.16,14.6,16.04,18.34628801,10.00
5771,25.16,14.6,16.04,24.30847266,10.00
5772,25.16,14.6,16.04,26.06112509,10.00
5773,25.16,14.6,16.04,34.32237964,10.00
5774,25.16,29.8,35.01,32.97872925,10.00
5775,25.16,29.8,35.01,30.40185485,10.00
5776,25.16,29.8,35.01,25.38852341,10.00
5777,25.16,29.8,35.01,20.59897609,10.00
5778,25.16,29.8,35.01,33.55887308,10.00
5779,25.16,29.8,35.01,31.75846734,10.00
5780,25.16,29.8,35.01,25.86834002,10.00
5781,25.16,29.8,35.01,32.37288673,10.00
5782,25.16,29.8,35.01,19.24286685,10.00
5783,25.16,29.8,35.01,26.39344316,10.00
5784,25.16,29.8,35.01,24.40871683,10.00
5785,25.16,29.8,35.01,24.13937011,10.00
5786,25.16,29.8,35.01,24.12822126,10.00
5787,25.16,29.8,16.04,19.7538483,10.00
5788,25.16,29.8,16.04,12.40080394,10.00
5789,25.16,29.8,16.04,10.13775488,10.00
5790,25.16,29.8,16.04,25.91951691,10.00
5791,25.16,29.8,16.04,18.95832824,10.00
5792,25.16,29.8,16.04,25.30202763,10.00
5793,25.16,29.8,35.01,19.78723614,10.00
5794,25.16,29.8,35.01,15.28451187,10.00
5795,25.16,29.8,35.01,22.5788472,10.00
5796,25.16,29.8,35.01,26.9038811,10.00
5797,25.16,29.8,35.01,17.76939108,10.00
5798,25.16,29.8,35.01,16.97402571,10.00
5799,25.16,29.8,35.01,25.41318848,10.00
5800,25.16,29.8,35.01,20.41670619,10.00
5801,25.16,29.8,35.01,21.81968935,10.00
5802,25.16,29.8,35.01,15.93799606,10.00
5803,25.16,29.8,35.01,30.60556268,10.00
5804,25.16,29.8,35.01,14.96281438,10.00
5805,25.16,29.8,35.01,5.360086057,10.00
5806,25.16,29.8,35.01,15.55996614,10.00
5807,25.16,29.8,35.01,20.66631442,10.00
5808,25.16,14.6,16.04,11.45604823,10.00
5809,25.16,14.6,16.04,10.25695306,10.00
5810,25.16,14.6,16.04,15.30142371,10.00
5811,25.16,14.6,16.04,9.841992032,10.00
5812,25.16,14.6,16.04,21.53548357,10.00
5813,25.16,14.6,16.04,21.00606251,10.00
5814,25.16,14.6,16.04,20.36781616,10.00
5815,25.16,14.6,16.04,14.66560252,10.00
5816,25.16,14.6,16.04,10.26167558,10.00
5817,25.16,14.6,16.04,9.70434567,10.00
5818,25.16,14.6,16.04,17.82719024,10.00
5819,25.16,14.6,16.04,23.62067826,10.00
5820,25.16,14.6,16.04,25.17473533,10.00
5821,25.16,14.6,16.04,33.15500846,10.00
5822,25.16,29.8,35.01,31.85705826,10.00
5823,25.16,29.8,35.01,29.36782838,10.00
5824,25.16,29.8,35.01,24.52501014,10.00
5825,25.16,29.8,35.01,19.89836467,10.00
5826,25.16,29.8,35.01,32.41747026,10.00
5827,25.16,29.8,35.01,30.67829983,10.00
5828,25.16,29.8,35.01,24.98850725,10.00
5829,25.16,29.8,35.01,31.27182162,10.00
5830,25.16,29.8,35.01,18.58837936,10.00
5831,25.16,29.8,35.01,25.4957506,10.00
5832,25.16,29.8,35.01,23.57852869,10.00
5833,25.16,29.8,35.01,23.31834298,10.00
5834,25.16,29.8,35.01,23.30757332,10.00
5835,25.16,29.8,16.04,19.08198133,10.00
5836,25.16,29.8,16.04,11.97902838,10.00
5837,25.16,29.8,16.04,9.792950035,10.00
5838,25.16,29.8,16.04,25.03794351,10.00
5839,25.16,29.8,16.04,18.31351847,10.00
5840,25.16,29.8,16.04,24.44145625,10.00
5841,25.16,29.8,35.01,19.11423359,10.00
5842,25.16,29.8,35.01,14.76465576,10.00
5843,25.16,29.8,35.01,21.8108965,10.00
5844,25.16,29.8,35.01,25.98882755,10.00
5845,25.16,29.8,35.01,17.16501938,10.00
5846,25.16,29.8,35.01,16.39670594,10.00
5847,25.16,29.8,35.01,24.5488363,10.00
5848,25.16,29.8,35.01,19.72229413,10.00
5849,25.16,29.8,35.01,21.07755909,10.00
5850,25.16,29.8,35.01,15.39591368,10.00
5851,25.16,29.8,35.01,29.56460771,10.00
5852,25.16,29.8,35.01,14.53945007,10.00
5853,25.16,29.8,35.01,5.208425474,10.00
5854,25.16,29.8,35.01,15.11970575,10.00
5855,25.16,29.8,35.01,20.08157282,10.00
5856,25.16,14.6,16.04,11.81566151,10.00
5857,25.16,14.6,16.04,10.57892591,10.00
5858,25.16,14.6,16.04,15.781746,10.00
5859,25.16,14.6,16.04,10.15093898,10.00
5860,25.16,14.6,16.04,22.21149731,10.00
5861,25.16,14.6,16.04,21.66545736,10.00
5862,25.16,14.6,16.04,21.00717601,10.00
5863,25.16,14.6,16.04,15.12596594,10.00
5864,25.16,14.6,16.04,10.58379668,10.00
5865,25.16,14.6,16.04,10.0089718,10.00
5866,25.16,14.6,16.04,18.38679808,10.00
5867,25.16,14.6,16.04,24.36214771,10.00
5868,25.16,14.6,16.04,26.13029841,10.00
5869,25.16,14.6,16.04,34.41348056,10.00
5870,25.16,29.8,35.01,33.06626377,10.00
5871,25.16,29.8,35.01,30.48254963,10.00
5872,25.16,29.8,35.01,25.45591145,10.00
5873,25.16,29.8,35.01,20.65365137,10.00
5874,25.16,29.8,35.01,33.64794745,10.00
5875,25.16,29.8,35.01,31.84276294,10.00
5876,25.16,29.8,35.01,25.93700163,10.00
5877,25.16,29.8,35.01,32.45881317,10.00
5878,25.16,29.8,35.01,19.29394265,10.00
5879,25.16,29.8,35.01,26.46349853,10.00
5880,25.16,29.8,35.01,24.4735042,10.00
5881,25.16,29.8,35.01,24.20344256,10.00
5882,25.16,29.8,35.01,24.19226412,10.00
5883,25.16,29.8,16.04,19.80628038,10.00
5884,25.16,29.8,16.04,12.43371905,10.00
5885,25.16,29.8,16.04,10.16466324,10.00
5886,25.16,29.8,16.04,25.98831435,10.00
5887,25.16,29.8,16.04,19.0086488,10.00
5888,25.16,29.8,16.04,25.36918609,10.00
5889,25.16,29.8,35.01,19.83975685,10.00
5890,25.16,29.8,35.01,15.32508112,10.00
5891,25.16,29.8,35.01,22.6387776,10.00
5892,25.16,29.8,35.01,26.97529131,10.00
5893,25.16,29.8,35.01,17.81655587,10.00
5894,25.16,29.8,35.01,17.01907939,10.00
5895,25.16,29.8,35.01,25.48064199,10.00
5896,25.16,29.8,35.01,20.47089768,10.00
5897,25.16,29.8,35.01,21.87760473,10.00
5898,25.16,29.8,35.01,15.98029984,10.00
5899,25.16,29.8,35.01,30.68679816,10.00
5900,25.16,29.8,35.01,14.99585347,10.00
5901,25.16,29.8,35.01,5.371921556,10.00
5902,25.16,29.8,35.01,15.59432378,10.00
5903,25.16,29.8,35.01,20.71194729,10.00
5904,25.16,14.6,16.04,11.31317109,10.00
5905,25.16,14.6,16.04,10.12903075,10.00
5906,25.16,14.6,16.04,15.11058796,10.00
5907,25.16,14.6,16.04,9.719245025,10.00
5908,25.16,14.6,16.04,21.26689808,10.00
5909,25.16,14.6,16.04,20.74407984,10.00
5910,25.16,14.6,16.04,20.11379355,10.00
5911,25.16,14.6,16.04,14.48269658,10.00
5912,25.16,14.6,16.04,10.13369437,10.00
5913,25.16,14.6,16.04,9.583315356,10.00
5914,25.16,14.6,16.04,17.60485372,10.00
5915,25.16,14.6,16.04,23.32608672,10.00
5916,25.16,14.6,16.04,24.79508273,10.00
5917,25.16,14.6,16.04,32.65500778,10.00
5918,25.16,29.8,35.01,31.37663156,10.00
5919,25.16,29.8,35.01,28.92494101,10.00
5920,25.16,29.8,35.01,24.15515585,10.00
5921,25.16,29.8,35.01,19.59828343,10.00
5922,25.16,29.8,35.01,31.92859216,10.00
5923,25.16,29.8,35.01,30.21564964,10.00
5924,25.16,29.8,35.01,24.6116631,10.00
5925,25.16,29.8,35.01,30.8002207,10.00
5926,25.16,29.8,35.01,18.30805362,10.00
5927,25.16,29.8,35.01,25.11125687,10.00
5928,25.16,29.8,35.01,23.22294801,10.00
5929,25.16,29.8,35.01,22.96668608,10.00
5930,25.16,29.8,35.01,22.95607884,10.00
5931,25.16,29.8,16.04,18.79421173,10.00
5932,25.16,29.8,16.04,11.79837626,10.00
5933,25.16,29.8,16.04,9.645265508,10.00
5934,25.16,29.8,16.04,24.66035383,10.00
5935,25.16,29.8,16.04,18.03733782,10.00
5936,25.16,29.8,16.04,24.07286201,10.00
5937,25.16,29.8,35.01,18.8259776,10.00
5938,25.16,29.8,35.01,14.54199444,10.00
5939,25.16,29.8,35.01,21.48197295,10.00
5940,25.16,29.8,35.01,25.59689788,10.00
5941,25.16,29.8,35.01,16.9061589,10.00
5942,25.16,29.8,35.01,16.14943216,10.00
5943,25.16,29.8,35.01,24.1786227,10.00
5944,25.16,29.8,35.01,19.42486816,10.00
5945,25.16,29.8,35.01,20.75969478,10.00
5946,25.16,29.8,35.01,15.16373255,10.00
5947,25.16,29.8,35.01,29.11875277,10.00
5948,25.16,29.8,35.01,14.35811747,10.00
5949,25.16,29.8,35.01,5.143467218,10.00
5950,25.16,29.8,35.01,14.93113634,10.00
5951,25.16,29.8,35.01,19.83112017,10.00
5952,25.16,14.6,16.04,11.17888807,10.00
5953,25.16,14.6,16.04,10.00880302,10.00
5954,25.16,14.6,16.04,14.93123105,10.00
5955,25.16,14.6,16.04,9.603881295,10.00
5956,25.16,14.6,16.04,21.01446812,10.00
5957,25.16,14.6,16.04,20.49785553,10.00
5958,25.16,14.6,16.04,19.87505049,10.00
5959,25.16,14.6,16.04,14.3107925,10.00
5960,25.16,14.6,16.04,10.01341129,10.00
5961,25.16,14.6,16.04,9.46956506,10.00
5962,25.16,14.6,16.04,17.39589082,10.00
5963,25.16,14.6,16.04,23.04921498,10.00
5964,25.16,14.6,16.04,24.43826638,10.00
5965,25.16,14.6,16.04,32.18508232,10.00
5966,25.16,29.8,35.01,30.92510272,10.00
5967,25.16,29.8,35.01,28.50869349,10.00
5968,25.16,29.8,35.01,23.80754844,10.00
5969,25.16,29.8,35.01,19.3162522,10.00
5970,25.16,29.8,35.01,31.46912027,10.00
5971,25.16,29.8,35.01,29.78082803,10.00
5972,25.16,29.8,35.01,24.25748628,10.00
5973,25.16,29.8,35.01,30.35698676,10.00
5974,25.16,29.8,35.01,18.04458957,10.00
5975,25.16,29.8,35.01,24.74989058,10.00
5976,25.16,29.8,35.01,22.88875564,10.00
5977,25.16,29.8,35.01,22.63618147,10.00
5978,25.16,29.8,35.01,22.62572688,10.00
5979,25.16,29.8,16.04,18.52375157,10.00
5980,25.16,29.8,16.04,11.62859044,10.00
5981,25.16,29.8,16.04,9.50646426,10.00
5982,25.16,29.8,16.04,24.30547632,10.00
5983,25.16,29.8,16.04,17.77776954,10.00
5984,25.16,29.8,16.04,23.72643886,10.00
5985,25.16,29.8,35.01,18.55506031,10.00
5986,25.16,29.8,35.01,14.33272628,10.00
5987,25.16,29.8,35.01,21.17283427,10.00
5988,25.16,29.8,35.01,25.22854292,10.00
5989,25.16,29.8,35.01,16.66286897,10.00
5990,25.16,29.8,35.01,15.91703199,10.00
5991,25.16,29.8,35.01,23.83067759,10.00
5992,25.16,29.8,35.01,19.14533247,10.00
5993,25.16,29.8,35.01,20.46095012,10.00
5994,25.16,29.8,35.01,14.9455172,10.00
5995,25.16,29.8,35.01,28.69971618,10.00
5996,25.16,29.8,35.01,14.1876921,10.00
5997,25.16,29.8,35.01,5.082416225,10.00
5998,25.16,29.8,35.01,14.75390945,10.00
5999,25.16,29.8,35.01,19.59573234,10.00
6000,25.16,14.6,16.04,11.66891388,10.00
6001,25.16,14.6,16.04,10.44753823,10.00
6002,25.16,14.6,16.04,15.58574056,10.00
6003,25.16,14.6,16.04,10.02486679,10.00
6004,25.16,14.6,16.04,21.93563592,10.00
6005,25.16,14.6,16.04,21.39637766,10.00
6006,25.16,14.6,16.04,20.746272,10.00
6007,25.16,14.6,16.04,14.93810513,10.00
6008,25.16,14.6,16.04,10.4523485,10.00
6009,25.16,14.6,16.04,9.884662809,10.00
6010,25.16,14.6,16.04,18.15843853,10.00
6011,25.16,14.6,16.04,24.05957577,10.00
6012,25.16,14.6,16.04,25.74036113,10.00
6013,25.16,14.6,16.04,33.899935,10.00
6014,25.16,29.8,35.01,32.57282246,10.00
6015,25.16,29.8,35.01,30.02766458,10.00
6016,25.16,29.8,35.01,25.07603792,10.00
6017,25.16,29.8,35.01,20.34544102,10.00
6018,25.16,29.8,35.01,33.14582579,10.00
6019,25.16,29.8,35.01,31.36757969,10.00
6020,25.16,29.8,35.01,25.54994889,10.00
6021,25.16,29.8,35.01,31.97443672,10.00
6022,25.16,29.8,35.01,19.00602296,10.00
6023,25.16,29.8,35.01,26.06858898,10.00
6024,25.16,29.8,35.01,24.10829094,10.00
6025,25.16,29.8,35.01,23.84225937,10.00
6026,25.16,29.8,35.01,23.83124775,10.00
6027,25.16,29.8,16.04,19.51071518,10.00
6028,25.16,29.8,16.04,12.24817312,10.00
6029,25.16,29.8,16.04,10.01297798,10.00
6030,25.16,29.8,16.04,25.60049588,10.00
6031,25.16,29.8,16.04,18.72498649,10.00
6032,25.16,29.8,16.04,24.99060674,10.00
6033,25.16,29.8,35.01,19.54369208,10.00
6034,25.16,29.8,35.01,15.09638796,10.00
6035,25.16,29.8,35.01,22.3009436,10.00
6036,25.16,29.8,35.01,26.57274438,10.00
6037,25.16,29.8,35.01,17.55068293,10.00
6038,25.16,29.8,35.01,16.76510703,10.00
6039,25.16,29.8,35.01,25.10039941,10.00
6040,25.16,29.8,35.01,20.16541452,10.00
6041,25.16,29.8,35.01,21.55112957,10.00
6042,25.16,29.8,35.01,15.74182898,10.00
6043,25.16,29.8,35.01,30.22886514,10.00
6044,25.16,29.8,35.01,14.80960863,10.00
6045,25.16,29.8,35.01,5.305203599,10.00
6046,25.16,29.8,35.01,15.40064608,10.00
6047,25.16,29.8,35.01,20.45470996,10.00
6048,25.16,14.6,16.04,11.8970137,10.00
6049,25.16,14.6,16.04,10.65176303,10.00
6050,25.16,14.6,16.04,15.89040513,10.00
6051,25.16,14.6,16.04,10.22082935,10.00
6052,25.16,14.6,16.04,22.36442601,10.00
6053,25.16,14.6,16.04,21.81462651,10.00
6054,25.16,14.6,16.04,21.15181282,10.00
6055,25.16,14.6,16.04,15.23010995,10.00
6056,25.16,14.6,16.04,10.65666733,10.00
6057,25.16,14.6,16.04,10.07788472,10.00
6058,25.16,14.6,16.04,18.5133933,10.00
6059,25.16,14.6,16.04,24.52988389,10.00
6060,25.16,14.6,16.04,26.34646712,10.00
6061,25.16,14.6,16.04,34.69817375,10.00
6062,25.16,29.8,35.01,33.33981181,10.00
6063,25.16,29.8,35.01,30.73472332,10.00
6064,25.16,29.8,35.01,25.66650116,10.00
6065,25.16,29.8,35.01,20.8245133,10.00
6066,25.16,29.8,35.01,33.9263076,10.00
6067,25.16,29.8,35.01,32.1061893,10.00
6068,25.16,29.8,35.01,26.15157126,10.00
6069,25.16,29.8,35.01,32.72733594,10.00
6070,25.16,29.8,35.01,19.45355609,10.00
6071,25.16,29.8,35.01,26.68242372,10.00
6072,25.16,29.8,35.01,24.67596672,10.00
6073,25.16,29.8,35.01,24.40367093,10.00
6074,25.16,29.8,35.01,24.39240001,10.00
6075,25.16,29.8,16.04,19.97013225,10.00
6076,25.16,29.8,16.04,12.53657976,10.00
6077,25.16,29.8,16.04,10.24875268,10.00
6078,25.16,29.8,16.04,26.20330848,10.00
6079,25.16,29.8,16.04,19.16590208,10.00
6080,25.16,29.8,16.04,25.57905834,10.00
6081,25.16,29.8,35.01,20.00388566,10.00
6082,25.16,29.8,35.01,15.45186127,10.00
6083,25.16,29.8,35.01,22.82606193,10.00
6084,25.16,29.8,35.01,27.19845042,10.00
6085,25.16,29.8,35.01,17.9639473,10.00
6086,25.16,29.8,35.01,17.15987351,10.00
6087,25.16,29.8,35.01,25.69143628,10.00
6088,25.16,29.8,35.01,20.64024774,10.00
6089,25.16,29.8,35.01,22.0585921,10.00
6090,25.16,29.8,35.01,16.11250043,10.00
6091,25.16,29.8,35.01,30.94066154,10.00
6092,25.16,29.8,35.01,15.09910164,10.00
6093,25.16,29.8,35.01,5.408907851,10.00
6094,25.16,29.8,35.01,15.70169249,10.00
6095,25.16,29.8,35.01,20.85455143,10.00
6096,25.16,14.6,16.04,11.46077216,10.00
6097,25.16,14.6,16.04,10.26118254,10.00
6098,25.16,14.6,16.04,15.3077333,10.00
6099,25.16,14.6,16.04,9.846050404,10.00
6100,25.16,14.6,16.04,21.54436378,10.00
6101,25.16,14.6,16.04,21.01472442,10.00
6102,25.16,14.6,16.04,20.37621488,10.00
6103,25.16,14.6,16.04,14.67164992,10.00
6104,25.16,14.6,16.04,10.26590701,10.00
6105,25.16,14.6,16.04,9.708347284,10.00
6106,25.16,14.6,16.04,17.83454133,10.00
6107,25.16,14.6,16.04,23.63041831,10.00
6108,25.16,14.6,16.04,25.18728774,10.00
6109,25.16,14.6,16.04,33.17153994,10.00
6110,25.16,29.8,35.01,31.87294256,10.00
6111,25.16,29.8,35.01,29.38247152,10.00
6112,25.16,29.8,35.01,24.53723859,10.00
6113,25.16,29.8,35.01,19.90828623,10.00
6114,25.16,29.8,35.01,32.43363399,10.00
6115,25.16,29.8,35.01,30.69359639,10.00
6116,25.16,29.8,35.01,25.00096681,10.00
6117,25.16,29.8,35.01,31.28741411,10.00
6118,25.16,29.8,35.01,18.59764774,10.00
6119,25.16,29.8,35.01,25.50846308,10.00
6120,25.16,29.8,35.01,23.59028522,10.00
6121,25.16,29.8,35.01,23.32996978,10.00
6122,25.16,29.8,35.01,23.31919475,10.00
6123,25.16,29.8,16.04,19.09149583,10.00
6124,25.16,29.8,16.04,11.98500126,10.00
6125,25.16,29.8,16.04,9.797832914,10.00
6126,25.16,29.8,16.04,25.05042772,10.00
6127,25.16,29.8,16.04,18.3226498,10.00
6128,25.16,29.8,16.04,24.45364304,10.00
6129,25.16,29.8,35.01,19.12376417,10.00
6130,25.16,29.8,35.01,14.77201759,10.00
6131,25.16,29.8,35.01,21.82177167,10.00
6132,25.16,29.8,35.01,26.00178588,10.00
6133,25.16,29.8,35.01,17.17357806,10.00
6134,25.16,29.8,35.01,16.40488153,10.00
6135,25.16,29.8,35.01,24.56107663,10.00
6136,25.16,29.8,35.01,19.73212789,10.00
6137,25.16,29.8,35.01,21.08806861,10.00
6138,25.16,29.8,35.01,15.40359027,10.00
6139,25.16,29.8,35.01,29.57934897,10.00
6140,25.16,29.8,35.01,14.54544545,10.00
6141,25.16,29.8,35.01,5.210573182,10.00
6142,25.16,29.8,35.01,15.1259404,10.00
6143,25.16,29.8,35.01,20.08985351,10.00
6144,25.16,14.6,16.04,11.52104966,10.00
6145,25.16,14.6,16.04,10.31515084,10.00
6146,25.16,14.6,16.04,15.38824375,10.00
6147,25.16,14.6,16.04,9.897835337,10.00
6148,25.16,14.6,16.04,21.65767555,10.00
6149,25.16,14.6,16.04,21.12525057,10.00
6150,25.16,14.6,16.04,20.48338282,10.00
6151,25.16,14.6,16.04,14.74881491,10.00
6152,25.16,14.6,16.04,10.31990016,10.00
6153,25.16,14.6,16.04,9.759407972,10.00
6154,25.16,14.6,16.04,17.92834143,10.00
6155,25.16,14.6,16.04,23.75470161,10.00
6156,25.16,14.6,16.04,25.34745689,10.00
6157,25.16,14.6,16.04,33.38248196,10.00
6158,25.16,29.8,35.01,32.07562663,10.00
6159,25.16,29.8,35.01,29.56931837,10.00
6160,25.16,29.8,35.01,24.693274,10.00
6161,25.16,29.8,35.01,20.03488554,10.00
6162,25.16,29.8,35.01,32.63988357,10.00
6163,25.16,29.8,35.01,30.88878085,10.00
6164,25.16,29.8,35.01,25.15995112,10.00
6165,25.16,29.8,35.01,31.48637474,10.00
6166,25.16,29.8,35.01,18.71591254,10.00
6167,25.16,29.8,35.01,25.67067462,10.00
6168,25.16,29.8,35.01,23.74029883,10.00
6169,25.16,29.8,35.01,23.47832801,10.00
6170,25.16,29.8,35.01,23.46748446,10.00
6171,25.16,29.8,16.04,19.21290107,10.00
6172,25.16,29.8,16.04,12.0612154,10.00
6173,25.16,29.8,16.04,9.860138573,10.00
6174,25.16,29.8,16.04,25.20972656,10.00
6175,25.16,29.8,16.04,18.43916585,10.00
6176,25.16,29.8,16.04,24.60914685,10.00
6177,25.16,29.8,35.01,19.24537461,10.00
6178,25.16,29.8,35.01,14.86595472,10.00
6179,25.16,29.8,35.01,21.96053908,10.00
6180,25.16,29.8,35.01,26.16713453,10.00
6181,25.16,29.8,35.01,17.28278701,10.00
6182,25.16,29.8,35.01,16.50920224,10.00
6183,25.16,29.8,35.01,24.71726363,10.00
6184,25.16,29.8,35.01,19.85760699,10.00
6185,25.16,29.8,35.01,21.22217031,10.00
6186,25.16,29.8,35.01,15.50154365,10.00
6187,25.16,29.8,35.01,29.76744779,10.00
6188,25.16,29.8,35.01,14.62194667,10.00
6189,25.16,29.8,35.01,5.237977996,10.00
6190,25.16,29.8,35.01,15.20549472,10.00
6191,25.16,29.8,35.01,20.19551534,10.00
6192,25.16,14.6,16.04,11.18647635,10.00
6193,25.16,14.6,16.04,10.01559705,10.00
6194,25.16,14.6,16.04,14.94136644,10.00
6195,25.16,14.6,16.04,9.610400458,10.00
6196,25.16,14.6,16.04,21.02873285,10.00
6197,25.16,14.6,16.04,20.51176958,10.00
6198,25.16,14.6,16.04,19.88854178,10.00
6199,25.16,14.6,16.04,14.32050673,10.00
6200,25.16,14.6,16.04,10.02020844,10.00
6201,25.16,14.6,16.04,9.475993047,10.00
6202,25.16,14.6,16.04,17.40769924,10.00
6203,25.16,14.6,16.04,23.0648609,10.00
6204,25.16,14.6,16.04,24.45842994,10.00
6205,25.16,14.6,16.04,32.21163763,10.00
6206,25.16,29.8,35.01,30.95061845,10.00
6207,25.16,29.8,35.01,28.53221548,10.00
6208,25.16,29.8,35.01,23.82719161,10.00
6209,25.16,29.8,35.01,19.33218968,10.00
6210,25.16,29.8,35.01,31.49508486,10.00
6211,25.16,29.8,35.01,29.80539964,10.00
6212,25.16,29.8,35.01,24.27750068,10.00
6213,25.16,29.8,35.01,30.38203375,10.00
6214,25.16,29.8,35.01,18.05947783,10.00
6215,25.16,29.8,35.01,24.77031126,10.00
6216,25.16,29.8,35.01,22.90764072,10.00
6217,25.16,29.8,35.01,22.65485817,10.00
6218,25.16,29.8,35.01,22.64439494,10.00
6219,25.16,29.8,16.04,18.53903517,10.00
6220,25.16,29.8,16.04,11.63818497,10.00
6221,25.16,29.8,16.04,9.514307868,10.00
6222,25.16,29.8,16.04,24.32553031,10.00
6223,25.16,29.8,16.04,17.79243764,10.00
6224,25.16,29.8,16.04,23.74601511,10.00
6225,25.16,29.8,35.01,18.57036975,10.00
6226,25.16,29.8,35.01,14.34455195,10.00
6227,25.16,29.8,35.01,21.19030358,10.00
6228,25.16,29.8,35.01,25.24935853,10.00
6229,25.16,29.8,35.01,16.67661719,10.00
6230,25.16,29.8,35.01,15.93016484,10.00
6231,25.16,29.8,35.01,23.85033984,10.00
6232,25.16,29.8,35.01,19.16112893,10.00
6233,25.16,29.8,35.01,20.47783207,10.00
6234,25.16,29.8,35.01,14.95784847,10.00
6235,25.16,29.8,35.01,28.72339578,10.00
6236,25.16,29.8,35.01,14.19732277,10.00
6237,25.16,29.8,35.01,5.085866194,10.00
6238,25.16,29.8,35.01,14.76392448,10.00
6239,25.16,29.8,35.01,19.60903402,10.00
6240,25.16,14.6,16.04,11.55906,10.00
6241,25.16,14.6,16.04,10.34918267,10.00
6242,25.16,14.6,16.04,15.43901276,10.00
6243,25.16,14.6,16.04,9.930490354,10.00
6244,25.16,14.6,16.04,21.72912873,10.00
6245,25.16,14.6,16.04,21.19494717,10.00
6246,25.16,14.6,16.04,20.55096176,10.00
6247,25.16,14.6,16.04,14.79747432,10.00
6248,25.16,14.6,16.04,10.35394766,10.00
6249,25.16,14.6,16.04,9.791606288,10.00
6250,25.16,14.6,16.04,17.98749076,10.00
6251,25.16,14.6,16.04,23.83307331,10.00
6252,25.16,14.6,16.04,25.44845782,10.00
6253,25.16,14.6,16.04,33.51549971,10.00
6254,25.16,29.8,35.01,32.20343701,10.00
6255,25.16,29.8,35.01,29.68714198,10.00
6256,25.16,29.8,35.01,24.79166823,10.00
6257,25.16,29.8,35.01,20.1147177,10.00
6258,25.16,29.8,35.01,32.76994232,10.00
6259,25.16,29.8,35.01,31.01186206,10.00
6260,25.16,29.8,35.01,25.26020491,10.00
6261,25.16,29.8,35.01,31.61183715,10.00
6262,25.16,29.8,35.01,18.79048904,10.00
6263,25.16,29.8,35.01,25.77296346,10.00
6264,25.16,29.8,35.01,23.83489578,10.00
6265,25.16,29.8,35.01,23.5718811,10.00
6266,25.16,29.8,35.01,23.56099435,10.00
6267,25.16,29.8,16.04,19.2894579,10.00
6268,25.16,29.8,16.04,12.10927521,10.00
6269,25.16,29.8,16.04,9.899427847,10.00
6270,25.16,29.8,16.04,25.31017868,10.00
6271,25.16,29.8,16.04,18.51263961,10.00
6272,25.16,29.8,16.04,24.70720587,10.00
6273,25.16,29.8,35.01,19.32206083,10.00
6274,25.16,29.8,35.01,14.92519046,10.00
6275,25.16,29.8,35.01,22.0480443,10.00
6276,25.16,29.8,35.01,26.2714016,10.00
6277,25.16,29.8,35.01,17.351653,10.00
6278,25.16,29.8,35.01,16.57498576,10.00
6279,25.16,29.8,35.01,24.81575345,10.00
6280,25.16,29.8,35.01,19.93673275,10.00
6281,25.16,29.8,35.01,21.30673338,10.00
6282,25.16,29.8,35.01,15.56331198,10.00
6283,25.16,29.8,35.01,29.88606087,10.00
6284,25.16,29.8,35.01,14.67018752,10.00
6285,25.16,29.8,35.01,5.255259175,10.00
6286,25.16,29.8,35.01,15.25566081,10.00
6287,25.16,29.8,35.01,20.26214455,10.00
6288,25.16,14.6,16.04,11.60350891,10.00
6289,25.16,14.6,16.04,10.38897914,10.00
6290,25.16,14.6,16.04,15.49838154,10.00
6291,25.16,14.6,16.04,9.968676801,10.00
6292,25.16,14.6,16.04,21.81268535,10.00
6293,25.16,14.6,16.04,21.27644966,10.00
6294,25.16,14.6,16.04,20.62998788,10.00
6295,25.16,14.6,16.04,14.85437614,10.00
6296,25.16,14.6,16.04,10.39376245,10.00
6297,25.16,14.6,16.04,9.829258674,10.00
6298,25.16,14.6,16.04,18.05665938,10.00
6299,25.16,14.6,16.04,23.92472038,10.00
6300,25.16,14.6,16.04,25.56656729,10.00
6301,25.16,14.6,16.04,33.67104932,10.00
6302,25.16,29.8,35.01,32.35289718,10.00
6303,25.16,29.8,35.01,29.8249237,10.00
6304,25.16,29.8,35.01,24.90672946,10.00
6305,25.16,29.8,35.01,20.20807261,10.00
6306,25.16,29.8,35.01,32.92203171,10.00
6307,25.16,29.8,35.01,31.15579198,10.00
6308,25.16,29.8,35.01,25.37744067,10.00
6309,25.16,29.8,35.01,31.75855163,10.00
6310,25.16,29.8,35.01,18.87769804,10.00
6311,25.16,29.8,35.01,25.892579,10.00
6312,25.16,29.8,35.01,23.94551651,10.00
6313,25.16,29.8,35.01,23.68128114,10.00
6314,25.16,29.8,35.01,23.67034386,10.00
6315,25.16,29.8,16.04,19.37898268,10.00
6316,25.16,29.8,16.04,12.16547587,10.00
6317,25.16,29.8,16.04,9.945372326,10.00
6318,25.16,29.8,16.04,25.42764638,10.00
6319,25.16,29.8,16.04,18.59855908,10.00
6320,25.16,29.8,16.04,24.82187509,10.00
6321,25.16,29.8,35.01,19.41173693,10.00
6322,25.16,29.8,35.01,14.99446013,10.00
6323,25.16,29.8,35.01,22.15037202,10.00
6324,25.16,29.8,35.01,26.39333045,10.00
6325,25.16,29.8,35.01,17.43218418,10.00
6326,25.16,29.8,35.01,16.65191233,10.00
6327,25.16,29.8,35.01,24.93092646,10.00
6328,25.16,29.8,35.01,20.02926162,10.00
6329,25.16,29.8,35.01,21.40562059,10.00
6330,25.16,29.8,35.01,15.63554326,10.00
6331,25.16,29.8,35.01,30.0247658,10.00
6332,25.16,29.8,35.01,14.72659987,10.00
6333,25.16,29.8,35.01,5.275467611,10.00
6334,25.16,29.8,35.01,15.31432453,10.00
6335,25.16,29.8,35.01,20.34006006,10.00
6336,25.16,14.6,16.04,11.54611161,10.00
6337,25.16,14.6,16.04,10.33758957,10.00
6338,25.16,14.6,16.04,15.42171807,10.00
6339,25.16,14.6,16.04,9.919366276,10.00
6340,25.16,14.6,16.04,21.70478789,10.00
6341,25.16,14.6,16.04,21.17120471,10.00
6342,25.16,14.6,16.04,20.52794069,10.00
6343,25.16,14.6,16.04,14.78089827,10.00
6344,25.16,14.6,16.04,10.34234922,10.00
6345,25.16,14.6,16.04,9.780637787,10.00
6346,25.16,14.6,16.04,17.96734127,10.00
6347,25.16,14.6,16.04,23.80637564,10.00
6348,25.16,14.6,16.04,25.4140514,10.00
6349,25.16,14.6,16.04,33.47018662,10.00
6350,25.16,29.8,35.01,32.15989783,10.00
6351,25.16,29.8,35.01,29.64700484,10.00
6352,25.16,29.8,35.01,24.7581498,10.00
6353,25.16,29.8,35.01,20.08752251,10.00
6354,25.16,29.8,35.01,32.72563722,10.00
6355,25.16,29.8,35.01,30.96993389,10.00
6356,25.16,29.8,35.01,25.226053,10.00
6357,25.16,29.8,35.01,31.56909782,10.00
6358,25.16,29.8,35.01,18.76508422,10.00
6359,25.16,29.8,35.01,25.73811831,10.00
6360,25.16,29.8,35.01,23.80267091,10.00
6361,25.16,29.8,35.01,23.54001182,10.00
6362,25.16,29.8,35.01,23.52913978,10.00
6363,25.16,29.8,16.04,19.26337847,10.00
6364,25.16,29.8,16.04,12.09290342,10.00
6365,25.16,29.8,16.04,9.88604378,10.00
6366,25.16,29.8,16.04,25.27595922,10.00
6367,25.16,29.8,16.04,18.48761044,10.00
6368,25.16,29.8,16.04,24.67380163,10.00
6369,25.16,29.8,35.01,19.29593733,10.00
6370,25.16,29.8,35.01,14.90501154,10.00
6371,25.16,29.8,35.01,22.01823525,10.00
6372,25.16,29.8,35.01,26.23588255,10.00
6373,25.16,29.8,35.01,17.32819349,10.00
6374,25.16,29.8,35.01,16.55257631,10.00
6375,25.16,29.8,35.01,24.78220245,10.00
6376,25.16,29.8,35.01,19.90977821,10.00
6377,25.16,29.8,35.01,21.27792659,10.00
6378,25.16,29.8,35.01,15.54227032,10.00
6379,25.16,29.8,35.01,29.84565479,10.00
6380,25.16,29.8,35.01,14.65375406,10.00
6381,25.16,29.8,35.01,5.249372264,10.00
6382,25.16,29.8,35.01,15.23857151,10.00
6383,25.16,29.8,35.01,20.23944701,10.00
6384,25.16,14.6,16.04,11.33878485,10.00
6385,25.16,14.6,16.04,10.15196354,10.00
6386,25.16,14.6,16.04,15.14479932,10.00
6387,25.16,14.6,16.04,9.741250035,10.00
6388,25.16,14.6,16.04,21.31504774,10.00
6389,25.16,14.6,16.04,20.79104581,10.00
6390,25.16,14.6,16.04,20.1593325,10.00
6391,25.16,14.6,16.04,14.51548636,10.00
6392,25.16,14.6,16.04,10.15663773,10.00
6393,25.16,14.6,16.04,9.605012612,10.00
6394,25.16,14.6,16.04,17.64471227,10.00
6395,25.16,14.6,16.04,23.37889852,10.00
6396,25.16,14.6,16.04,24.86314353,10.00
6397,25.16,14.6,16.04,32.74464353,10.00
6398,25.16,29.8,35.01,31.46275826,10.00
6399,25.16,29.8,35.01,29.00433799,10.00
6400,25.16,29.8,35.01,24.22146009,10.00
6401,25.16,29.8,35.01,19.65207938,10.00
6402,25.16,29.8,35.01,32.01623395,10.00
6403,25.16,29.8,35.01,30.29858952,10.00
6404,25.16,29.8,35.01,24.67922043,10.00
6405,25.16,29.8,35.01,30.88476519,10.00
6406,25.16,29.8,35.01,18.35830797,10.00
6407,25.16,29.8,35.01,25.18018554,10.00
6408,25.16,29.8,35.01,23.2866934,10.00
6409,25.16,29.8,35.01,23.02972805,10.00
6410,25.16,29.8,35.01,23.01909169,10.00
6411,25.16,29.8,16.04,18.84580055,10.00
6412,25.16,29.8,16.04,11.83076199,10.00
6413,25.16,29.8,16.04,9.671741098,10.00
6414,25.16,29.8,16.04,24.72804481,10.00
6415,25.16,29.8,16.04,18.08684907,10.00
6416,25.16,29.8,16.04,24.13894036,10.00
6417,25.16,29.8,35.01,18.87765361,10.00
6418,25.16,29.8,35.01,14.58191121,10.00
6419,25.16,29.8,35.01,21.54093949,10.00
6420,25.16,29.8,35.01,25.6671596,10.00
6421,25.16,29.8,35.01,16.95256514,10.00
6422,25.16,29.8,35.01,16.19376124,10.00
6423,25.16,29.8,35.01,24.24499136,10.00
6424,25.16,29.8,35.01,19.47818808,10.00
6425,25.16,29.8,35.01,20.81667871,10.00
6426,25.16,29.8,35.01,15.20535595,10.00
6427,25.16,29.8,35.01,29.19868175,10.00
6428,25.16,29.8,35.01,14.39062519,10.00
6429,25.16,29.8,35.01,5.155112366,10.00
6430,25.16,29.8,35.01,14.96494142,10.00
6431,25.16,29.8,35.01,19.87601913,10.00
6432,25.16,14.6,16.04,11.33350645,10.00
6433,25.16,14.6,16.04,10.14723763,10.00
6434,25.16,14.6,16.04,15.13774916,10.00
6435,25.16,14.6,16.04,9.736715313,10.00
6436,25.16,14.6,16.04,21.30512522,10.00
6437,25.16,14.6,16.04,20.78136721,10.00
6438,25.16,14.6,16.04,20.14994798,10.00
6439,25.16,14.6,16.04,14.50872914,10.00
6440,25.16,14.6,16.04,10.15190963,10.00
6441,25.16,14.6,16.04,9.600541311,10.00
6442,25.16,14.6,16.04,17.63649835,10.00
6443,25.16,14.6,16.04,23.36801523,10.00
6444,25.16,14.6,16.04,24.84911778,10.00
6445,25.16,14.6,16.04,32.72617168,10.00
6446,25.16,29.8,35.01,31.44500955,10.00
6447,25.16,29.8,35.01,28.98797611,10.00
6448,25.16,29.8,35.01,24.20779633,10.00
6449,25.16,29.8,35.01,19.64099328,10.00
6450,25.16,29.8,35.01,31.99817301,10.00
6451,25.16,29.8,35.01,30.28149753,10.00
6452,25.16,29.8,35.01,24.66529843,10.00
6453,25.16,29.8,35.01,30.86734253,10.00
6454,25.16,29.8,35.01,18.34795171,10.00
6455,25.16,29.8,35.01,25.16598095,10.00
6456,25.16,29.8,35.01,23.27355696,10.00
6457,25.16,29.8,35.01,23.01673657,10.00
6458,25.16,29.8,35.01,23.00610621,10.00
6459,25.16,29.8,16.04,18.83516929,10.00
6460,25.16,29.8,16.04,11.82408805,10.00
6461,25.16,29.8,16.04,9.666285094,10.00
6462,25.16,29.8,16.04,24.71409527,10.00
6463,25.16,29.8,16.04,18.07664595,10.00
6464,25.16,29.8,16.04,24.12532315,10.00
6465,25.16,29.8,35.01,18.86700439,10.00
6466,25.16,29.8,35.01,14.57368529,10.00
6467,25.16,29.8,35.01,21.52878785,10.00
6468,25.16,29.8,35.01,25.65268029,10.00
6469,25.16,29.8,35.01,16.94300189,10.00
6470,25.16,29.8,35.01,16.18462604,10.00
6471,25.16,29.8,35.01,24.23131432,10.00
6472,25.16,29.8,35.01,19.46720009,10.00
6473,25.16,29.8,35.01,20.80493565,10.00
6474,25.16,29.8,35.01,15.19677834,10.00
6475,25.16,29.8,35.01,29.18221024,10.00
6476,25.16,29.8,35.01,14.38392611,10.00
6477,25.16,29.8,35.01,5.152712571,10.00
6478,25.16,29.8,35.01,14.95797498,10.00
6479,25.16,29.8,35.01,19.8667665,10.00
6480,25.16,14.6,16.04,11.35359611,10.00
6481,25.16,14.6,16.04,10.16522451,10.00
6482,25.16,14.6,16.04,15.16458217,10.00
6483,25.16,14.6,16.04,9.753974513,10.00
6484,25.16,14.6,16.04,21.34289046,10.00
6485,25.16,14.6,16.04,20.81820405,10.00
6486,25.16,14.6,16.04,20.18566557,10.00
6487,25.16,14.6,16.04,14.53444717,10.00
6488,25.16,14.6,16.04,10.1699048,10.00
6489,25.16,14.6,16.04,9.617559131,10.00
6490,25.16,14.6,16.04,17.66776062,10.00
6491,25.16,14.6,16.04,23.40943713,10.00
6492,25.16,14.6,16.04,24.90249993,10.00
6493,25.16,14.6,16.04,32.79647573,10.00
6494,25.16,29.8,35.01,31.51256134,10.00
6495,25.16,29.8,35.01,29.05024958,10.00
6496,25.16,29.8,35.01,24.25980077,10.00
6497,25.16,29.8,35.01,19.68318708,10.00
6498,25.16,29.8,35.01,32.06691314,10.00
6499,25.16,29.8,35.01,30.34654981,10.00
6500,25.16,29.8,35.01,24.7182857,10.00
6501,25.16,29.8,35.01,30.93365335,10.00
6502,25.16,29.8,35.01,18.38736773,10.00
6503,25.16,29.8,35.01,25.2200438,10.00
6504,25.16,29.8,35.01,23.32355441,10.00
6505,25.16,29.8,35.01,23.06618231,10.00
6506,25.16,29.8,35.01,23.05552911,10.00
6507,25.16,29.8,16.04,18.87563197,10.00
6508,25.16,29.8,16.04,11.84948916,10.00
6509,25.16,29.8,16.04,9.687050706,10.00
6510,25.16,29.8,16.04,24.76718736,10.00
6511,25.16,29.8,16.04,18.11547913,10.00
6512,25.16,29.8,16.04,24.17715041,10.00
6513,25.16,29.8,35.01,18.90753546,10.00
6514,25.16,29.8,35.01,14.60499324,10.00
6515,25.16,29.8,35.01,21.5750371,10.00
6516,25.16,29.8,35.01,25.7077887,10.00
6517,25.16,29.8,35.01,16.97939972,10.00
6518,25.16,29.8,35.01,16.21939469,10.00
6519,25.16,29.8,35.01,24.28336928,10.00
6520,25.16,29.8,35.01,19.50902053,10.00
6521,25.16,29.8,35.01,20.84962988,10.00
6522,25.16,29.8,35.01,15.22942484,10.00
6523,25.16,29.8,35.01,29.24490097,10.00
6524,25.16,29.8,35.01,14.4094229,10.00
6525,25.16,29.8,35.01,5.161846216,10.00
6526,25.16,29.8,35.01,14.98448933,10.00
6527,25.16,29.8,35.01,19.90198212,10.00
6528,25.16,14.6,16.04,11.44460981,10.00
6529,25.16,14.6,16.04,10.24671189,10.00
6530,25.16,14.6,16.04,15.28614584,10.00
6531,25.16,14.6,16.04,9.832165191,10.00
6532,25.16,14.6,16.04,21.51398123,10.00
6533,25.16,14.6,16.04,20.98508879,10.00
6534,25.16,14.6,16.04,20.34747969,10.00
6535,25.16,14.6,16.04,14.65095949,10.00
6536,25.16,14.6,16.04,10.2514297,10.00
6537,25.16,14.6,16.04,9.694656263,10.00
6538,25.16,14.6,16.04,17.80939049,10.00
6539,25.16,14.6,16.04,23.59709394,10.00
6540,25.16,14.6,16.04,25.14434122,10.00
6541,25.16,14.6,16.04,33.11497956,10.00
6542,25.16,29.8,35.01,31.81859641,10.00
6543,25.16,29.8,35.01,29.33237184,10.00
6544,25.16,29.8,35.01,24.49540046,10.00
6545,25.16,29.8,35.01,19.87434086,10.00
6546,25.16,29.8,35.01,32.37833181,10.00
6547,25.16,29.8,35.01,30.64126112,10.00
6548,25.16,29.8,35.01,24.95833798,10.00
6549,25.16,29.8,35.01,31.23406634,10.00
6550,25.16,29.8,35.01,18.56593713,10.00
6551,25.16,29.8,35.01,25.46496892,10.00
6552,25.16,29.8,35.01,23.55006172,10.00
6553,25.16,29.8,35.01,23.29019014,10.00
6554,25.16,29.8,35.01,23.27943349,10.00
6555,25.16,29.8,16.04,19.05894317,10.00
6556,25.16,29.8,16.04,11.96456579,10.00
6557,25.16,29.8,16.04,9.781126753,10.00
6558,25.16,29.8,16.04,25.00771455,10.00
6559,25.16,29.8,16.04,18.29140808,10.00
6560,25.16,29.8,16.04,24.41194744,10.00
6561,25.16,29.8,35.01,19.09115648,10.00
6562,25.16,29.8,35.01,14.74683001,10.00
6563,25.16,29.8,35.01,21.78456364,10.00
6564,25.16,29.8,35.01,25.95745057,10.00
6565,25.16,29.8,35.01,17.14429561,10.00
6566,25.16,29.8,35.01,16.37690977,10.00
6567,25.16,29.8,35.01,24.51919785,10.00
6568,25.16,29.8,35.01,19.69848289,10.00
6569,25.16,29.8,35.01,21.05211161,10.00
6570,25.16,29.8,35.01,15.3773258,10.00
6571,25.16,29.8,35.01,29.52891359,10.00
6572,25.16,29.8,35.01,14.524933,10.00
6573,25.16,29.8,35.01,5.203225066,10.00
6574,25.16,29.8,35.01,15.10460932,10.00
6575,25.16,29.8,35.01,20.06152216,10.00
6576,25.16,14.6,16.04,11.2774369,10.00
6577,25.16,14.6,16.04,10.09703683,10.00
6578,25.16,14.6,16.04,15.06285912,10.00
6579,25.16,14.6,16.04,9.68854547,10.00
6580,25.16,14.6,16.04,21.1997237,10.00
6581,25.16,14.6,16.04,20.67855685,10.00
6582,25.16,14.6,16.04,20.0502614,10.00
6583,25.16,14.6,16.04,14.43695101,10.00
6584,25.16,14.6,16.04,10.10168572,10.00
6585,25.16,14.6,16.04,9.553045153,10.00
6586,25.16,14.6,16.04,17.5492464,10.00
6587,25.16,14.6,16.04,23.25240811,10.00
6588,25.16,14.6,16.04,24.70012998,10.00
6589,25.16,14.6,16.04,32.52995545,10.00
6590,25.16,29.8,35.01,31.25647478,10.00
6591,25.16,29.8,35.01,28.81417298,10.00
6592,25.16,29.8,35.01,24.0626537,10.00
6593,25.16,29.8,35.01,19.52323183,10.00
6594,25.16,29.8,35.01,31.80632165,10.00
6595,25.16,29.8,35.01,30.09993883,10.00
6596,25.16,29.8,35.01,24.51741276,10.00
6597,25.16,29.8,35.01,30.68227128,10.00
6598,25.16,29.8,35.01,18.23794294,10.00
6599,25.16,29.8,35.01,25.01509333,10.00
6600,25.16,29.8,35.01,23.13401575,10.00
6601,25.16,29.8,35.01,22.87873517,10.00
6602,25.16,29.8,35.01,22.86816855,10.00
6603,25.16,29.8,16.04,18.72223931,10.00
6604,25.16,29.8,16.04,11.75319439,10.00
6605,25.16,29.8,16.04,9.608328972,10.00
6606,25.16,29.8,16.04,24.56591703,10.00
6607,25.16,29.8,16.04,17.96826385,10.00
6608,25.16,29.8,16.04,23.98067501,10.00
6609,25.16,29.8,35.01,18.75388353,10.00
6610,25.16,29.8,35.01,14.48630588,10.00
6611,25.16,29.8,35.01,21.39970775,10.00
6612,25.16,29.8,35.01,25.49887458,10.00
6613,25.16,29.8,35.01,16.84141678,10.00
6614,25.16,29.8,35.01,16.08758792,10.00
6615,25.16,29.8,35.01,24.08603068,10.00
6616,25.16,29.8,35.01,19.35048064,10.00
6617,25.16,29.8,35.01,20.68019554,10.00
6618,25.16,29.8,35.01,15.10566305,10.00
6619,25.16,29.8,35.01,29.00724253,10.00
6620,25.16,29.8,35.01,14.31276541,10.00
6621,25.16,29.8,35.01,5.127220878,10.00
6622,25.16,29.8,35.01,14.88397432,10.00
6623,25.16,29.8,35.01,19.76848089,10.00
6624,25.16,14.6,16.04,11.33038439,10.00
6625,25.16,14.6,16.04,10.14444235,10.00
6626,25.16,14.6,16.04,15.13357913,10.00
6627,25.16,14.6,16.04,9.734033123,10.00
6628,25.16,14.6,16.04,21.29925626,10.00
6629,25.16,14.6,16.04,20.77564253,10.00
6630,25.16,14.6,16.04,20.14439724,10.00
6631,25.16,14.6,16.04,14.5047324,10.00
6632,25.16,14.6,16.04,10.14911307,10.00
6633,25.16,14.6,16.04,9.597896634,10.00
6634,25.16,14.6,16.04,17.63163999,10.00
6635,25.16,14.6,16.04,23.361578,10.00
6636,25.16,14.6,16.04,24.84082185,10.00
6637,25.16,14.6,16.04,32.71524598,10.00
6638,25.16,29.8,35.01,31.43451157,10.00
6639,25.16,29.8,35.01,28.97829842,10.00
6640,25.16,29.8,35.01,24.19971451,10.00
6641,25.16,29.8,35.01,19.6344361,10.00
6642,25.16,29.8,35.01,31.98749036,10.00
6643,25.16,29.8,35.01,30.27138799,10.00
6644,25.16,29.8,35.01,24.65706387,10.00
6645,25.16,29.8,35.01,30.85703741,10.00
6646,25.16,29.8,35.01,18.34182621,10.00
6647,25.16,29.8,35.01,25.15757923,10.00
6648,25.16,29.8,35.01,23.26578703,10.00
6649,25.16,29.8,35.01,23.00905238,10.00
6650,25.16,29.8,35.01,22.99842557,10.00
6651,25.16,29.8,16.04,18.82888113,10.00
6652,25.16,29.8,16.04,11.82014055,10.00
6653,25.16,29.8,16.04,9.663057985,10.00
6654,25.16,29.8,16.04,24.70584442,10.00
6655,25.16,29.8,16.04,18.07061102,10.00
6656,25.16,29.8,16.04,24.11726886,10.00
6657,25.16,29.8,35.01,18.8607056,10.00
6658,25.16,29.8,35.01,14.56881984,10.00
6659,25.16,29.8,35.01,21.52160042,10.00
6660,25.16,29.8,35.01,25.64411609,10.00
6661,25.16,29.8,35.01,16.93734544,10.00
6662,25.16,29.8,35.01,16.17922277,10.00
6663,25.16,29.8,35.01,24.22322464,10.00
6664,25.16,29.8,35.01,19.46070092,10.00
6665,25.16,29.8,35.01,20.79798988,10.00
6666,25.16,29.8,35.01,15.19170486,10.00
6667,25.16,29.8,35.01,29.1724677,10.00
6668,25.16,29.8,35.01,14.37996374,10.00
6669,25.16,29.8,35.01,5.151293144,10.00
6670,25.16,29.8,35.01,14.95385448,10.00
6671,25.16,29.8,35.01,19.86129377,10.00
6672,25.16,14.6,16.04,11.07980438,10.00
6673,25.16,14.6,16.04,9.920090344,10.00
6674,25.16,14.6,16.04,14.7988886,10.00
6675,25.16,14.6,16.04,9.518757627,10.00
6676,25.16,14.6,16.04,20.82820711,10.00
6677,25.16,14.6,16.04,20.3161735,10.00
6678,25.16,14.6,16.04,19.69888867,10.00
6679,25.16,14.6,16.04,14.18394928,10.00
6680,25.16,14.6,16.04,9.924657767,10.00
6681,25.16,14.6,16.04,9.385631899,10.00
6682,25.16,14.6,16.04,17.24170295,10.00
6683,25.16,14.6,16.04,22.84491906,10.00
6684,25.16,14.6,16.04,24.17498158,10.00
6685,25.16,14.6,16.04,31.83833747,10.00
6686,25.16,29.8,35.01,30.59193222,10.00
6687,25.16,29.8,35.01,28.20155608,10.00
6688,25.16,29.8,35.01,23.55105866,10.00
6689,25.16,29.8,35.01,19.10814923,10.00
6690,25.16,29.8,35.01,31.13008881,10.00
6691,25.16,29.8,35.01,29.45998533,10.00
6692,25.16,29.8,35.01,23.9961491,10.00
6693,25.16,29.8,35.01,30.02993683,10.00
6694,25.16,29.8,35.01,17.85018682,10.00
6695,25.16,29.8,35.01,24.48324851,10.00
6696,25.16,29.8,35.01,22.64216444,10.00
6697,25.16,29.8,35.01,22.39231137,10.00
6698,25.16,29.8,35.01,22.38196941,10.00
6699,25.16,29.8,16.04,18.32418659,10.00
6700,25.16,29.8,16.04,11.50331023,10.00
6701,25.16,29.8,16.04,9.404046703,10.00
6702,25.16,29.8,16.04,24.04362212,10.00
6703,25.16,29.8,16.04,17.58624136,10.00
6704,25.16,29.8,16.04,23.47082291,10.00
6705,25.16,29.8,35.01,18.35515802,10.00
6706,25.16,29.8,35.01,14.17831316,10.00
6707,25.16,29.8,35.01,20.94472948,10.00
6708,25.16,29.8,35.01,24.95674411,10.00
6709,25.16,29.8,35.01,16.48335214,10.00
6710,25.16,29.8,35.01,15.74555041,10.00
6711,25.16,29.8,35.01,23.57393862,10.00
6712,25.16,29.8,35.01,18.93907091,10.00
6713,25.16,29.8,35.01,20.2405148,10.00
6714,25.16,29.8,35.01,14.7845022,10.00
6715,25.16,29.8,35.01,28.3905208,10.00
6716,25.16,29.8,35.01,14.06193998,10.00
6717,25.16,29.8,35.01,5.037368405,10.00
6718,25.16,29.8,35.01,14.62313869,10.00
6719,25.16,29.8,35.01,19.42204625,10.00
6720,25.16,14.6,16.04,11.34529622,10.00
6721,25.16,14.6,16.04,10.15779337,10.00
6722,25.16,14.6,16.04,15.15349632,10.00
6723,25.16,14.6,16.04,9.746844006,10.00
6724,25.16,14.6,16.04,21.32728804,10.00
6725,25.16,14.6,16.04,20.80298519,10.00
6726,25.16,14.6,16.04,20.17090912,10.00
6727,25.16,14.6,16.04,14.52382196,10.00
6728,25.16,14.6,16.04,10.16247024,10.00
6729,25.16,14.6,16.04,9.610528349,10.00
6730,25.16,14.6,16.04,17.65484485,10.00
6731,25.16,14.6,16.04,23.39232399,10.00
6732,25.16,14.6,16.04,24.8804455,10.00
6733,25.16,14.6,16.04,32.76743015,10.00
6734,25.16,29.8,35.01,31.48465283,10.00
6735,25.16,29.8,35.01,29.02452177,10.00
6736,25.16,29.8,35.01,24.23831553,10.00
6737,25.16,29.8,35.01,19.66575503,10.00
6738,25.16,29.8,35.01,32.03851368,10.00
6739,25.16,29.8,35.01,30.31967396,10.00
6740,25.16,29.8,35.01,24.69639441,10.00
6741,25.16,29.8,35.01,30.90625754,10.00
6742,25.16,29.8,35.01,18.3710833,10.00
6743,25.16,29.8,35.01,25.19770815,10.00
6744,25.16,29.8,35.01,23.30289835,10.00
6745,25.16,29.8,35.01,23.04575418,10.00
6746,25.16,29.8,35.01,23.03511042,10.00
6747,25.16,29.8,16.04,18.85891512,10.00
6748,25.16,29.8,16.04,11.83899489,10.00
6749,25.16,29.8,16.04,9.678471552,10.00
6750,25.16,29.8,16.04,24.74525277,10.00
6751,25.16,29.8,16.04,18.0994355,10.00
6752,25.16,29.8,16.04,24.15573838,10.00
6753,25.16,29.8,35.01,18.89079035,10.00
6754,25.16,29.8,35.01,14.5920586,10.00
6755,25.16,29.8,35.01,21.55592958,10.00
6756,25.16,29.8,35.01,25.68502108,10.00
6757,25.16,29.8,35.01,16.96436224,10.00
6758,25.16,29.8,35.01,16.20503029,10.00
6759,25.16,29.8,35.01,24.26186317,10.00
6760,25.16,29.8,35.01,19.49174273,10.00
6761,25.16,29.8,35.01,20.8311648,10.00
6762,25.16,29.8,35.01,15.21593719,10.00
6763,25.16,29.8,35.01,29.21900077,10.00
6764,25.16,29.8,35.01,14.3988891,10.00
6765,25.16,29.8,35.01,5.15807272,10.00
6766,25.16,29.8,35.01,14.97353512,10.00
6767,25.16,29.8,35.01,19.88743306,10.00
6768,25.16,14.6,16.04,11.56266322,10.00
6769,25.16,14.6,16.04,10.35240875,10.00
6770,25.16,14.6,16.04,15.44382546,10.00
6771,25.16,14.6,16.04,9.933585915,10.00
6772,25.16,14.6,16.04,21.7359022,10.00
6773,25.16,14.6,16.04,21.20155412,10.00
6774,25.16,14.6,16.04,20.55736796,10.00
6775,25.16,14.6,16.04,14.80208703,10.00
6776,25.16,14.6,16.04,10.35717522,10.00
6777,25.16,14.6,16.04,9.794658556,10.00
6778,25.16,14.6,16.04,17.99309787,10.00
6779,25.16,14.6,16.04,23.84050262,10.00
6780,25.16,14.6,16.04,25.45803229,10.00
6781,25.16,14.6,16.04,33.52810924,10.00
6782,25.16,29.8,35.01,32.21555291,10.00
6783,25.16,29.8,35.01,29.69831117,10.00
6784,25.16,29.8,35.01,24.8009956,10.00
6785,25.16,29.8,35.01,20.12228545,10.00
6786,25.16,29.8,35.01,32.78227135,10.00
6787,25.16,29.8,35.01,31.02352965,10.00
6788,25.16,29.8,35.01,25.26970855,10.00
6789,25.16,29.8,35.01,31.62373047,10.00
6790,25.16,29.8,35.01,18.79755858,10.00
6791,25.16,29.8,35.01,25.78266003,10.00
6792,25.16,29.8,35.01,23.84386319,10.00
6793,25.16,29.8,35.01,23.58074955,10.00
6794,25.16,29.8,35.01,23.5698587,10.00
6795,25.16,29.8,16.04,19.29671517,10.00
6796,25.16,29.8,16.04,12.11383108,10.00
6797,25.16,29.8,16.04,9.903152308,10.00
6798,25.16,29.8,16.04,25.31970113,10.00
6799,25.16,29.8,16.04,18.51960462,10.00
6800,25.16,29.8,16.04,24.71650146,10.00
6801,25.16,29.8,35.01,19.32933037,10.00
6802,25.16,29.8,35.01,14.93080576,10.00
6803,25.16,29.8,35.01,22.05633943,10.00
6804,25.16,29.8,35.01,26.28128568,10.00
6805,25.16,29.8,35.01,17.35818121,10.00
6806,25.16,29.8,35.01,16.58122176,10.00
6807,25.16,29.8,35.01,24.82508988,10.00
6808,25.16,29.8,35.01,19.94423355,10.00
6809,25.16,29.8,35.01,21.31474961,10.00
6810,25.16,29.8,35.01,15.56916737,10.00
6811,25.16,29.8,35.01,29.8973049,10.00
6812,25.16,29.8,35.01,14.67476055,10.00
6813,25.16,29.8,35.01,5.25689736,10.00
6814,25.16,29.8,35.01,15.26041635,10.00
6815,25.16,29.8,35.01,20.26846072,10.00
6816,25.16,14.6,16.04,11.32562889,10.00
6817,25.16,14.6,16.04,10.1401846,10.00
6818,25.16,14.6,16.04,15.12722738,10.00
6819,25.16,14.6,16.04,9.729947625,10.00
6820,25.16,14.6,16.04,21.29031669,10.00
6821,25.16,14.6,16.04,20.76692273,10.00
6822,25.16,14.6,16.04,20.13594238,10.00
6823,25.16,14.6,16.04,14.49864458,10.00
6824,25.16,14.6,16.04,10.14485336,10.00
6825,25.16,14.6,16.04,9.593868274,10.00
6826,25.16,14.6,16.04,17.62423976,10.00
6827,25.16,14.6,16.04,23.35177285,10.00
6828,25.16,14.6,16.04,24.82818554,10.00
6829,25.16,14.6,16.04,32.69860401,10.00
6830,25.16,29.8,35.01,31.4185211,10.00
6831,25.16,29.8,35.01,28.96355741,10.00
6832,25.16,29.8,35.01,24.18740432,10.00
6833,25.16,29.8,35.01,19.62444823,10.00
6834,25.16,29.8,35.01,31.9712186,10.00
6835,25.16,29.8,35.01,30.2559892,10.00
6836,25.16,29.8,35.01,24.64452103,10.00
6837,25.16,29.8,35.01,30.8413407,10.00
6838,25.16,29.8,35.01,18.33249588,10.00
6839,25.16,29.8,35.01,25.14478179,10.00
6840,25.16,29.8,35.01,23.25395193,10.00
6841,25.16,29.8,35.01,22.99734787,10.00
6842,25.16,29.8,35.01,22.98672647,10.00
6843,25.16,29.8,16.04,18.81930304,10.00
6844,25.16,29.8,16.04,11.81412775,10.00
6845,25.16,29.8,16.04,9.65814247,10.00
6846,25.16,29.8,16.04,24.69327677,10.00
6847,25.16,29.8,16.04,18.06141866,10.00
6848,25.16,29.8,16.04,24.10500061,10.00
6849,25.16,29.8,35.01,18.85111132,10.00
6850,25.16,29.8,35.01,14.5614088,10.00
6851,25.16,29.8,35.01,21.51065257,10.00
6852,25.16,29.8,35.01,25.63107115,10.00
6853,25.16,29.8,35.01,16.92872955,10.00
6854,25.16,29.8,35.01,16.17099254,10.00
6855,25.16,29.8,35.01,24.2109025,10.00
6856,25.16,29.8,35.01,19.45080143,10.00
6857,25.16,29.8,35.01,20.78741012,10.00
6858,25.16,29.8,35.01,15.18397697,10.00
6859,25.16,29.8,35.01,29.15762791,10.00
6860,25.16,29.8,35.01,14.37392829,10.00
6861,25.16,29.8,35.01,5.149131081,10.00
6862,25.16,29.8,35.01,14.94757815,10.00
6863,25.16,29.8,35.01,19.85295773,10.00
6864,25.16,14.6,16.04,11.2782541,10.00
6865,25.16,14.6,16.04,10.09776849,10.00
6866,25.16,14.6,16.04,15.06395062,10.00
6867,25.16,14.6,16.04,9.68924753,10.00
6868,25.16,14.6,16.04,21.20125989,10.00
6869,25.16,14.6,16.04,20.68005528,10.00
6870,25.16,14.6,16.04,20.0517143,10.00
6871,25.16,14.6,16.04,14.43799716,10.00
6872,25.16,14.6,16.04,10.10241772,10.00
6873,25.16,14.6,16.04,9.553737395,10.00
6874,25.16,14.6,16.04,17.55051807,10.00
6875,25.16,14.6,16.04,23.25409305,10.00
6876,25.16,14.6,16.04,24.70230143,10.00
6877,25.16,14.6,16.04,32.53281524,10.00
6878,25.16,29.8,35.01,31.25922262,10.00
6879,25.16,29.8,35.01,28.8167061,10.00
6880,25.16,29.8,35.01,24.06476911,10.00
6881,25.16,29.8,35.01,19.52494816,10.00
6882,25.16,29.8,35.01,31.80911782,10.00
6883,25.16,29.8,35.01,30.102585,10.00
6884,25.16,29.8,35.01,24.51956815,10.00
6885,25.16,29.8,35.01,30.68496864,10.00
6886,25.16,29.8,35.01,18.23954629,10.00
6887,25.16,29.8,35.01,25.01729248,10.00
6888,25.16,29.8,35.01,23.13604952,10.00
6889,25.16,29.8,35.01,22.8807465,10.00
6890,25.16,29.8,35.01,22.87017895,10.00
6891,25.16,29.8,16.04,18.72388523,10.00
6892,25.16,29.8,16.04,11.75422764,10.00
6893,25.16,29.8,16.04,9.609173664,10.00
6894,25.16,29.8,16.04,24.56807668,10.00
6895,25.16,29.8,16.04,17.96984348,10.00
6896,25.16,29.8,16.04,23.98278321,10.00
6897,25.16,29.8,35.01,18.75553224,10.00
6898,25.16,29.8,35.01,14.48757941,10.00
6899,25.16,29.8,35.01,21.40158905,10.00
6900,25.16,29.8,35.01,25.50111625,10.00
6901,25.16,29.8,35.01,16.84289735,10.00
6902,25.16,29.8,35.01,16.08900222,10.00
6903,25.16,29.8,35.01,24.08814815,10.00
6904,25.16,29.8,35.01,19.35218179,10.00
6905,25.16,29.8,35.01,20.68201359,10.00
6906,25.16,29.8,35.01,15.10699103,10.00
6907,25.16,29.8,35.01,29.00979263,10.00
6908,25.16,29.8,35.01,14.31380255,10.00
6909,25.16,29.8,35.01,5.127592412,10.00
6910,25.16,29.8,35.01,14.88505286,10.00
6911,25.16,29.8,35.01,19.76991337,10.00
6912,25.16,14.6,16.04,11.4363682,10.00
6913,25.16,14.6,16.04,10.23933292,10.00
6914,25.16,14.6,16.04,15.27513782,10.00
6915,25.16,14.6,16.04,9.825084748,10.00
6916,25.16,14.6,16.04,21.49848836,10.00
6917,25.16,14.6,16.04,20.96997678,10.00
6918,25.16,14.6,16.04,20.33282685,10.00
6919,25.16,14.6,16.04,14.64040889,10.00
6920,25.16,14.6,16.04,10.24404733,10.00
6921,25.16,14.6,16.04,9.687674845,10.00
6922,25.16,14.6,16.04,17.79656541,10.00
6923,25.16,14.6,16.04,23.58010096,10.00
6924,25.16,14.6,16.04,25.12244163,10.00
6925,25.16,14.6,16.04,33.08613792,10.00
6926,25.16,29.8,35.01,31.79088385,10.00
6927,25.16,29.8,35.01,29.30682467,10.00
6928,25.16,29.8,35.01,24.47406607,10.00
6929,25.16,29.8,35.01,19.85703121,10.00
6930,25.16,29.8,35.01,32.35013175,10.00
6931,25.16,29.8,35.01,30.61457397,10.00
6932,25.16,29.8,35.01,24.9366004,10.00
6933,25.16,29.8,35.01,31.20686288,10.00
6934,25.16,29.8,35.01,18.54976704,10.00
6935,25.16,29.8,35.01,25.44279009,10.00
6936,25.16,29.8,35.01,23.52955069,10.00
6937,25.16,29.8,35.01,23.26990544,10.00
6938,25.16,29.8,35.01,23.25915816,10.00
6939,25.16,29.8,16.04,19.04234369,10.00
6940,25.16,29.8,16.04,11.95414519,10.00
6941,25.16,29.8,16.04,9.772607835,10.00
6942,25.16,29.8,16.04,24.98593397,10.00
6943,25.16,29.8,16.04,18.27547709,10.00
6944,25.16,29.8,16.04,24.39068574,10.00
6945,25.16,29.8,35.01,19.07452895,10.00
6946,25.16,29.8,35.01,14.73398619,10.00
6947,25.16,29.8,35.01,21.76559027,10.00
6948,25.16,29.8,35.01,25.9348428,10.00
6949,25.16,29.8,35.01,17.1293637,10.00
6950,25.16,29.8,35.01,16.36264622,10.00
6951,25.16,29.8,35.01,24.49784274,10.00
6952,25.16,29.8,35.01,19.68132641,10.00
6953,25.16,29.8,35.01,21.03377617,10.00
6954,25.16,29.8,35.01,15.36393284,10.00
6955,25.16,29.8,35.01,29.50319525,10.00
6956,25.16,29.8,35.01,14.51447315,10.00
6957,25.16,29.8,35.01,5.199478065,10.00
6958,25.16,29.8,35.01,15.09373203,10.00
6959,25.16,29.8,35.01,20.04707525,10.00
6960,25.16,14.6,16.04,11.26421239,10.00
6961,25.16,14.6,16.04,10.08519652,10.00
6962,25.16,14.6,16.04,15.04519562,10.00
6963,25.16,14.6,16.04,9.677184172,10.00
6964,25.16,14.6,16.04,21.17486379,10.00
6965,25.16,14.6,16.04,20.65430809,10.00
6966,25.16,14.6,16.04,20.02674941,10.00
6967,25.16,14.6,16.04,14.42002149,10.00
6968,25.16,14.6,16.04,10.08983996,10.00
6969,25.16,14.6,16.04,9.54184275,10.00
6970,25.16,14.6,16.04,17.52866723,10.00
6971,25.16,14.6,16.04,23.22514111,10.00
6972,25.16,14.6,16.04,24.66498985,10.00
6973,25.16,14.6,16.04,32.48367606,10.00
6974,25.16,29.8,35.01,31.21200713,10.00
6975,25.16,29.8,35.01,28.77317992,10.00
6976,25.16,29.8,35.01,24.02842049,10.00
6977,25.16,29.8,35.01,19.49545671,10.00
6978,25.16,29.8,35.01,31.76107175,10.00
6979,25.16,29.8,35.01,30.05711655,10.00
6980,25.16,29.8,35.01,24.48253258,10.00
6981,25.16,29.8,35.01,30.63862054,10.00
6982,25.16,29.8,35.01,18.21199637,10.00
6983,25.16,29.8,35.01,24.97950511,10.00
6984,25.16,29.8,35.01,23.10110368,10.00
6985,25.16,29.8,35.01,22.84618629,10.00
6986,25.16,29.8,35.01,22.8356347,10.00
6987,25.16,29.8,16.04,18.69560374,10.00
6988,25.16,29.8,16.04,11.73647347,10.00
6989,25.16,29.8,16.04,9.594659491,10.00
6990,25.16,29.8,16.04,24.53096784,10.00
6991,25.16,29.8,16.04,17.94270094,10.00
6992,25.16,29.8,16.04,23.94655842,10.00
6993,25.16,29.8,35.01,18.72720295,10.00
6994,25.16,29.8,35.01,14.46569665,10.00
6995,25.16,29.8,35.01,21.36926303,10.00
6996,25.16,29.8,35.01,25.4625981,10.00
6997,25.16,29.8,35.01,16.817457,10.00
6998,25.16,29.8,35.01,16.06470059,10.00
6999,25.16,29.8,35.01,24.05176421,10.00
7000,25.16,29.8,35.01,19.32295129,10.00
7001,25.16,29.8,35.01,20.65077445,10.00
7002,25.16,29.8,35.01,15.08417268,10.00
7003,25.16,29.8,35.01,28.9659748,10.00
7004,25.16,29.8,35.01,14.29598151,10.00
7005,25.16,29.8,35.01,5.121208429,10.00
7006,25.16,29.8,35.01,14.86652059,10.00
7007,25.16,29.8,35.01,19.74529933,10.00
7008,25.16,14.6,16.04,11.06738073,10.00
7009,25.16,14.6,16.04,9.908967066,10.00
7010,25.16,14.6,16.04,14.78229478,10.00
7011,25.16,14.6,16.04,9.508084359,10.00
7012,25.16,14.6,16.04,20.8048527,10.00
7013,25.16,14.6,16.04,20.29339322,10.00
7014,25.16,14.6,16.04,19.67680055,10.00
7015,25.16,14.6,16.04,14.16804499,10.00
7016,25.16,14.6,16.04,9.913529367,10.00
7017,25.16,14.6,16.04,9.375107903,10.00
7018,25.16,14.6,16.04,17.22237004,10.00
7019,25.16,14.6,16.04,22.81930333,10.00
7020,25.16,14.6,16.04,24.1419695,10.00
7021,25.16,14.6,16.04,31.79486071,10.00
7022,25.16,29.8,35.01,30.55015749,10.00
7023,25.16,29.8,35.01,28.16304553,10.00
7024,25.16,29.8,35.01,23.51889858,10.00
7025,25.16,29.8,35.01,19.08205615,10.00
7026,25.16,29.8,35.01,31.0875792,10.00
7027,25.16,29.8,35.01,29.41975633,10.00
7028,25.16,29.8,35.01,23.96338123,10.00
7029,25.16,29.8,35.01,29.98892954,10.00
7030,25.16,29.8,35.01,17.82581155,10.00
7031,25.16,29.8,35.01,24.44981548,10.00
7032,25.16,29.8,35.01,22.61124549,10.00
7033,25.16,29.8,35.01,22.36173361,10.00
7034,25.16,29.8,35.01,22.35140577,10.00
7035,25.16,29.8,16.04,18.29916404,10.00
7036,25.16,29.8,16.04,11.48760192,10.00
7037,25.16,29.8,16.04,9.391205033,10.00
7038,25.16,29.8,16.04,24.01078942,10.00
7039,25.16,29.8,16.04,17.56222652,10.00
7040,25.16,29.8,16.04,23.43877239,10.00
7041,25.16,29.8,35.01,18.33009319,10.00
7042,25.16,29.8,35.01,14.158952,10.00
7043,25.16,29.8,35.01,20.91612847,10.00
7044,25.16,29.8,35.01,24.92266449,10.00
7045,25.16,29.8,35.01,16.46084334,10.00
7046,25.16,29.8,35.01,15.72404911,10.00
7047,25.16,29.8,35.01,23.5417473,10.00
7048,25.16,29.8,35.01,18.91320871,10.00
7049,25.16,29.8,35.01,20.21287542,10.00
7050,25.16,29.8,35.01,14.76431326,10.00
7051,25.16,29.8,35.01,28.3517522,10.00
7052,25.16,29.8,35.01,14.0461725,10.00
7053,25.16,29.8,35.01,5.031720065,10.00
7054,25.16,29.8,35.01,14.60674194,10.00
7055,25.16,29.8,35.01,19.40026854,10.00
7056,25.16,14.6,16.04,11.38484621,10.00
7057,25.16,14.6,16.04,10.19320369,10.00
7058,25.16,14.6,16.04,15.20632179,10.00
7059,25.16,14.6,16.04,9.780821751,10.00
7060,25.16,14.6,16.04,21.4016355,10.00
7061,25.16,14.6,16.04,20.87550492,10.00
7062,25.16,14.6,16.04,20.24122542,10.00
7063,25.16,14.6,16.04,14.57445237,10.00
7064,25.16,14.6,16.04,10.19789686,10.00
7065,25.16,14.6,16.04,9.644030893,10.00
7066,25.16,14.6,16.04,17.71639008,10.00
7067,25.16,14.6,16.04,23.47387022,10.00
7068,25.16,14.6,16.04,24.98553759,10.00
7069,25.16,14.6,16.04,32.90583593,10.00
7070,25.16,29.8,35.01,31.61764031,10.00
7071,25.16,29.8,35.01,29.14711795,10.00
7072,25.16,29.8,35.01,24.34069533,10.00
7073,25.16,29.8,35.01,19.74882088,10.00
7074,25.16,29.8,35.01,32.17384061,10.00
7075,25.16,29.8,35.01,30.44774071,10.00
7076,25.16,29.8,35.01,24.80070909,10.00
7077,25.16,29.8,35.01,31.03680195,10.00
7078,25.16,29.8,35.01,18.4486806,10.00
7079,25.16,29.8,35.01,25.30414031,10.00
7080,25.16,29.8,35.01,23.40132706,10.00
7081,25.16,29.8,35.01,23.14309674,10.00
7082,25.16,29.8,35.01,23.13240802,10.00
7083,25.16,29.8,16.04,18.93857297,10.00
7084,25.16,29.8,16.04,11.88900141,10.00
7085,25.16,29.8,16.04,9.719352281,10.00
7086,25.16,29.8,16.04,24.84977382,10.00
7087,25.16,29.8,16.04,18.17588539,10.00
7088,25.16,29.8,16.04,24.25776938,10.00
7089,25.16,29.8,35.01,18.97058284,10.00
7090,25.16,29.8,35.01,14.65369374,10.00
7091,25.16,29.8,35.01,21.6469793,10.00
7092,25.16,29.8,35.01,25.7935116,10.00
7093,25.16,29.8,35.01,17.03601771,10.00
7094,25.16,29.8,35.01,16.27347844,10.00
7095,25.16,29.8,35.01,24.36434243,10.00
7096,25.16,29.8,35.01,19.57407357,10.00
7097,25.16,29.8,35.01,20.9191532,10.00
7098,25.16,29.8,35.01,15.28020752,10.00
7099,25.16,29.8,35.01,29.34241841,10.00
7100,25.16,29.8,35.01,14.44908399,10.00
7101,25.16,29.8,35.01,5.176053892,10.00
7102,25.16,29.8,35.01,15.02573325,10.00
7103,25.16,29.8,35.01,19.95676115,10.00
7104,25.16,14.6,16.04,11.3509327,10.00
7105,25.16,14.6,16.04,10.16283988,10.00
7106,25.16,14.6,16.04,15.16102475,10.00
7107,25.16,14.6,16.04,9.751686352,10.00
7108,25.16,14.6,16.04,21.33788368,10.00
7109,25.16,14.6,16.04,20.81332035,10.00
7110,25.16,14.6,16.04,20.18093026,10.00
7111,25.16,14.6,16.04,14.53103756,10.00
7112,25.16,14.6,16.04,10.16751907,10.00
7113,25.16,14.6,16.04,9.615302971,10.00
7114,25.16,14.6,16.04,17.66361598,10.00
7115,25.16,14.6,16.04,23.40394557,10.00
7116,25.16,14.6,16.04,24.89542272,10.00
7117,25.16,14.6,16.04,32.78715508,10.00
7118,25.16,29.8,35.01,31.50360557,10.00
7119,25.16,29.8,35.01,29.04199359,10.00
7120,25.16,29.8,35.01,24.25290621,10.00
7121,25.16,29.8,35.01,19.67759318,10.00
7122,25.16,29.8,35.01,32.05779983,10.00
7123,25.16,29.8,35.01,30.33792542,10.00
7124,25.16,29.8,35.01,24.71126084,10.00
7125,25.16,29.8,35.01,30.92486211,10.00
7126,25.16,29.8,35.01,18.3821421,10.00
7127,25.16,29.8,35.01,25.21287635,10.00
7128,25.16,29.8,35.01,23.31692593,10.00
7129,25.16,29.8,35.01,23.05962697,10.00
7130,25.16,29.8,35.01,23.04897681,10.00
7131,25.16,29.8,16.04,18.87026758,10.00
7132,25.16,29.8,16.04,11.84612158,10.00
7133,25.16,29.8,16.04,9.684297678,10.00
7134,25.16,29.8,16.04,24.76014861,10.00
7135,25.16,29.8,16.04,18.11033077,10.00
7136,25.16,29.8,16.04,24.17027935,10.00
7137,25.16,29.8,35.01,18.902162,10.00
7138,25.16,29.8,35.01,14.60084254,10.00
7139,25.16,29.8,35.01,21.56890555,10.00
7140,25.16,29.8,35.01,25.70048263,10.00
7141,25.16,29.8,35.01,16.97457423,10.00
7142,25.16,29.8,35.01,16.21478519,10.00
7143,25.16,29.8,35.01,24.27646802,10.00
7144,25.16,29.8,35.01,19.50347613,10.00
7145,25.16,29.8,35.01,20.84370449,10.00
7146,25.16,29.8,35.01,15.22509669,10.00
7147,25.16,29.8,35.01,29.23658966,10.00
7148,25.16,29.8,35.01,14.40604263,10.00
7149,25.16,29.8,35.01,5.160635311,10.00
7150,25.16,29.8,35.01,14.98097415,10.00
7151,25.16,29.8,35.01,19.89731336,10.00
7152,25.16,14.6,16.04,10.99928361,10.00
7153,25.16,14.6,16.04,9.847997616,10.00
7154,25.16,14.6,16.04,14.69133996,10.00
7155,25.16,14.6,16.04,9.449581523,10.00
7156,25.16,14.6,16.04,20.67684133,10.00
7157,25.16,14.6,16.04,20.16852884,10.00
7158,25.16,14.6,16.04,19.55573004,10.00
7159,25.16,14.6,16.04,14.08086962,10.00
7160,25.16,14.6,16.04,9.852531845,10.00
7161,25.16,14.6,16.04,9.317423265,10.00
7162,25.16,14.6,16.04,17.11640153,10.00
7163,25.16,14.6,16.04,22.67889713,10.00
7164,25.16,14.6,16.04,23.96102209,10.00
7165,25.16,14.6,16.04,31.55655382,10.00
7166,25.16,29.8,35.01,30.32117981,10.00
7167,25.16,29.8,35.01,27.95195959,10.00
7168,25.16,29.8,35.01,23.34262117,10.00
7169,25.16,29.8,35.01,18.93903349,10.00
7170,25.16,29.8,35.01,30.85457348,10.00
7171,25.16,29.8,35.01,29.19925117,10.00
7172,25.16,29.8,35.01,23.78377236,10.00
7173,25.16,29.8,35.01,29.76415835,10.00
7174,25.16,29.8,35.01,17.69220462,10.00
7175,25.16,29.8,35.01,24.26656072,10.00
7176,25.16,29.8,35.01,22.44177107,10.00
7177,25.16,29.8,35.01,22.19412931,10.00
7178,25.16,29.8,35.01,22.18387888,10.00
7179,25.16,29.8,16.04,18.16200927,10.00
7180,25.16,29.8,16.04,11.40150075,10.00
7181,25.16,29.8,16.04,9.320816647,10.00
7182,25.16,29.8,16.04,23.83082522,10.00
7183,25.16,29.8,16.04,17.43059519,10.00
7184,25.16,29.8,16.04,23.26309554,10.00
7185,25.16,29.8,35.01,18.19270659,10.00
7186,25.16,29.8,35.01,14.05282869,10.00
7187,25.16,29.8,35.01,20.75935918,10.00
7188,25.16,29.8,35.01,24.73586566,10.00
7189,25.16,29.8,35.01,16.33746704,10.00
7190,25.16,29.8,35.01,15.60619518,10.00
7191,25.16,29.8,35.01,23.36529863,10.00
7192,25.16,29.8,35.01,18.77145158,10.00
7193,25.16,29.8,35.01,20.06137711,10.00
7194,25.16,29.8,35.01,14.65365268,10.00
7195,25.16,29.8,35.01,28.13925188,10.00
7196,25.16,29.8,35.01,13.959747,10.00
7197,25.16,29.8,35.01,5.000760106,10.00
7198,25.16,29.8,35.01,14.51686728,10.00
7199,25.16,29.8,35.01,19.28089952,10.00
7200,25.16,14.6,16.04,11.0726595,10.00
7201,25.16,14.6,16.04,9.913693309,10.00
7202,25.16,14.6,16.04,14.78934544,10.00
7203,25.16,14.6,16.04,9.512619395,10.00
7204,25.16,14.6,16.04,20.81477591,10.00
7205,25.16,14.6,16.04,20.30307249,10.00
7206,25.16,14.6,16.04,19.68618572,10.00
7207,25.16,14.6,16.04,14.17480267,10.00
7208,25.16,14.6,16.04,9.918257787,10.00
7209,25.16,14.6,16.04,9.379579513,10.00
7210,25.16,14.6,16.04,17.23058453,10.00
7211,25.16,14.6,16.04,22.83018736,10.00
7212,25.16,14.6,16.04,24.15599622,10.00
7213,25.16,14.6,16.04,31.81333384,10.00
7214,25.16,29.8,35.01,30.56790743,10.00
7215,25.16,29.8,35.01,28.17940853,10.00
7216,25.16,29.8,35.01,23.53256329,10.00
7217,25.16,29.8,35.01,19.09314301,10.00
7218,25.16,29.8,35.01,31.10564139,10.00
7219,25.16,29.8,35.01,29.43684949,10.00
7220,25.16,29.8,35.01,23.97730419,10.00
7221,25.16,29.8,35.01,30.0063534,10.00
7222,25.16,29.8,35.01,17.83616852,10.00
7223,25.16,29.8,35.01,24.46402106,10.00
7224,25.16,29.8,35.01,22.62438285,10.00
7225,25.16,29.8,35.01,22.374726,10.00
7226,25.16,29.8,35.01,22.36439215,10.00
7227,25.16,29.8,16.04,18.30979604,10.00
7228,25.16,29.8,16.04,11.49427633,10.00
7229,25.16,29.8,16.04,9.396661415,10.00
7230,25.16,29.8,16.04,24.02473993,10.00
7231,25.16,29.8,16.04,17.57243034,10.00
7232,25.16,29.8,16.04,23.45239055,10.00
7233,25.16,29.8,35.01,18.34074315,10.00
7234,25.16,29.8,35.01,14.16717849,10.00
7235,25.16,29.8,35.01,20.92828094,10.00
7236,25.16,29.8,35.01,24.9371448,10.00
7237,25.16,29.8,35.01,16.47040725,10.00
7238,25.16,29.8,35.01,15.73318494,10.00
7239,25.16,29.8,35.01,23.55542528,10.00
7240,25.16,29.8,35.01,18.92419747,10.00
7241,25.16,29.8,35.01,20.2246193,10.00
7242,25.16,29.8,35.01,14.77289147,10.00
7243,25.16,29.8,35.01,28.36822485,10.00
7244,25.16,29.8,35.01,14.05287205,10.00
7245,25.16,29.8,35.01,5.034120025,10.00
7246,25.16,29.8,35.01,14.61370886,10.00
7247,25.16,29.8,35.01,19.40952182,10.00
7248,25.16,14.6,16.04,11.28785752,10.00
7249,25.16,14.6,16.04,10.10636674,10.00
7250,25.16,14.6,16.04,15.07677756,10.00
7251,25.16,14.6,16.04,9.697497917,10.00
7252,25.16,14.6,16.04,21.21931275,10.00
7253,25.16,14.6,16.04,20.69766433,10.00
7254,25.16,14.6,16.04,20.06878832,10.00
7255,25.16,14.6,16.04,14.4502911,10.00
7256,25.16,14.6,16.04,10.11101992,10.00
7257,25.16,14.6,16.04,9.561872395,10.00
7258,25.16,14.6,16.04,17.56546232,10.00
7259,25.16,14.6,16.04,23.27389389,10.00
7260,25.16,14.6,16.04,24.72781962,10.00
7261,25.16,14.6,16.04,32.56642257,10.00
7262,25.16,29.8,35.01,31.29151429,10.00
7263,25.16,29.8,35.01,28.84647458,10.00
7264,25.16,29.8,35.01,24.08962871,10.00
7265,25.16,29.8,35.01,19.54511799,10.00
7266,25.16,29.8,35.01,31.84197755,10.00
7267,25.16,29.8,35.01,30.13368183,10.00
7268,25.16,29.8,35.01,24.54489756,10.00
7269,25.16,29.8,35.01,30.71666709,10.00
7270,25.16,29.8,35.01,18.25838826,10.00
7271,25.16,29.8,35.01,25.04313605,10.00
7272,25.16,29.8,35.01,23.15994972,10.00
7273,25.16,29.8,35.01,22.90438297,10.00
7274,25.16,29.8,35.01,22.8938045,10.00
7275,25.16,29.8,16.04,18.74322754,10.00
7276,25.16,29.8,16.04,11.7663701,10.00
7277,25.16,29.8,16.04,9.619100215,10.00
7278,25.16,29.8,16.04,24.59345621,10.00
7279,25.16,29.8,16.04,17.98840684,10.00
7280,25.16,29.8,16.04,24.00755811,10.00
7281,25.16,29.8,35.01,18.77490724,10.00
7282,25.16,29.8,35.01,14.5025455,10.00
7283,25.16,29.8,35.01,21.42369751,10.00
7284,25.16,29.8,35.01,25.52745963,10.00
7285,25.16,29.8,35.01,16.86029654,10.00
7286,25.16,29.8,35.01,16.10562262,10.00
7287,25.16,29.8,35.01,24.11303189,10.00
7288,25.16,29.8,35.01,19.37217315,10.00
7289,25.16,29.8,35.01,20.7033787,10.00
7290,25.16,29.8,35.01,15.12259698,10.00
7291,25.16,29.8,35.01,29.03976058,10.00
7292,25.16,29.8,35.01,14.32599074,10.00
7293,25.16,29.8,35.01,5.131958553,10.00
7294,25.16,29.8,35.01,14.89772747,10.00
7295,25.16,29.8,35.01,19.78674743,10.00
7296,25.16,14.6,16.04,11.44765074,10.00
7297,25.16,14.6,16.04,10.24943452,10.00
7298,25.16,14.6,16.04,15.2902075,10.00
7299,25.16,14.6,16.04,9.834777676,10.00
7300,25.16,14.6,16.04,21.51969767,10.00
7301,25.16,14.6,16.04,20.99066469,10.00
7302,25.16,14.6,16.04,20.35288618,10.00
7303,25.16,14.6,16.04,14.65485237,10.00
7304,25.16,14.6,16.04,10.25415358,10.00
7305,25.16,14.6,16.04,9.697232211,10.00
7306,25.16,14.6,16.04,17.81412259,10.00
7307,25.16,14.6,16.04,23.60336388,10.00
7308,25.16,14.6,16.04,25.15242155,10.00
7309,25.16,14.6,16.04,33.12562133,10.00
7310,25.16,29.8,35.01,31.82882157,10.00
7311,25.16,29.8,35.01,29.34179803,10.00
7312,25.16,29.8,35.01,24.50327225,10.00
7313,25.16,29.8,35.01,19.88072764,10.00
7314,25.16,29.8,35.01,32.38873684,10.00
7315,25.16,29.8,35.01,30.65110794,10.00
7316,25.16,29.8,35.01,24.96635854,10.00
7317,25.16,29.8,35.01,31.24410365,10.00
7318,25.16,29.8,35.01,18.57190344,10.00
7319,25.16,29.8,35.01,25.47315229,10.00
7320,25.16,29.8,35.01,23.55762972,10.00
7321,25.16,29.8,35.01,23.29767463,10.00
7322,25.16,29.8,35.01,23.28691452,10.00
7323,25.16,29.8,16.04,19.06506791,10.00
7324,25.16,29.8,16.04,11.9684107,10.00
7325,25.16,29.8,16.04,9.784269996,10.00
7326,25.16,29.8,16.04,25.01575098,10.00
7327,25.16,29.8,16.04,18.29728617,10.00
7328,25.16,29.8,16.04,24.41979242,10.00
7329,25.16,29.8,35.01,19.09729158,10.00
7330,25.16,29.8,35.01,14.75156902,10.00
7331,25.16,29.8,35.01,21.79156429,10.00
7332,25.16,29.8,35.01,25.9657922,10.00
7333,25.16,29.8,35.01,17.14980506,10.00
7334,25.16,29.8,35.01,16.38217262,10.00
7335,25.16,29.8,35.01,24.52707729,10.00
7336,25.16,29.8,35.01,19.70481316,10.00
7337,25.16,29.8,35.01,21.05887687,10.00
7338,25.16,29.8,35.01,15.38226743,10.00
7339,25.16,29.8,35.01,29.53840294,10.00
7340,25.16,29.8,35.01,14.52879239,10.00
7341,25.16,29.8,35.01,5.204607605,10.00
7342,25.16,29.8,35.01,15.10862274,10.00
7343,25.16,29.8,35.01,20.06685267,10.00
7344,25.16,14.6,16.04,11.81226879,10.00
7345,25.16,14.6,16.04,10.5758883,10.00
7346,25.16,14.6,16.04,15.77721446,10.00
7347,25.16,14.6,16.04,10.14802426,10.00
7348,25.16,14.6,16.04,22.20511954,10.00
7349,25.16,14.6,16.04,21.65923638,10.00
7350,25.16,14.6,16.04,21.00114405,10.00
7351,25.16,14.6,16.04,15.1216227,10.00
7352,25.16,14.6,16.04,10.58075767,10.00
7353,25.16,14.6,16.04,10.00609784,10.00
7354,25.16,14.6,16.04,18.38151854,10.00
7355,25.16,14.6,16.04,24.35515241,10.00
7356,25.16,14.6,16.04,26.12128327,10.00
7357,25.16,14.6,16.04,34.40160767,10.00
7358,25.16,29.8,35.01,33.05485568,10.00
7359,25.16,29.8,35.01,30.47203294,10.00
7360,25.16,29.8,35.01,25.44712899,10.00
7361,25.16,29.8,35.01,20.64652572,10.00
7362,25.16,29.8,35.01,33.63633868,10.00
7363,25.16,29.8,35.01,31.83177697,10.00
7364,25.16,29.8,35.01,25.92805318,10.00
7365,25.16,29.8,35.01,32.44761465,10.00
7366,25.16,29.8,35.01,19.28728611,10.00
7367,25.16,29.8,35.01,26.45436844,10.00
7368,25.16,29.8,35.01,24.46506067,10.00
7369,25.16,29.8,35.01,24.1950922,10.00
7370,25.16,29.8,35.01,24.18391762,10.00
7371,25.16,29.8,16.04,19.79944708,10.00
7372,25.16,29.8,16.04,12.42942933,10.00
7373,25.16,29.8,16.04,10.16115636,10.00
7374,25.16,29.8,16.04,25.9793482,10.00
7375,25.16,29.8,16.04,19.00209068,10.00
7376,25.16,29.8,16.04,25.36043354,10.00
7377,25.16,29.8,35.01,19.83291199,10.00
7378,25.16,29.8,35.01,15.31979386,10.00
7379,25.16,29.8,35.01,22.63096706,10.00
7380,25.16,29.8,35.01,26.96598465,10.00
7381,25.16,29.8,35.01,17.81040904,10.00
7382,25.16,29.8,35.01,17.01320769,10.00
7383,25.16,29.8,35.01,25.47185099,10.00
7384,25.16,29.8,35.01,20.46383507,10.00
7385,25.16,29.8,35.01,21.87005681,10.00
7386,25.16,29.8,35.01,15.97478652,10.00
7387,25.16,29.8,35.01,30.676211,10.00
7388,25.16,29.8,35.01,14.9915476,10.00
7389,25.16,29.8,35.01,5.370379074,10.00
7390,25.16,29.8,35.01,15.58984606,10.00
7391,25.16,29.8,35.01,20.70600011,10.00
7392,25.16,14.6,16.04,11.12829064,10.00
7393,25.16,14.6,16.04,9.963501589,10.00
7394,25.16,14.6,16.04,14.86364992,10.00
7395,25.16,14.6,16.04,9.560412603,10.00
7396,25.16,14.6,16.04,20.9193533,10.00
7397,25.16,14.6,16.04,20.40507898,10.00
7398,25.16,14.6,16.04,19.78509286,10.00
7399,25.16,14.6,16.04,14.24601958,10.00
7400,25.16,14.6,16.04,9.968089,10.00
7401,25.16,14.6,16.04,9.426704304,10.00
7402,25.16,14.6,16.04,17.31715426,10.00
7403,25.16,14.6,16.04,22.94489057,10.00
7404,25.16,14.6,16.04,24.3038191,10.00
7405,25.16,14.6,16.04,32.00801587,10.00
7406,25.16,29.8,35.01,30.75496806,10.00
7407,25.16,29.8,35.01,28.35185272,10.00
7408,25.16,29.8,35.01,23.67657106,10.00
7409,25.16,29.8,35.01,19.20998371,10.00
7410,25.16,29.8,35.01,31.29599269,10.00
7411,25.16,29.8,35.01,29.61698861,10.00
7412,25.16,29.8,35.01,24.12403356,10.00
7413,25.16,29.8,35.01,30.1899776,10.00
7414,25.16,29.8,35.01,17.94531714,10.00
7415,25.16,29.8,35.01,24.6137289,10.00
7416,25.16,29.8,35.01,22.762833,10.00
7417,25.16,29.8,35.01,22.51164837,10.00
7418,25.16,29.8,35.01,22.50125129,10.00
7419,25.16,29.8,16.04,18.42184303,10.00
7420,25.16,29.8,16.04,11.56461567,10.00
7421,25.16,29.8,16.04,9.454164384,10.00
7422,25.16,29.8,16.04,24.17175958,10.00
7423,25.16,29.8,16.04,17.67996502,10.00
7424,25.16,29.8,16.04,23.5959077,10.00
7425,25.16,29.8,35.01,18.45297952,10.00
7426,25.16,29.8,35.01,14.25387469,10.00
7427,25.16,29.8,35.01,21.05635178,10.00
7428,25.16,29.8,35.01,25.08974793,10.00
7429,25.16,29.8,35.01,16.57119809,10.00
7430,25.16,29.8,35.01,15.82946433,10.00
7431,25.16,29.8,35.01,23.69957296,10.00
7432,25.16,29.8,35.01,19.0400043,10.00
7433,25.16,29.8,35.01,20.34838407,10.00
7434,25.16,29.8,35.01,14.86329434,10.00
7435,25.16,29.8,35.01,28.5418245,10.00
7436,25.16,29.8,35.01,14.12347635,10.00
7437,25.16,29.8,35.01,5.059412402,10.00
7438,25.16,29.8,35.01,14.68713091,10.00
7439,25.16,29.8,35.01,19.50703895,10.00
7440,25.16,14.6,16.04,10.90830315,10.00
7441,25.16,14.6,16.04,9.766540007,10.00
7442,25.16,14.6,16.04,14.56982069,10.00
7443,25.16,14.6,16.04,9.371419409,10.00
7444,25.16,14.6,16.04,20.50581305,10.00
7445,25.16,14.6,16.04,20.00170507,10.00
7446,25.16,14.6,16.04,19.39397502,10.00
7447,25.16,14.6,16.04,13.96439985,10.00
7448,25.16,14.6,16.04,9.771036732,10.00
7449,25.16,14.6,16.04,9.240354297,10.00
7450,25.16,14.6,16.04,16.9748234,10.00
7451,25.16,14.6,16.04,22.49130887,10.00
7452,25.16,14.6,16.04,23.71926915,10.00
7453,25.16,14.6,16.04,31.23816634,10.00
7454,25.16,29.8,35.01,30.01525655,10.00
7455,25.16,29.8,35.01,27.66994039,10.00
7456,25.16,29.8,35.01,23.10710754,10.00
7457,25.16,29.8,35.01,18.74794954,10.00
7458,25.16,29.8,35.01,30.54326858,10.00
7459,25.16,29.8,35.01,28.90464751,10.00
7460,25.16,29.8,35.01,23.54380777,10.00
7461,25.16,29.8,35.01,29.4638551,10.00
7462,25.16,29.8,35.01,17.51370044,10.00
7463,25.16,29.8,35.01,24.02172507,10.00
7464,25.16,29.8,35.01,22.2153465,10.00
7465,25.16,29.8,35.01,21.97020331,10.00
7466,25.16,29.8,35.01,21.9600563,10.00
7467,25.16,29.8,16.04,17.97876504,10.00
7468,25.16,29.8,16.04,11.28646616,10.00
7469,25.16,29.8,16.04,9.226774967,10.00
7470,25.16,29.8,16.04,23.5903859,10.00
7471,25.16,29.8,16.04,17.25473051,10.00
7472,25.16,29.8,16.04,23.02838428,10.00
7473,25.16,29.8,35.01,18.00915265,10.00
7474,25.16,29.8,35.01,13.91104373,10.00
7475,25.16,29.8,35.01,20.54990918,10.00
7476,25.16,29.8,35.01,24.486295,10.00
7477,25.16,29.8,35.01,16.17263139,10.00
7478,25.16,29.8,35.01,15.44873765,10.00
7479,25.16,29.8,35.01,23.1295562,10.00
7480,25.16,29.8,35.01,18.58205843,10.00
7481,25.16,29.8,35.01,19.85896935,10.00
7482,25.16,29.8,35.01,14.50580575,10.00
7483,25.16,29.8,35.01,27.85534301,10.00
7484,25.16,29.8,35.01,13.8442791,10.00
7485,25.16,29.8,35.01,4.959396372,10.00
7486,25.16,29.8,35.01,14.39679117,10.00
7487,25.16,29.8,35.01,19.12141776,10.00
7488,25.16,14.6,16.04,11.16720031,10.00
7489,25.16,14.6,16.04,9.998338615,10.00
7490,25.16,14.6,16.04,14.91562014,10.00
7491,25.16,14.6,16.04,9.593840243,10.00
7492,25.16,14.6,16.04,20.99249707,10.00
7493,25.16,14.6,16.04,20.47642461,10.00
7494,25.16,14.6,16.04,19.85427072,10.00
7495,25.16,14.6,16.04,14.29583027,10.00
7496,25.16,14.6,16.04,10.00294206,10.00
7497,25.16,14.6,16.04,9.459664437,10.00
7498,25.16,14.6,16.04,17.37770307,10.00
7499,25.16,14.6,16.04,23.02511655,10.00
7500,25.16,14.6,16.04,24.40720973,10.00
7501,25.16,14.6,16.04,32.14418085,10.00
7502,25.16,29.8,35.01,30.88580245,10.00
7503,25.16,29.8,35.01,28.47246405,10.00
7504,25.16,29.8,35.01,23.77729331,10.00
7505,25.16,29.8,35.01,19.2917047,10.00
7506,25.16,29.8,35.01,31.42912865,10.00
7507,25.16,29.8,35.01,29.74298193,10.00
7508,25.16,29.8,35.01,24.22665936,10.00
7509,25.16,29.8,35.01,30.31840847,10.00
7510,25.16,29.8,35.01,18.02165813,10.00
7511,25.16,29.8,35.01,24.71843791,10.00
7512,25.16,29.8,35.01,22.85966813,10.00
7513,25.16,29.8,35.01,22.60741494,10.00
7514,25.16,29.8,35.01,22.59697363,10.00
7515,25.16,29.8,16.04,18.5002112,10.00
7516,25.16,29.8,16.04,11.61381258,10.00
7517,25.16,29.8,16.04,9.494383248,10.00
7518,25.16,29.8,16.04,24.27458841,10.00
7519,25.16,29.8,16.04,17.75517718,10.00
7520,25.16,29.8,16.04,23.69628681,10.00
7521,25.16,29.8,35.01,18.53148015,10.00
7522,25.16,29.8,35.01,14.31451195,10.00
7523,25.16,29.8,35.01,21.14592739,10.00
7524,25.16,29.8,35.01,25.19648196,10.00
7525,25.16,29.8,35.01,16.64169345,10.00
7526,25.16,29.8,35.01,15.89680429,10.00
7527,25.16,29.8,35.01,23.80039307,10.00
7528,25.16,29.8,35.01,19.12100218,10.00
7529,25.16,29.8,35.01,20.43494792,10.00
7530,25.16,29.8,35.01,14.92652413,10.00
7531,25.16,29.8,35.01,28.66324398,10.00
7532,25.16,29.8,35.01,14.17285858,10.00
7533,25.16,29.8,35.01,5.077102455,10.00
7534,25.16,29.8,35.01,14.73848394,10.00
7535,25.16,29.8,35.01,19.57524461,10.00
7536,25.16,14.6,16.04,11.22564097,10.00
7537,25.16,14.6,16.04,10.05066233,10.00
7538,25.16,14.6,16.04,14.99367718,10.00
7539,25.16,14.6,16.04,9.644047124,10.00
7540,25.16,14.6,16.04,21.10235587,10.00
7541,25.16,14.6,16.04,20.58358268,10.00
7542,25.16,14.6,16.04,19.95817291,10.00
7543,25.16,14.6,16.04,14.3706438,10.00
7544,25.16,14.6,16.04,10.05528987,10.00
7545,25.16,14.6,16.04,9.509169144,10.00
7546,25.16,14.6,16.04,17.46864478,10.00
7547,25.16,14.6,16.04,23.14561254,10.00
7548,25.16,14.6,16.04,24.56249801,10.00
7549,25.16,14.6,16.04,32.34869479,10.00
7550,25.16,29.8,35.01,31.0823101,10.00
7551,25.16,29.8,35.01,28.65361708,10.00
7552,25.16,29.8,35.01,23.92857383,10.00
7553,25.16,29.8,35.01,19.41444613,10.00
7554,25.16,29.8,35.01,31.62909316,10.00
7555,25.16,29.8,35.01,29.93221851,10.00
7556,25.16,29.8,35.01,24.38079891,10.00
7557,25.16,29.8,35.01,30.51130613,10.00
7558,25.16,29.8,35.01,18.13631902,10.00
7559,25.16,29.8,35.01,24.87570635,10.00
7560,25.16,29.8,35.01,23.00511035,10.00
7561,25.16,29.8,35.01,22.75125223,10.00
7562,25.16,29.8,35.01,22.74074448,10.00
7563,25.16,29.8,16.04,18.61791683,10.00
7564,25.16,29.8,16.04,11.68770424,10.00
7565,25.16,29.8,16.04,9.554790256,10.00
7566,25.16,29.8,16.04,24.42903291,10.00
7567,25.16,29.8,16.04,17.86814261,10.00
7568,25.16,29.8,16.04,23.84705193,10.00
7569,25.16,29.8,35.01,18.64938473,10.00
7570,25.16,29.8,35.01,14.40558652,10.00
7571,25.16,29.8,35.01,21.28046611,10.00
7572,25.16,29.8,35.01,25.35679191,10.00
7573,25.16,29.8,35.01,16.74757446,10.00
7574,25.16,29.8,35.01,15.99794603,10.00
7575,25.16,29.8,35.01,23.95182055,10.00
7576,25.16,29.8,35.01,19.24265753,10.00
7577,25.16,29.8,35.01,20.56496311,10.00
7578,25.16,29.8,35.01,15.02149255,10.00
7579,25.16,29.8,35.01,28.84561084,10.00
7580,25.16,29.8,35.01,14.24702856,10.00
7581,25.16,29.8,35.01,5.103672158,10.00
7582,25.16,29.8,35.01,14.81561398,10.00
7583,25.16,29.8,35.01,19.67768659,10.00
7584,25.16,14.6,16.04,10.92474429,10.00
7585,25.16,14.6,16.04,9.781260261,10.00
7586,25.16,14.6,16.04,14.59178051,10.00
7587,25.16,14.6,16.04,9.385544131,10.00
7588,25.16,14.6,16.04,20.53671967,10.00
7589,25.16,14.6,16.04,20.03185189,10.00
7590,25.16,14.6,16.04,19.42320587,10.00
7591,25.16,14.6,16.04,13.98544717,10.00
7592,25.16,14.6,16.04,9.785763763,10.00
7593,25.16,14.6,16.04,9.254281476,10.00
7594,25.16,14.6,16.04,17.00040807,10.00
7595,25.16,14.6,16.04,22.52520806,10.00
7596,25.16,14.6,16.04,23.76295647,10.00
7597,25.16,14.6,16.04,31.29570233,10.00
7598,25.16,29.8,35.01,30.07054012,10.00
7599,25.16,29.8,35.01,27.72090425,10.00
7600,25.16,29.8,35.01,23.14966735,10.00
7601,25.16,29.8,35.01,18.78248043,10.00
7602,25.16,29.8,35.01,30.59952467,10.00
7603,25.16,29.8,35.01,28.95788552,10.00
7604,25.16,29.8,35.01,23.58717192,10.00
7605,25.16,29.8,35.01,29.51812308,10.00
7606,25.16,29.8,35.01,17.54595804,10.00
7607,25.16,29.8,35.01,24.06596947,10.00
7608,25.16,29.8,35.01,22.25626382,10.00
7609,25.16,29.8,35.01,22.01066911,10.00
7610,25.16,29.8,35.01,22.00050341,10.00
7611,25.16,29.8,16.04,18.01187921,10.00
7612,25.16,29.8,16.04,11.30725413,10.00
7613,25.16,29.8,16.04,9.243769295,10.00
7614,25.16,29.8,16.04,23.63383583,10.00
7615,25.16,29.8,16.04,17.28651112,10.00
7616,25.16,29.8,16.04,23.07079909,10.00
7617,25.16,29.8,35.01,18.04232279,10.00
7618,25.16,29.8,35.01,13.93666578,10.00
7619,25.16,29.8,35.01,20.58775902,10.00
7620,25.16,29.8,35.01,24.53139506,10.00
7621,25.16,29.8,35.01,16.20241894,10.00
7622,25.16,29.8,35.01,15.47719189,10.00
7623,25.16,29.8,35.01,23.17215736,10.00
7624,25.16,29.8,35.01,18.61628378,10.00
7625,25.16,29.8,35.01,19.89554658,10.00
7626,25.16,29.8,35.01,14.53252326,10.00
7627,25.16,29.8,35.01,27.90664835,10.00
7628,25.16,29.8,35.01,13.86514537,10.00
7629,25.16,29.8,35.01,4.966871237,10.00
7630,25.16,29.8,35.01,14.41849019,10.00
7631,25.16,29.8,35.01,19.15023781,10.00
7632,25.16,14.6,16.04,10.86022794,10.00
7633,25.16,14.6,16.04,9.723496788,10.00
7634,25.16,14.6,16.04,14.50560839,10.00
7635,25.16,14.6,16.04,9.33011757,10.00
7636,25.16,14.6,16.04,20.41543957,10.00
7637,25.16,14.6,16.04,19.9135533,10.00
7638,25.16,14.6,16.04,19.30850165,10.00
7639,25.16,14.6,16.04,13.90285577,10.00
7640,25.16,14.6,16.04,9.727973695,10.00
7641,25.16,14.6,16.04,9.19963009,10.00
7642,25.16,14.6,16.04,16.90001174,10.00
7643,25.16,14.6,16.04,22.39218489,10.00
7644,25.16,14.6,16.04,23.59152388,10.00
7645,25.16,14.6,16.04,31.06992641,10.00
7646,25.16,29.8,35.01,29.85360286,10.00
7647,25.16,29.8,35.01,27.52091792,10.00
7648,25.16,29.8,35.01,22.9826592,10.00
7649,25.16,29.8,35.01,18.64697838,10.00
7650,25.16,29.8,35.01,30.37877117,10.00
7651,25.16,29.8,35.01,28.74897526,10.00
7652,25.16,29.8,35.01,23.41700748,10.00
7653,25.16,29.8,35.01,29.30517111,10.00
7654,25.16,29.8,35.01,17.41937661,10.00
7655,25.16,29.8,35.01,23.89235086,10.00
7656,25.16,29.8,35.01,22.09570093,10.00
7657,25.16,29.8,35.01,21.85187801,10.00
7658,25.16,29.8,35.01,21.84178565,10.00
7659,25.16,29.8,16.04,17.88193649,10.00
7660,25.16,29.8,16.04,11.22568045,10.00
7661,25.16,29.8,16.04,9.177082167,10.00
7662,25.16,29.8,16.04,23.46333475,10.00
7663,25.16,29.8,16.04,17.16180141,10.00
7664,25.16,29.8,16.04,22.90435992,10.00
7665,25.16,29.8,35.01,17.91216044,10.00
7666,25.16,29.8,35.01,13.83612278,10.00
7667,25.16,29.8,35.01,20.43923318,10.00
7668,25.16,29.8,35.01,24.35441874,10.00
7669,25.16,29.8,35.01,16.08553017,10.00
7670,25.16,29.8,35.01,15.36553512,10.00
7671,25.16,29.8,35.01,23.00498696,10.00
7672,25.16,29.8,35.01,18.48198072,10.00
7673,25.16,29.8,35.01,19.75201456,10.00
7674,25.16,29.8,35.01,14.42768159,10.00
7675,25.16,29.8,35.01,27.70532201,10.00
7676,25.16,29.8,35.01,13.78326441,10.00
7677,25.16,29.8,35.01,4.937539257,10.00
7678,25.16,29.8,35.01,14.33334144,10.00
7679,25.16,29.8,35.01,19.03714561,10.00
7680,25.16,14.6,16.04,10.8632897,10.00
7681,25.16,14.6,16.04,9.726238078,10.00
7682,25.16,14.6,16.04,14.50969788,10.00
7683,25.16,14.6,16.04,9.332747957,10.00
7684,25.16,14.6,16.04,20.42119518,10.00
7685,25.16,14.6,16.04,19.91916741,10.00
7686,25.16,14.6,16.04,19.31394518,10.00
7687,25.16,14.6,16.04,13.90677533,10.00
7688,25.16,14.6,16.04,9.730716247,10.00
7689,25.16,14.6,16.04,9.202223689,10.00
7690,25.16,14.6,16.04,16.90477626,10.00
7691,25.16,14.6,16.04,22.39849779,10.00
7692,25.16,14.6,16.04,23.59965958,10.00
7693,25.16,14.6,16.04,31.08064109,10.00
7694,25.16,29.8,35.01,29.86389809,10.00
7695,25.16,29.8,35.01,27.5304087,10.00
7696,25.16,29.8,35.01,22.99058493,10.00
7697,25.16,29.8,35.01,18.65340892,10.00
7698,25.16,29.8,35.01,30.3892475,10.00
7699,25.16,29.8,35.01,28.75888954,10.00
7700,25.16,29.8,35.01,23.425083,10.00
7701,25.16,29.8,35.01,29.31527721,10.00
7702,25.16,29.8,35.01,17.4253838,10.00
7703,25.16,29.8,35.01,23.9005903,10.00
7704,25.16,29.8,35.01,22.10332078,10.00
7705,25.16,29.8,35.01,21.85941378,10.00
7706,25.16,29.8,35.01,21.84931794,10.00
7707,25.16,29.8,16.04,17.88810321,10.00
7708,25.16,29.8,16.04,11.2295517,10.00
7709,25.16,29.8,16.04,9.180246948,10.00
7710,25.16,29.8,16.04,23.47142625,10.00
7711,25.16,29.8,16.04,17.16771978,10.00
7712,25.16,29.8,16.04,22.91225865,10.00
7713,25.16,29.8,35.01,17.91833758,10.00
7714,25.16,29.8,35.01,13.84089427,10.00
7715,25.16,29.8,35.01,20.4462818,10.00
7716,25.16,29.8,35.01,24.36281753,10.00
7717,25.16,29.8,35.01,16.09107738,10.00
7718,25.16,29.8,35.01,15.37083403,10.00
7719,25.16,29.8,35.01,23.01292039,10.00
7720,25.16,29.8,35.01,18.48835436,10.00
7721,25.16,29.8,35.01,19.75882618,10.00
7722,25.16,29.8,35.01,14.43265707,10.00
7723,25.16,29.8,35.01,27.71487639,10.00
7724,25.16,29.8,35.01,13.78715025,10.00
7725,25.16,29.8,35.01,4.938931269,10.00
7726,25.16,29.8,35.01,14.33738236,10.00
7727,25.16,29.8,35.01,19.04251264,10.00
7728,25.16,14.6,16.04,11.46611124,10.00
7729,25.16,14.6,16.04,10.26596278,10.00
7730,25.16,14.6,16.04,15.31486451,10.00
7731,25.16,14.6,16.04,9.850637253,10.00
7732,25.16,14.6,16.04,21.55440037,10.00
7733,25.16,14.6,16.04,21.02451427,10.00
7734,25.16,14.6,16.04,20.38570728,10.00
7735,25.16,14.6,16.04,14.67848481,10.00
7736,25.16,14.6,16.04,10.27068945,10.00
7737,25.16,14.6,16.04,9.712869983,10.00
7738,25.16,14.6,16.04,17.84284967,10.00
7739,25.16,14.6,16.04,23.6414267,10.00
7740,25.16,14.6,16.04,25.20147472,10.00
7741,25.16,14.6,16.04,33.19022412,10.00
7742,25.16,29.8,35.01,31.89089529,10.00
7743,25.16,29.8,35.01,29.39902147,10.00
7744,25.16,29.8,35.01,24.55105942,10.00
7745,25.16,29.8,35.01,19.91949976,10.00
7746,25.16,29.8,35.01,32.45190254,10.00
7747,25.16,29.8,35.01,30.71088484,10.00
7748,25.16,29.8,35.01,25.01504884,10.00
7749,25.16,29.8,35.01,31.30503704,10.00
7750,25.16,29.8,35.01,18.60812305,10.00
7751,25.16,29.8,35.01,25.52283096,10.00
7752,25.16,29.8,35.01,23.60357267,10.00
7753,25.16,29.8,35.01,23.3431106,10.00
7754,25.16,29.8,35.01,23.33232951,10.00
7755,25.16,29.8,16.04,19.1022493,10.00
7756,25.16,29.8,16.04,11.99175193,10.00
7757,25.16,29.8,16.04,9.803351636,10.00
7758,25.16,29.8,16.04,25.06453761,10.00
7759,25.16,29.8,16.04,18.33297021,10.00
7760,25.16,29.8,16.04,24.46741679,10.00
7761,25.16,29.8,35.01,19.13453581,10.00
7762,25.16,29.8,35.01,14.78033807,10.00
7763,25.16,29.8,35.01,21.83406299,10.00
7764,25.16,29.8,35.01,26.01643164,10.00
7765,25.16,29.8,35.01,17.18325124,10.00
7766,25.16,29.8,35.01,16.41412173,10.00
7767,25.16,29.8,35.01,24.57491089,10.00
7768,25.16,29.8,35.01,19.7432422,10.00
7769,25.16,29.8,35.01,21.09994666,10.00
7770,25.16,29.8,35.01,15.41226648,10.00
7771,25.16,29.8,35.01,29.59600981,10.00
7772,25.16,29.8,35.01,14.55222154,10.00
7773,25.16,29.8,35.01,5.213000563,10.00
7774,25.16,29.8,35.01,15.13298693,10.00
7775,25.16,29.8,35.01,20.0992125,10.00
7776,25.16,14.6,16.04,10.87241207,10.00
7777,25.16,14.6,16.04,9.734405611,10.00
7778,25.16,14.6,16.04,14.52188228,10.00
7779,25.16,14.6,16.04,9.34058506,10.00
7780,25.16,14.6,16.04,20.43834372,10.00
7781,25.16,14.6,16.04,19.93589438,10.00
7782,25.16,14.6,16.04,19.33016392,10.00
7783,25.16,14.6,16.04,13.91845343,10.00
7784,25.16,14.6,16.04,9.73888754,10.00
7785,25.16,14.6,16.04,9.209951185,10.00
7786,25.16,14.6,16.04,16.91897192,10.00
7787,25.16,14.6,16.04,22.41730675,10.00
7788,25.16,14.6,16.04,23.62389949,10.00
7789,25.16,14.6,16.04,31.11256494,10.00
7790,25.16,29.8,35.01,29.89457218,10.00
7791,25.16,29.8,35.01,27.558686,10.00
7792,25.16,29.8,35.01,23.01419924,10.00
7793,25.16,29.8,35.01,18.67256839,10.00
7794,25.16,29.8,35.01,30.4204612,10.00
7795,25.16,29.8,35.01,28.78842865,10.00
7796,25.16,29.8,35.01,23.4491436,10.00
7797,25.16,29.8,35.01,29.3453878,10.00
7798,25.16,29.8,35.01,17.44328193,10.00
7799,25.16,29.8,35.01,23.92513931,10.00
7800,25.16,29.8,35.01,22.12602376,10.00
7801,25.16,29.8,35.01,21.88186623,10.00
7802,25.16,29.8,35.01,21.87176002,10.00
7803,25.16,29.8,16.04,17.90647661,10.00
7804,25.16,29.8,16.04,11.24108591,10.00
7805,25.16,29.8,16.04,9.189676252,10.00
7806,25.16,29.8,16.04,23.49553445,10.00
7807,25.16,29.8,16.04,17.18535325,10.00
7808,25.16,29.8,16.04,22.93579251,10.00
7809,25.16,29.8,35.01,17.93674203,10.00
7810,25.16,29.8,35.01,13.85511066,10.00
7811,25.16,29.8,35.01,20.46728278,10.00
7812,25.16,29.8,35.01,24.38784131,10.00
7813,25.16,29.8,35.01,16.107605,10.00
7814,25.16,29.8,35.01,15.38662187,10.00
7815,25.16,29.8,35.01,23.03655764,10.00
7816,25.16,29.8,35.01,18.5073443,10.00
7817,25.16,29.8,35.01,19.77912106,10.00
7818,25.16,29.8,35.01,14.44748128,10.00
7819,25.16,29.8,35.01,27.74334316,10.00
7820,25.16,29.8,35.01,13.7987279,10.00
7821,25.16,29.8,35.01,4.943078699,10.00
7822,25.16,29.8,35.01,14.34942207,10.00
7823,25.16,29.8,35.01,19.05850344,10.00
7824,25.16,14.6,16.04,10.82442086,10.00
7825,25.16,14.6,16.04,9.691437609,10.00
7826,25.16,14.6,16.04,14.4577822,10.00
7827,25.16,14.6,16.04,9.299355396,10.00
7828,25.16,14.6,16.04,20.34812817,10.00
7829,25.16,14.6,16.04,19.84789666,10.00
7830,25.16,14.6,16.04,19.24483991,10.00
7831,25.16,14.6,16.04,13.8570169,10.00
7832,25.16,14.6,16.04,9.695899756,10.00
7833,25.16,14.6,16.04,9.169298144,10.00
7834,25.16,14.6,16.04,16.84429099,10.00
7835,25.16,14.6,16.04,22.31835599,10.00
7836,25.16,14.6,16.04,23.49637745,10.00
7837,25.16,14.6,16.04,30.94461901,10.00
7838,25.16,29.8,35.01,29.73320099,10.00
7839,25.16,29.8,35.01,27.40992394,10.00
7840,25.16,29.8,35.01,22.88996837,10.00
7841,25.16,29.8,35.01,18.57177369,10.00
7842,25.16,29.8,35.01,30.25625125,10.00
7843,25.16,29.8,35.01,28.63302843,10.00
7844,25.16,29.8,35.01,23.32256489,10.00
7845,25.16,29.8,35.01,29.18698111,10.00
7846,25.16,29.8,35.01,17.34912292,10.00
7847,25.16,29.8,35.01,23.79599117,10.00
7848,25.16,29.8,35.01,22.00658727,10.00
7849,25.16,29.8,35.01,21.76374771,10.00
7850,25.16,29.8,35.01,21.75369605,10.00
7851,25.16,29.8,16.04,17.80981727,10.00
7852,25.16,29.8,16.04,11.18040641,10.00
7853,25.16,29.8,16.04,9.140070289,10.00
7854,25.16,29.8,16.04,23.36870532,10.00
7855,25.16,29.8,16.04,17.09258655,10.00
7856,25.16,29.8,16.04,22.81198487,10.00
7857,25.16,29.8,35.01,17.83991932,10.00
7858,25.16,29.8,35.01,13.78032064,10.00
7859,25.16,29.8,35.01,20.35680019,10.00
7860,25.16,29.8,35.01,24.2561955,10.00
7861,25.16,29.8,35.01,16.02065599,10.00
7862,25.16,29.8,35.01,15.30356473,10.00
7863,25.16,29.8,35.01,22.91220608,10.00
7864,25.16,29.8,35.01,18.40744147,10.00
7865,25.16,29.8,35.01,19.67235317,10.00
7866,25.16,29.8,35.01,14.36949364,10.00
7867,25.16,29.8,35.01,27.59358432,10.00
7868,25.16,29.8,35.01,13.73781984,10.00
7869,25.16,29.8,35.01,4.921259779,10.00
7870,25.16,29.8,35.01,14.28608322,10.00
7871,25.16,29.8,35.01,18.97437855,10.00
7872,25.16,14.6,16.04,11.00915665,10.00
7873,25.16,14.6,16.04,9.856837255,10.00
7874,25.16,14.6,16.04,14.70452702,10.00
7875,25.16,14.6,16.04,9.458063541,10.00
7876,25.16,14.6,16.04,20.69540102,10.00
7877,25.16,14.6,16.04,20.18663227,10.00
7878,25.16,14.6,16.04,19.57328341,10.00
7879,25.16,14.6,16.04,14.09350872,10.00
7880,25.16,14.6,16.04,9.861375555,10.00
7881,25.16,14.6,16.04,9.325786657,10.00
7882,25.16,14.6,16.04,17.13176535,10.00
7883,25.16,14.6,16.04,22.69925388,10.00
7884,25.16,14.6,16.04,23.9872567,10.00
7885,25.16,14.6,16.04,31.59110468,10.00
7886,25.16,29.8,35.01,30.35437808,10.00
7887,25.16,29.8,35.01,27.98256383,10.00
7888,25.16,29.8,35.01,23.3681787,10.00
7889,25.16,29.8,35.01,18.95976959,10.00
7890,25.16,29.8,35.01,30.88835575,10.00
7891,25.16,29.8,35.01,29.23122105,10.00
7892,25.16,29.8,35.01,23.8098129,10.00
7893,25.16,29.8,35.01,29.79674674,10.00
7894,25.16,29.8,35.01,17.71157558,10.00
7895,25.16,29.8,35.01,24.29312986,10.00
7896,25.16,29.8,35.01,22.46634227,10.00
7897,25.16,29.8,35.01,22.21842938,10.00
7898,25.16,29.8,35.01,22.20816772,10.00
7899,25.16,29.8,16.04,18.18189462,10.00
7900,25.16,29.8,16.04,11.4139841,10.00
7901,25.16,29.8,16.04,9.331021888,10.00
7902,25.16,29.8,16.04,23.85691728,10.00
7903,25.16,29.8,16.04,17.44967973,10.00
7904,25.16,29.8,16.04,23.288566,10.00
7905,25.16,29.8,35.01,18.21262555,10.00
7906,25.16,29.8,35.01,14.06821495,10.00
7907,25.16,29.8,35.01,20.78208833,10.00
7908,25.16,29.8,35.01,24.76294864,10.00
7909,25.16,29.8,35.01,16.35535472,10.00
7910,25.16,29.8,35.01,15.6232822,10.00
7911,25.16,29.8,35.01,23.39088099,10.00
7912,25.16,29.8,35.01,18.7920042,10.00
7913,25.16,29.8,35.01,20.08334205,10.00
7914,25.16,29.8,35.01,14.66969678,10.00
7915,25.16,29.8,35.01,28.17006118,10.00
7916,25.16,29.8,35.01,13.97227738,10.00
7917,25.16,29.8,35.01,5.005248828,10.00
7918,25.16,29.8,35.01,14.52989773,10.00
7919,25.16,29.8,35.01,19.29820621,10.00
7920,25.16,14.6,16.04,10.928872,10.00
7921,25.16,14.6,16.04,9.78495593,10.00
7922,25.16,14.6,16.04,14.59729375,10.00
7923,25.16,14.6,16.04,9.389090287,10.00
7924,25.16,14.6,16.04,20.5444791,10.00
7925,25.16,14.6,16.04,20.03942056,10.00
7926,25.16,14.6,16.04,19.43054457,10.00
7927,25.16,14.6,16.04,13.99073132,10.00
7928,25.16,14.6,16.04,9.789461134,10.00
7929,25.16,14.6,16.04,9.257778036,10.00
7930,25.16,14.6,16.04,17.00683136,10.00
7931,25.16,14.6,16.04,22.53371879,10.00
7932,25.16,14.6,16.04,23.77392462,10.00
7933,25.16,14.6,16.04,31.31014733,10.00
7934,25.16,29.8,35.01,30.08441963,10.00
7935,25.16,29.8,35.01,27.73369925,10.00
7936,25.16,29.8,35.01,23.16035242,10.00
7937,25.16,29.8,35.01,18.79114976,10.00
7938,25.16,29.8,35.01,30.61364834,10.00
7939,25.16,29.8,35.01,28.97125146,10.00
7940,25.16,29.8,35.01,23.59805893,10.00
7941,25.16,29.8,35.01,29.53174761,10.00
7942,25.16,29.8,35.01,17.55405664,10.00
7943,25.16,29.8,35.01,24.07707748,10.00
7944,25.16,29.8,35.01,22.26653653,10.00
7945,25.16,29.8,35.01,22.02082846,10.00
7946,25.16,29.8,35.01,22.01065807,10.00
7947,25.16,29.8,16.04,18.02019286,10.00
7948,25.16,29.8,16.04,11.31247316,10.00
7949,25.16,29.8,16.04,9.248035894,10.00
7950,25.16,29.8,16.04,23.64474438,10.00
7951,25.16,29.8,16.04,17.29448997,10.00
7952,25.16,29.8,16.04,23.08144776,10.00
7953,25.16,29.8,35.01,18.05065049,10.00
7954,25.16,29.8,35.01,13.94309845,10.00
7955,25.16,29.8,35.01,20.5972616,10.00
7956,25.16,29.8,35.01,24.54271789,10.00
7957,25.16,29.8,35.01,16.2098974,10.00
7958,25.16,29.8,35.01,15.48433562,10.00
7959,25.16,29.8,35.01,23.18285281,10.00
7960,25.16,29.8,35.01,18.6248764,10.00
7961,25.16,29.8,35.01,19.90472966,10.00
7962,25.16,29.8,35.01,14.53923096,10.00
7963,25.16,29.8,35.01,27.91952908,10.00
7964,25.16,29.8,35.01,13.87038406,10.00
7965,25.16,29.8,35.01,4.968747878,10.00
7966,25.16,29.8,35.01,14.42393795,10.00
7967,25.16,29.8,35.01,19.15747337,10.00
7968,25.16,14.6,16.04,11.03706035,10.00
7969,25.16,14.6,16.04,9.881820296,10.00
7970,25.16,14.6,16.04,14.74179696,10.00
7971,25.16,14.6,16.04,9.482035854,10.00
7972,25.16,14.6,16.04,20.74785538,10.00
7973,25.16,14.6,16.04,20.23779711,10.00
7974,25.16,14.6,16.04,19.62289366,10.00
7975,25.16,14.6,16.04,14.12922998,10.00
7976,25.16,14.6,16.04,9.886370098,10.00
7977,25.16,14.6,16.04,9.349423702,10.00
7978,25.16,14.6,16.04,17.17518735,10.00
7979,25.16,14.6,16.04,22.75678719,10.00
7980,25.16,14.6,16.04,24.0614023,10.00
7981,25.16,14.6,16.04,31.68875409,10.00
7982,25.16,29.8,35.01,30.44820472,10.00
7983,25.16,29.8,35.01,28.06905909,10.00
7984,25.16,29.8,35.01,23.4404107,10.00
7985,25.16,29.8,35.01,19.01837503,10.00
7986,25.16,29.8,35.01,30.98383294,10.00
7987,25.16,29.8,35.01,29.32157596,10.00
7988,25.16,29.8,35.01,23.88341002,10.00
7989,25.16,29.8,35.01,29.88884971,10.00
7990,25.16,29.8,35.01,17.76632279,10.00
7991,25.16,29.8,35.01,24.36822093,10.00
7992,25.16,29.8,35.01,22.53578666,10.00
7993,25.16,29.8,35.01,22.28710746,10.00
7994,25.16,29.8,35.01,22.27681408,10.00
7995,25.16,29.8,16.04,18.2380956,10.00
7996,25.16,29.8,16.04,11.4492652,10.00
7997,25.16,29.8,16.04,9.359864463,10.00
7998,25.16,29.8,16.04,23.93066,10.00
7999,25.16,29.8,16.04,17.50361741,10.00
8000,25.16,29.8,16.04,23.36055192,10.00
8001,25.16,29.8,35.01,18.26892153,10.00
8002,25.16,29.8,35.01,14.11170038,10.00
8003,25.16,29.8,35.01,20.84632663,10.00
8004,25.16,29.8,35.01,24.83949194,10.00
8005,25.16,29.8,35.01,16.40590979,10.00
8006,25.16,29.8,35.01,15.67157441,10.00
8007,25.16,29.8,35.01,23.46318317,10.00
8008,25.16,29.8,35.01,18.85009106,10.00
8009,25.16,29.8,35.01,20.14542049,10.00
8010,25.16,29.8,35.01,14.71504142,10.00
8011,25.16,29.8,35.01,28.25713601,10.00
8012,25.16,29.8,35.01,14.00769137,10.00
8013,25.16,29.8,35.01,5.017935081,10.00
8014,25.16,29.8,35.01,14.56672507,10.00
8015,25.16,29.8,35.01,19.34711925,10.00
8016,25.16,14.6,16.04,10.83247032,10.00
8017,25.16,14.6,16.04,9.698644532,10.00
8018,25.16,14.6,16.04,14.46853355,10.00
8019,25.16,14.6,16.04,9.306270751,10.00
8020,25.16,14.6,16.04,20.36325981,10.00
8021,25.16,14.6,16.04,19.86265631,10.00
8022,25.16,14.6,16.04,19.25915111,10.00
8023,25.16,14.6,16.04,13.86732151,10.00
8024,25.16,14.6,16.04,9.703109996,10.00
8025,25.16,14.6,16.04,9.176116783,10.00
8026,25.16,14.6,16.04,16.85681705,10.00
8027,25.16,14.6,16.04,22.33495277,10.00
8028,25.16,14.6,16.04,23.51776643,10.00
8029,25.16,14.6,16.04,30.97278819,10.00
8030,25.16,29.8,35.01,29.7602674,10.00
8031,25.16,29.8,35.01,27.43487545,10.00
8032,25.16,29.8,35.01,22.91080532,10.00
8033,25.16,29.8,35.01,18.58867975,10.00
8034,25.16,29.8,35.01,30.2837938,10.00
8035,25.16,29.8,35.01,28.65909335,10.00
8036,25.16,29.8,35.01,23.34379564,10.00
8037,25.16,29.8,35.01,29.21355029,10.00
8038,25.16,29.8,35.01,17.36491599,10.00
8039,25.16,29.8,35.01,23.81765289,10.00
8040,25.16,29.8,35.01,22.02662007,10.00
8041,25.16,29.8,35.01,21.78355945,10.00
8042,25.16,29.8,35.01,21.77349864,10.00
8043,25.16,29.8,16.04,17.82602972,10.00
8044,25.16,29.8,16.04,11.19058404,10.00
8045,25.16,29.8,16.04,9.148390581,10.00
8046,25.16,29.8,16.04,23.38997807,10.00
8047,25.16,29.8,16.04,17.10814609,10.00
8048,25.16,29.8,16.04,22.83275084,10.00
8049,25.16,29.8,35.01,17.85615917,10.00
8050,25.16,29.8,35.01,13.79286499,10.00
8051,25.16,29.8,35.01,20.37533117,10.00
8052,25.16,29.8,35.01,24.27827614,10.00
8053,25.16,29.8,35.01,16.03523974,10.00
8054,25.16,29.8,35.01,15.31749571,10.00
8055,25.16,29.8,35.01,22.93306327,10.00
8056,25.16,29.8,35.01,18.42419794,10.00
8057,25.16,29.8,35.01,19.6902611,10.00
8058,25.16,29.8,35.01,14.38257432,10.00
8059,25.16,29.8,35.01,27.61870302,10.00
8060,25.16,29.8,35.01,13.74803581,10.00
8061,25.16,29.8,35.01,4.924919415,10.00
8062,25.16,29.8,35.01,14.2967069,10.00
8063,25.16,29.8,35.01,18.98848863,10.00
8064,25.16,14.6,16.04,11.08894733,10.00
8065,25.16,14.6,16.04,9.928276305,10.00
8066,25.16,14.6,16.04,14.8111005,10.00
8067,25.16,14.6,16.04,9.526612413,10.00
8068,25.16,14.6,16.04,20.84539435,10.00
8069,25.16,14.6,16.04,20.33293821,10.00
8070,25.16,14.6,16.04,19.715144,10.00
8071,25.16,14.6,16.04,14.19565374,10.00
8072,25.16,14.6,16.04,9.932847497,10.00
8073,25.16,14.6,16.04,9.393376831,10.00
8074,25.16,14.6,16.04,17.25593063,10.00
8075,25.16,14.6,16.04,22.86377046,10.00
8076,25.16,14.6,16.04,24.19927618,10.00
8077,25.16,14.6,16.04,31.87033335,10.00
8078,25.16,29.8,35.01,30.62267552,10.00
8079,25.16,29.8,35.01,28.22989719,10.00
8080,25.16,29.8,35.01,23.57472625,10.00
8081,25.16,29.8,35.01,19.12735193,10.00
8082,25.16,29.8,35.01,31.16137293,10.00
8083,25.16,29.8,35.01,29.48959109,10.00
8084,25.16,29.8,35.01,24.02026399,10.00
8085,25.16,29.8,35.01,30.06011536,10.00
8086,25.16,29.8,35.01,17.86812533,10.00
8087,25.16,29.8,35.01,24.50785291,10.00
8088,25.16,29.8,35.01,22.66491864,10.00
8089,25.16,29.8,35.01,22.41481448,10.00
8090,25.16,29.8,35.01,22.40446212,10.00
8091,25.16,29.8,16.04,18.34260144,10.00
8092,25.16,29.8,16.04,11.51487046,10.00
8093,25.16,29.8,16.04,9.413497282,10.00
8094,25.16,29.8,16.04,24.06778472,10.00
8095,25.16,29.8,16.04,17.60391462,10.00
8096,25.16,29.8,16.04,23.49440987,10.00
8097,25.16,29.8,35.01,18.373604,10.00
8098,25.16,29.8,35.01,14.19256163,10.00
8099,25.16,29.8,35.01,20.96577785,10.00
8100,25.16,29.8,35.01,24.98182434,10.00
8101,25.16,29.8,35.01,16.49991705,10.00
8102,25.16,29.8,35.01,15.76137387,10.00
8103,25.16,29.8,35.01,23.59762921,10.00
8104,25.16,29.8,35.01,18.95810369,10.00
8105,25.16,29.8,35.01,20.26085546,10.00
8106,25.16,29.8,35.01,14.79935986,10.00
8107,25.16,29.8,35.01,28.4190518,10.00
8108,25.16,29.8,35.01,14.07354375,10.00
8109,25.16,29.8,35.01,5.041525192,10.00
8110,25.16,29.8,35.01,14.63520556,10.00
8111,25.16,29.8,35.01,19.43807313,10.00
8112,25.16,14.6,16.04,10.67893545,10.00
8113,25.16,14.6,16.04,9.561180036,10.00
8114,25.16,14.6,16.04,14.26346266,10.00
8115,25.16,14.6,16.04,9.174367595,10.00
8116,25.16,14.6,16.04,20.07463956,10.00
8117,25.16,14.6,16.04,19.5811314,10.00
8118,25.16,14.6,16.04,18.98618002,10.00
8119,25.16,14.6,16.04,13.67077194,10.00
8120,25.16,14.6,16.04,9.565582208,10.00
8121,25.16,14.6,16.04,9.046058375,10.00
8122,25.16,14.6,16.04,16.61789564,10.00
8123,25.16,14.6,16.04,22.01838657,10.00
8124,25.16,14.6,16.04,23.10979416,10.00
8125,25.16,14.6,16.04,30.43549062,10.00
8126,25.16,29.8,35.01,29.24400393,10.00
8127,25.16,29.8,35.01,26.9589515,10.00
8128,25.16,29.8,35.01,22.51336225,10.00
8129,25.16,29.8,35.01,18.26621435,10.00
8130,25.16,29.8,35.01,29.7584485,10.00
8131,25.16,29.8,35.01,28.16193239,10.00
8132,25.16,29.8,35.01,22.93884132,10.00
8133,25.16,29.8,35.01,28.70677094,10.00
8134,25.16,29.8,35.01,17.06367973,10.00
8135,25.16,29.8,35.01,23.40447836,10.00
8136,25.16,29.8,35.01,21.64451533,10.00
8137,25.16,29.8,35.01,21.40567118,10.00
8138,25.16,29.8,35.01,21.39578489,10.00
8139,25.16,29.8,16.04,17.51679432,10.00
8140,25.16,29.8,16.04,10.99645643,10.00
8141,25.16,29.8,16.04,8.989689725,10.00
8142,25.16,29.8,16.04,22.9842226,10.00
8143,25.16,29.8,16.04,16.81136412,10.00
8144,25.16,29.8,16.04,22.43666181,10.00
8145,25.16,29.8,35.01,17.54640111,10.00
8146,25.16,29.8,35.01,13.55359455,10.00
8147,25.16,29.8,35.01,20.02187201,10.00
8148,25.16,29.8,35.01,23.857111,10.00
8149,25.16,29.8,35.01,15.75706991,10.00
8150,25.16,29.8,35.01,15.05177688,10.00
8151,25.16,29.8,35.01,22.53523409,10.00
8152,25.16,29.8,35.01,18.10458588,10.00
8153,25.16,29.8,35.01,19.34868612,10.00
8154,25.16,29.8,35.01,14.13307395,10.00
8155,25.16,29.8,35.01,27.13959013,10.00
8156,25.16,29.8,35.01,13.55317695,10.00
8157,25.16,29.8,35.01,4.855115685,10.00
8158,25.16,29.8,35.01,14.09407141,10.00
8159,25.16,29.8,35.01,18.7193538,10.00
8160,25.16,14.6,16.04,11.05475878,10.00
8161,25.16,14.6,16.04,9.897666249,10.00
8162,25.16,14.6,16.04,14.76543611,10.00
8163,25.16,14.6,16.04,9.497240734,10.00
8164,25.16,14.6,16.04,20.78112552,10.00
8165,25.16,14.6,16.04,20.27024934,10.00
8166,25.16,14.6,16.04,19.65435987,10.00
8167,25.16,14.6,16.04,14.15188685,10.00
8168,25.16,14.6,16.04,9.902223347,10.00
8169,25.16,14.6,16.04,9.364415933,10.00
8170,25.16,14.6,16.04,17.20272855,10.00
8171,25.16,14.6,16.04,22.79327874,10.00
8172,25.16,14.6,16.04,24.10843052,10.00
8173,25.16,14.6,16.04,31.75069002,10.00
8174,25.16,29.8,35.01,30.50771599,10.00
8175,25.16,29.8,35.01,28.1239203,10.00
8176,25.16,29.8,35.01,23.48622518,10.00
8177,25.16,29.8,35.01,19.0555466,10.00
8178,25.16,29.8,35.01,31.0443911,10.00
8179,25.16,29.8,35.01,29.37888523,10.00
8180,25.16,29.8,35.01,23.93009034,10.00
8181,25.16,29.8,35.01,29.94726772,10.00
8182,25.16,29.8,35.01,17.80104722,10.00
8183,25.16,29.8,35.01,24.41584882,10.00
8184,25.16,29.8,35.01,22.57983304,10.00
8185,25.16,29.8,35.01,22.3306678,10.00
8186,25.16,29.8,35.01,22.3203543,10.00
8187,25.16,29.8,16.04,18.27374211,10.00
8188,25.16,29.8,16.04,11.47164288,10.00
8189,25.16,29.8,16.04,9.378158396,10.00
8190,25.16,29.8,16.04,23.97743267,10.00
8191,25.16,29.8,16.04,17.53782837,10.00
8192,25.16,29.8,16.04,23.40621031,10.00
8193,25.16,29.8,35.01,18.30462829,10.00
8194,25.16,29.8,35.01,14.13928182,10.00
8195,25.16,29.8,35.01,20.88707095,10.00
8196,25.16,29.8,35.01,24.88804093,10.00
8197,25.16,29.8,35.01,16.43797528,10.00
8198,25.16,29.8,35.01,15.70220464,10.00
8199,25.16,29.8,35.01,23.50904216,10.00
8200,25.16,29.8,35.01,18.88693372,10.00
8201,25.16,29.8,35.01,20.18479488,10.00
8202,25.16,29.8,35.01,14.74380209,10.00
8203,25.16,29.8,35.01,28.31236481,10.00
8204,25.16,29.8,35.01,14.03015335,10.00
8205,25.16,29.8,35.01,5.025981571,10.00
8206,25.16,29.8,35.01,14.59008348,10.00
8207,25.16,29.8,35.01,19.37814324,10.00
8208,25.16,14.6,16.04,10.84511471,10.00
8209,25.16,14.6,16.04,9.709965447,10.00
8210,25.16,14.6,16.04,14.48542221,10.00
8211,25.16,14.6,16.04,9.31713366,10.00
8212,25.16,14.6,16.04,20.38702919,10.00
8213,25.16,14.6,16.04,19.88584135,10.00
8214,25.16,14.6,16.04,19.28163169,10.00
8215,25.16,14.6,16.04,13.88350838,10.00
8216,25.16,14.6,16.04,9.714436124,10.00
8217,25.16,14.6,16.04,9.186827768,10.00
8218,25.16,14.6,16.04,16.87649347,10.00
8219,25.16,14.6,16.04,22.36102364,10.00
8220,25.16,14.6,16.04,23.55136506,10.00
8221,25.16,14.6,16.04,31.01703743,10.00
8222,25.16,29.8,35.01,29.80278438,10.00
8223,25.16,29.8,35.01,27.47407026,10.00
8224,25.16,29.8,35.01,22.94353682,10.00
8225,25.16,29.8,35.01,18.61523645,10.00
8226,25.16,29.8,35.01,30.32705872,10.00
8227,25.16,29.8,35.01,28.70003713,10.00
8228,25.16,29.8,35.01,23.37714574,10.00
8229,25.16,29.8,35.01,29.2552862,10.00
8230,25.16,29.8,35.01,17.38972436,10.00
8231,25.16,29.8,35.01,23.85167995,10.00
8232,25.16,29.8,35.01,22.05808838,10.00
8233,25.16,29.8,35.01,21.81468051,10.00
8234,25.16,29.8,35.01,21.80460533,10.00
8235,25.16,29.8,16.04,17.85149686,10.00
8236,25.16,29.8,16.04,11.20657146,10.00
8237,25.16,29.8,16.04,9.161460421,10.00
8238,25.16,29.8,16.04,23.42339414,10.00
8239,25.16,29.8,16.04,17.13258763,10.00
8240,25.16,29.8,16.04,22.86537083,10.00
8241,25.16,29.8,35.01,17.88166936,10.00
8242,25.16,29.8,35.01,13.81257016,10.00
8243,25.16,29.8,35.01,20.40444037,10.00
8244,25.16,29.8,35.01,24.31296128,10.00
8245,25.16,29.8,35.01,16.05814847,10.00
8246,25.16,29.8,35.01,15.33937904,10.00
8247,25.16,29.8,35.01,22.96582657,10.00
8248,25.16,29.8,35.01,18.45051965,10.00
8249,25.16,29.8,35.01,19.71839157,10.00
8250,25.16,29.8,35.01,14.40312198,10.00
8251,25.16,29.8,35.01,27.65816045,10.00
8252,25.16,29.8,35.01,13.76408345,10.00
8253,25.16,29.8,35.01,4.930668115,10.00
8254,25.16,29.8,35.01,14.31339499,10.00
8255,25.16,29.8,35.01,19.01065328,10.00
8256,25.16,14.6,16.04,10.7009065,10.00
8257,25.16,14.6,16.04,9.580851392,10.00
8258,25.16,14.6,16.04,14.29280859,10.00
8259,25.16,14.6,16.04,9.193243116,10.00
8260,25.16,14.6,16.04,20.11594151,10.00
8261,25.16,14.6,16.04,19.621418,10.00
8262,25.16,14.6,16.04,19.02524256,10.00
8263,25.16,14.6,16.04,13.69889845,10.00
8264,25.16,14.6,16.04,9.585262622,10.00
8265,25.16,14.6,16.04,9.06466991,10.00
8266,25.16,14.6,16.04,16.65208562,10.00
8267,25.16,14.6,16.04,22.06368763,10.00
8268,25.16,14.6,16.04,23.16817554,10.00
8269,25.16,14.6,16.04,30.51237863,10.00
8270,25.16,29.8,35.01,29.31788193,10.00
8271,25.16,29.8,35.01,27.02705687,10.00
8272,25.16,29.8,35.01,22.5702369,10.00
8273,25.16,29.8,35.01,18.31235959,10.00
8274,25.16,29.8,35.01,29.83362613,10.00
8275,25.16,29.8,35.01,28.2330768,10.00
8276,25.16,29.8,35.01,22.99679083,10.00
8277,25.16,29.8,35.01,28.77929176,10.00
8278,25.16,29.8,35.01,17.10678705,10.00
8279,25.16,29.8,35.01,23.4636042,10.00
8280,25.16,29.8,35.01,21.69919504,10.00
8281,25.16,29.8,35.01,21.4597475,10.00
8282,25.16,29.8,35.01,21.44983625,10.00
8283,25.16,29.8,16.04,17.56104633,10.00
8284,25.16,29.8,16.04,11.02423635,10.00
8285,25.16,29.8,16.04,9.012400034,10.00
8286,25.16,29.8,16.04,23.04228676,10.00
8287,25.16,29.8,16.04,16.85383402,10.00
8288,25.16,29.8,16.04,22.49334269,10.00
8289,25.16,29.8,35.01,17.59072791,10.00
8290,25.16,29.8,35.01,13.58783447,10.00
8291,25.16,29.8,35.01,20.0724525,10.00
8292,25.16,29.8,35.01,23.91738031,10.00
8293,25.16,29.8,35.01,15.79687639,10.00
8294,25.16,29.8,35.01,15.0898016,10.00
8295,25.16,29.8,35.01,22.59216399,10.00
8296,25.16,29.8,35.01,18.1503228,10.00
8297,25.16,29.8,35.01,19.39756596,10.00
8298,25.16,29.8,35.01,14.1687778,10.00
8299,25.16,29.8,35.01,27.20815184,10.00
8300,25.16,29.8,35.01,13.58106152,10.00
8301,25.16,29.8,35.01,4.865104694,10.00
8302,25.16,29.8,35.01,14.12306882,10.00
8303,25.16,29.8,35.01,18.75786736,10.00
8304,25.16,14.6,16.04,10.60416594,10.00
8305,25.16,14.6,16.04,9.494236586,10.00
8306,25.16,14.6,16.04,14.16359576,10.00
8307,25.16,14.6,16.04,9.110132447,10.00
8308,25.16,14.6,16.04,19.93408519,10.00
8309,25.16,14.6,16.04,19.44403237,10.00
8310,25.16,14.6,16.04,18.8532466,10.00
8311,25.16,14.6,16.04,13.57505482,10.00
8312,25.16,14.6,16.04,9.498607937,10.00
8313,25.16,14.6,16.04,8.982721595,10.00
8314,25.16,14.6,16.04,16.50154397,10.00
8315,25.16,14.6,16.04,21.86422289,10.00
8316,25.16,14.6,16.04,22.91111689,10.00
8317,25.16,14.6,16.04,30.17383359,10.00
8318,25.16,29.8,35.01,28.99259023,10.00
8319,25.16,29.8,35.01,26.72718263,10.00
8320,25.16,29.8,35.01,22.31981257,10.00
8321,25.16,29.8,35.01,18.10917783,10.00
8322,25.16,29.8,35.01,29.50261207,10.00
8323,25.16,29.8,35.01,27.91982137,10.00
8324,25.16,29.8,35.01,22.74163374,10.00
8325,25.16,29.8,35.01,28.45997589,10.00
8326,25.16,29.8,35.01,16.91698152,10.00
8327,25.16,29.8,35.01,23.20326766,10.00
8328,25.16,29.8,35.01,21.45843521,10.00
8329,25.16,29.8,35.01,21.22164443,10.00
8330,25.16,29.8,35.01,21.21184314,10.00
8331,25.16,29.8,16.04,17.36620064,10.00
8332,25.16,29.8,16.04,10.90191876,10.00
8333,25.16,29.8,16.04,8.912404441,10.00
8334,25.16,29.8,16.04,22.78662488,10.00
8335,25.16,29.8,16.04,16.66683509,10.00
8336,25.16,29.8,16.04,22.24377153,10.00
8337,25.16,29.8,35.01,17.3955529,10.00
8338,25.16,29.8,35.01,13.43707291,10.00
8339,25.16,29.8,35.01,19.84974192,10.00
8340,25.16,29.8,35.01,23.65200897,10.00
8341,25.16,29.8,35.01,15.62160477,10.00
8342,25.16,29.8,35.01,14.92237521,10.00
8343,25.16,29.8,35.01,22.34149637,10.00
8344,25.16,29.8,35.01,17.94893889,10.00
8345,25.16,29.8,35.01,19.18234348,10.00
8346,25.16,29.8,35.01,14.01157047,10.00
8347,25.16,29.8,35.01,26.90626829,10.00
8348,25.16,29.8,35.01,13.45828318,10.00
8349,25.16,29.8,35.01,4.821122162,10.00
8350,25.16,29.8,35.01,13.99539052,10.00
8351,25.16,29.8,35.01,18.58828858,10.00
8352,25.16,14.6,16.04,11.0868284,10.00
8353,25.16,14.6,16.04,9.926379168,10.00
8354,25.16,14.6,16.04,14.80827033,10.00
8355,25.16,14.6,16.04,9.524792027,10.00
8356,25.16,14.6,16.04,20.84141112,10.00
8357,25.16,14.6,16.04,20.32905291,10.00
8358,25.16,14.6,16.04,19.71137675,10.00
8359,25.16,14.6,16.04,14.19294117,10.00
8360,25.16,14.6,16.04,9.930949486,10.00
8361,25.16,14.6,16.04,9.391581904,10.00
8362,25.16,14.6,16.04,17.2526333,10.00
8363,25.16,14.6,16.04,22.85940156,10.00
8364,25.16,14.6,16.04,24.19364579,10.00
8365,25.16,14.6,16.04,31.86291814,10.00
8366,25.16,29.8,35.01,30.61555061,10.00
8367,25.16,29.8,35.01,28.22332899,10.00
8368,25.16,29.8,35.01,23.56924117,10.00
8369,25.16,29.8,35.01,19.12290161,10.00
8370,25.16,29.8,35.01,31.15412268,10.00
8371,25.16,29.8,35.01,29.4827298,10.00
8372,25.16,29.8,35.01,24.01467524,10.00
8373,25.16,29.8,35.01,30.05312134,10.00
8374,25.16,29.8,35.01,17.86396799,10.00
8375,25.16,29.8,35.01,24.50215072,10.00
8376,25.16,29.8,35.01,22.65964524,10.00
8377,25.16,29.8,35.01,22.40959927,10.00
8378,25.16,29.8,35.01,22.39924932,10.00
8379,25.16,29.8,16.04,18.33833371,10.00
8380,25.16,29.8,16.04,11.51219132,10.00
8381,25.16,29.8,16.04,9.411307063,10.00
8382,25.16,29.8,16.04,24.06218492,10.00
8383,25.16,29.8,16.04,17.59981876,10.00
8384,25.16,29.8,16.04,23.48894347,10.00
8385,25.16,29.8,35.01,18.36932906,10.00
8386,25.16,29.8,35.01,14.18925947,10.00
8387,25.16,29.8,35.01,20.96089979,10.00
8388,25.16,29.8,35.01,24.97601187,10.00
8389,25.16,29.8,35.01,16.49607805,10.00
8390,25.16,29.8,35.01,15.7577067,10.00
8391,25.16,29.8,35.01,23.5921388,10.00
8392,25.16,29.8,35.01,18.95369275,10.00
8393,25.16,29.8,35.01,20.25614141,10.00
8394,25.16,29.8,35.01,14.79591652,10.00
8395,25.16,29.8,35.01,28.4124396,10.00
8396,25.16,29.8,35.01,14.07085452,10.00
8397,25.16,29.8,35.01,5.040561836,10.00
8398,25.16,29.8,35.01,14.632409,10.00
8399,25.16,29.8,35.01,19.43435882,10.00
8400,25.16,14.6,16.04,11.25148787,10.00
8401,25.16,14.6,16.04,10.07380387,10.00
8402,25.16,14.6,16.04,15.02819995,10.00
8403,25.16,14.6,16.04,9.666252429,10.00
8404,25.16,14.6,16.04,21.1509438,10.00
8405,25.16,14.6,16.04,20.63097614,10.00
8406,25.16,14.6,16.04,20.00412637,10.00
8407,25.16,14.6,16.04,14.40373204,10.00
8408,25.16,14.6,16.04,10.07844206,10.00
8409,25.16,14.6,16.04,9.531063894,10.00
8410,25.16,14.6,16.04,17.50886613,10.00
8411,25.16,14.6,16.04,23.19890504,10.00
8412,25.16,14.6,16.04,24.63117832,10.00
8413,25.16,14.6,16.04,32.43914643,10.00
8414,25.16,29.8,35.01,31.16922074,10.00
8415,25.16,29.8,35.01,28.73373675,10.00
8416,25.16,29.8,35.01,23.99548158,10.00
8417,25.16,29.8,35.01,19.46873173,10.00
8418,25.16,29.8,35.01,31.71753268,10.00
8419,25.16,29.8,35.01,30.01591332,10.00
8420,25.16,29.8,35.01,24.44897116,10.00
8421,25.16,29.8,35.01,30.59662016,10.00
8422,25.16,29.8,35.01,18.1870308,10.00
8423,25.16,29.8,35.01,24.94526243,10.00
8424,25.16,29.8,35.01,23.06943597,10.00
8425,25.16,29.8,35.01,22.81486802,10.00
8426,25.16,29.8,35.01,22.8043309,10.00
8427,25.16,29.8,16.04,18.66997523,10.00
8428,25.16,29.8,16.04,11.72038475,10.00
8429,25.16,29.8,16.04,9.581506833,10.00
8430,25.16,29.8,16.04,24.49734002,10.00
8431,25.16,29.8,16.04,17.91810453,10.00
8432,25.16,29.8,16.04,23.91373174,10.00
8433,25.16,29.8,35.01,18.70153111,10.00
8434,25.16,29.8,35.01,14.44586663,10.00
8435,25.16,29.8,35.01,21.33996938,10.00
8436,25.16,29.8,35.01,25.42769318,10.00
8437,25.16,29.8,35.01,16.7944031,10.00
8438,25.16,29.8,35.01,16.0426786,10.00
8439,25.16,29.8,35.01,24.01879331,10.00
8440,25.16,29.8,35.01,19.29646279,10.00
8441,25.16,29.8,35.01,20.62246573,10.00
8442,25.16,29.8,35.01,15.06349482,10.00
8443,25.16,29.8,35.01,28.92626734,10.00
8444,25.16,29.8,35.01,14.27983218,10.00
8445,25.16,29.8,35.01,5.115423303,10.00
8446,25.16,29.8,35.01,14.84972676,10.00
8447,25.16,29.8,35.01,19.72299423,10.00
8448,25.16,14.6,16.04,10.59478553,10.00
8449,25.16,14.6,16.04,9.485838018,10.00
8450,25.16,14.6,16.04,14.1510667,10.00
8451,25.16,14.6,16.04,9.102073656,10.00
8452,25.16,14.6,16.04,19.91645157,10.00
8453,25.16,14.6,16.04,19.42683225,10.00
8454,25.16,14.6,16.04,18.83656908,10.00
8455,25.16,14.6,16.04,13.56304637,10.00
8456,25.16,14.6,16.04,9.490205501,10.00
8457,25.16,14.6,16.04,8.974775511,10.00
8458,25.16,14.6,16.04,16.48694676,10.00
8459,25.16,14.6,16.04,21.84488187,10.00
8460,25.16,14.6,16.04,22.8861913,10.00
8461,25.16,14.6,16.04,30.14100671,10.00
8462,25.16,29.8,35.01,28.96104845,10.00
8463,25.16,29.8,35.01,26.69810545,10.00
8464,25.16,29.8,35.01,22.29553028,10.00
8465,25.16,29.8,35.01,18.0894764,10.00
8466,25.16,29.8,35.01,29.47051543,10.00
8467,25.16,29.8,35.01,27.88944668,10.00
8468,25.16,29.8,35.01,22.71689254,10.00
8469,25.16,29.8,35.01,28.42901355,10.00
8470,25.16,29.8,35.01,16.89857711,10.00
8471,25.16,29.8,35.01,23.17802424,10.00
8472,25.16,29.8,35.01,21.43509003,10.00
8473,25.16,29.8,35.01,21.19855686,10.00
8474,25.16,29.8,35.01,21.18876623,10.00
8475,25.16,29.8,16.04,17.34730751,10.00
8476,25.16,29.8,16.04,10.89005829,10.00
8477,25.16,29.8,16.04,8.90270841,10.00
8478,25.16,29.8,16.04,22.76183473,10.00
8479,25.16,29.8,16.04,16.64870282,10.00
8480,25.16,29.8,16.04,22.21957197,10.00
8481,25.16,29.8,35.01,17.37662783,10.00
8482,25.16,29.8,35.01,13.42245437,10.00
8483,25.16,29.8,35.01,19.82814688,10.00
8484,25.16,29.8,35.01,23.62627735,10.00
8485,25.16,29.8,35.01,15.60460963,10.00
8486,25.16,29.8,35.01,14.90614078,10.00
8487,25.16,29.8,35.01,22.31719049,10.00
8488,25.16,29.8,35.01,17.92941179,10.00
8489,25.16,29.8,35.01,19.16147452,10.00
8490,25.16,29.8,35.01,13.99632692,10.00
8491,25.16,29.8,35.01,26.87699628,10.00
8492,25.16,29.8,35.01,13.44637803,10.00
8493,25.16,29.8,35.01,4.816857415,10.00
8494,25.16,29.8,35.01,13.98301024,10.00
8495,25.16,29.8,35.01,18.57184545,10.00
8496,25.16,14.6,16.04,10.95815017,10.00
8497,25.16,14.6,16.04,9.811169582,10.00
8498,25.16,14.6,16.04,14.63639953,10.00
8499,25.16,14.6,16.04,9.414243425,10.00
8500,25.16,14.6,16.04,20.59951724,10.00
8501,25.16,14.6,16.04,20.09310567,10.00
8502,25.16,14.6,16.04,19.48259851,10.00
8503,25.16,14.6,16.04,14.02821214,10.00
8504,25.16,14.6,16.04,9.815686856,10.00
8505,25.16,14.6,16.04,9.282579393,10.00
8506,25.16,14.6,16.04,17.05239223,10.00
8507,25.16,14.6,16.04,22.59408606,10.00
8508,25.16,14.6,16.04,23.85172248,10.00
8509,25.16,14.6,16.04,31.41260674,10.00
8510,25.16,29.8,35.01,30.18286797,10.00
8511,25.16,29.8,35.01,27.82445508,10.00
8512,25.16,29.8,35.01,23.23614242,10.00
8513,25.16,29.8,35.01,18.85264198,10.00
8514,25.16,29.8,35.01,30.71382853,10.00
8515,25.16,29.8,35.01,29.06605706,10.00
8516,25.16,29.8,35.01,23.67528128,10.00
8517,25.16,29.8,35.01,29.62838738,10.00
8518,25.16,29.8,35.01,17.61150058,10.00
8519,25.16,29.8,35.01,24.15586737,10.00
8520,25.16,29.8,35.01,22.3394016,10.00
8521,25.16,29.8,35.01,22.09288948,10.00
8522,25.16,29.8,35.01,22.08268581,10.00
8523,25.16,29.8,16.04,18.07916219,10.00
8524,25.16,29.8,16.04,11.34949213,10.00
8525,25.16,29.8,16.04,9.278299193,10.00
8526,25.16,29.8,16.04,23.72211951,10.00
8527,25.16,29.8,16.04,17.35108451,10.00
8528,25.16,29.8,16.04,23.15697956,10.00
8529,25.16,29.8,35.01,18.10971949,10.00
8530,25.16,29.8,35.01,13.98872588,10.00
8531,25.16,29.8,35.01,20.66466414,10.00
8532,25.16,29.8,35.01,24.62303155,10.00
8533,25.16,29.8,35.01,16.26294272,10.00
8534,25.16,29.8,35.01,15.5350066,10.00
8535,25.16,29.8,35.01,23.25871645,10.00
8536,25.16,29.8,35.01,18.6858245,10.00
8537,25.16,29.8,35.01,19.96986596,10.00
8538,25.16,29.8,35.01,14.58680918,10.00
8539,25.16,29.8,35.01,28.01089303,10.00
8540,25.16,29.8,35.01,13.90754247,10.00
8541,25.16,29.8,35.01,4.98205903,10.00
8542,25.16,29.8,35.01,14.46257932,10.00
8543,25.16,29.8,35.01,19.20879577,10.00
8544,25.16,14.6,16.04,10.48879785,10.00
8545,25.16,14.6,16.04,9.390943979,10.00
8546,25.16,14.6,16.04,14.00950283,10.00
8547,25.16,14.6,16.04,9.011018703,10.00
8548,25.16,14.6,16.04,19.71721218,10.00
8549,25.16,14.6,16.04,19.2324909,10.00
8550,25.16,14.6,16.04,18.64813258,10.00
8551,25.16,14.6,16.04,13.42736492,10.00
8552,25.16,14.6,16.04,9.395267771,10.00
8553,25.16,14.6,16.04,8.884994018,10.00
8554,25.16,14.6,16.04,16.32201531,10.00
8555,25.16,14.6,16.04,21.62635093,10.00
8556,25.16,14.6,16.04,22.60456122,10.00
8557,25.16,14.6,16.04,29.77010122,10.00
8558,25.16,29.8,35.01,28.60466315,10.00
8559,25.16,29.8,35.01,26.36956719,10.00
8560,25.16,29.8,35.01,22.02116868,10.00
8561,25.16,29.8,35.01,17.86687315,10.00
8562,25.16,29.8,35.01,29.10786079,10.00
8563,25.16,29.8,35.01,27.54624816,10.00
8564,25.16,29.8,35.01,22.4373458,10.00
8565,25.16,29.8,35.01,28.0791753,10.00
8566,25.16,29.8,35.01,16.69062868,10.00
8567,25.16,29.8,35.01,22.89280296,10.00
8568,25.16,29.8,35.01,21.17131674,10.00
8569,25.16,29.8,35.01,20.93769427,10.00
8570,25.16,29.8,35.01,20.92802412,10.00
8571,25.16,29.8,16.04,17.13383715,10.00
8572,25.16,29.8,16.04,10.75604875,10.00
8573,25.16,29.8,16.04,8.793154557,10.00
8574,25.16,29.8,16.04,22.48173495,10.00
8575,25.16,29.8,16.04,16.44382926,10.00
8576,25.16,29.8,16.04,21.94614509,10.00
8577,25.16,29.8,35.01,17.16279667,10.00
8578,25.16,29.8,35.01,13.25728199,10.00
8579,25.16,29.8,35.01,19.58414811,10.00
8580,25.16,29.8,35.01,23.33554002,10.00
8581,25.16,29.8,35.01,15.41258434,10.00
8582,25.16,29.8,35.01,14.72271062,10.00
8583,25.16,29.8,35.01,22.04256235,10.00
8584,25.16,29.8,35.01,17.70877824,10.00
8585,25.16,29.8,35.01,18.92567961,10.00
8586,25.16,29.8,35.01,13.82409265,10.00
8587,25.16,29.8,35.01,26.54625665,10.00
8588,25.16,29.8,35.01,13.3118637,10.00
8589,25.16,29.8,35.01,4.768670733,10.00
8590,25.16,29.8,35.01,13.84312758,10.00
8591,25.16,29.8,35.01,18.38605718,10.00
8592,25.16,14.6,16.04,10.65733957,10.00
8593,25.16,14.6,16.04,9.541844574,10.00
8594,25.16,14.6,16.04,14.23461783,10.00
8595,25.16,14.6,16.04,9.155814379,10.00
8596,25.16,14.6,16.04,20.03404285,10.00
8597,25.16,14.6,16.04,19.54153271,10.00
8598,25.16,14.6,16.04,18.9477845,10.00
8599,25.16,14.6,16.04,13.6431257,10.00
8600,25.16,14.6,16.04,9.546237844,10.00
8601,25.16,14.6,16.04,9.027764638,10.00
8602,25.16,14.6,16.04,16.58428946,10.00
8603,25.16,14.6,16.04,21.97385905,10.00
8604,25.16,14.6,16.04,23.05240965,10.00
8605,25.16,14.6,16.04,30.35991549,10.00
8606,25.16,29.8,35.01,29.17138741,10.00
8607,25.16,29.8,35.01,26.89200906,10.00
8608,25.16,29.8,35.01,22.45745876,10.00
8609,25.16,29.8,35.01,18.22085706,10.00
8610,25.16,29.8,35.01,29.68455456,10.00
8611,25.16,29.8,35.01,28.09200279,10.00
8612,25.16,29.8,35.01,22.88188131,10.00
8613,25.16,29.8,35.01,28.63548844,10.00
8614,25.16,29.8,35.01,17.02130848,10.00
8615,25.16,29.8,35.01,23.34636212,10.00
8616,25.16,29.8,35.01,21.59076929,10.00
8617,25.16,29.8,35.01,21.35251822,10.00
8618,25.16,29.8,35.01,21.34265649,10.00
8619,25.16,29.8,16.04,17.47329793,10.00
8620,25.16,29.8,16.04,10.96915085,10.00
8621,25.16,29.8,16.04,8.967367203,10.00
8622,25.16,29.8,16.04,22.9271499,10.00
8623,25.16,29.8,16.04,16.7696194,10.00
8624,25.16,29.8,16.04,22.38094878,10.00
8625,25.16,29.8,35.01,17.5028312,10.00
8626,25.16,29.8,35.01,13.51993928,10.00
8627,25.16,29.8,35.01,19.9721552,10.00
8628,25.16,29.8,35.01,23.79787081,10.00
8629,25.16,29.8,35.01,15.71794314,10.00
8630,25.16,29.8,35.01,15.01440143,10.00
8631,25.16,29.8,35.01,22.47927629,10.00
8632,25.16,29.8,35.01,18.05962993,10.00
8633,25.16,29.8,35.01,19.30064091,10.00
8634,25.16,29.8,35.01,14.09797976,10.00
8635,25.16,29.8,35.01,27.07219914,10.00
8636,25.16,29.8,35.01,13.52576852,10.00
8637,25.16,29.8,35.01,4.845297242,10.00
8638,25.16,29.8,35.01,14.06556913,10.00
8639,25.16,29.8,35.01,18.68149787,10.00
8640,25.16,14.6,16.04,10.72070843,10.00
8641,25.16,14.6,16.04,9.598580668,10.00
8642,25.16,14.6,16.04,14.31925729,10.00
8643,25.16,14.6,16.04,9.210255126,10.00
8644,25.16,14.6,16.04,20.15316587,10.00
8645,25.16,14.6,16.04,19.65772725,10.00
8646,25.16,14.6,16.04,19.06044859,10.00
8647,25.16,14.6,16.04,13.72424813,10.00
8648,25.16,14.6,16.04,9.60300006,10.00
8649,25.16,14.6,16.04,9.081443997,10.00
8650,25.16,14.6,16.04,16.68290014,10.00
8651,25.16,14.6,16.04,22.10451627,10.00
8652,25.16,14.6,16.04,23.22079315,10.00
8653,25.16,14.6,16.04,30.58167577,10.00
8654,25.16,29.8,35.01,29.38446623,10.00
8655,25.16,29.8,35.01,27.08843844,10.00
8656,25.16,29.8,35.01,22.62149651,10.00
8657,25.16,29.8,35.01,18.35394907,10.00
8658,25.16,29.8,35.01,29.90138175,10.00
8659,25.16,29.8,35.01,28.29719738,10.00
8660,25.16,29.8,35.01,23.0490192,10.00
8661,25.16,29.8,35.01,28.84465285,10.00
8662,25.16,29.8,35.01,17.14563854,10.00
8663,25.16,29.8,35.01,23.51689276,10.00
8664,25.16,29.8,35.01,21.74847642,10.00
8665,25.16,29.8,35.01,21.50848507,10.00
8666,25.16,29.8,35.01,21.4985513,10.00
8667,25.16,29.8,16.04,17.60092949,10.00
8668,25.16,29.8,16.04,11.04927367,10.00
8669,25.16,29.8,16.04,9.032868237,10.00
8670,25.16,29.8,16.04,23.09461846,10.00
8671,25.16,29.8,16.04,16.89211103,10.00
8672,25.16,29.8,16.04,22.54442768,10.00
8673,25.16,29.8,35.01,17.63067849,10.00
8674,25.16,29.8,35.01,13.61869402,10.00
8675,25.16,29.8,35.01,20.11803936,10.00
8676,25.16,29.8,35.01,23.97169944,10.00
8677,25.16,29.8,35.01,15.83275293,10.00
8678,25.16,29.8,35.01,15.12407229,10.00
8679,25.16,29.8,35.01,22.6434734,10.00
8680,25.16,29.8,35.01,18.19154428,10.00
8681,25.16,29.8,35.01,19.44162008,10.00
8682,25.16,29.8,35.01,14.20095673,10.00
8683,25.16,29.8,35.01,27.2699447,10.00
8684,25.16,29.8,35.01,13.60619315,10.00
8685,25.16,29.8,35.01,4.874107525,10.00
8686,25.16,29.8,35.01,14.14920343,10.00
8687,25.16,29.8,35.01,18.79257862,10.00
8688,25.16,14.6,16.04,11.03379963,10.00
8689,25.16,14.6,16.04,9.87890087,10.00
8690,25.16,14.6,16.04,14.73744174,10.00
8691,25.16,14.6,16.04,9.479234538,10.00
8692,25.16,14.6,16.04,20.74172575,10.00
8693,25.16,14.6,16.04,20.23181817,10.00
8694,25.16,14.6,16.04,19.61709639,10.00
8695,25.16,14.6,16.04,14.12505573,10.00
8696,25.16,14.6,16.04,9.883449328,10.00
8697,25.16,14.6,16.04,9.346661565,10.00
8698,25.16,14.6,16.04,17.17011321,10.00
8699,25.16,14.6,16.04,22.75006406,10.00
8700,25.16,14.6,16.04,24.05273792,10.00
8701,25.16,14.6,16.04,31.67734314,10.00
8702,25.16,29.8,35.01,30.43724048,10.00
8703,25.16,29.8,35.01,28.05895157,10.00
8704,25.16,29.8,35.01,23.43196994,10.00
8705,25.16,29.8,35.01,19.01152661,10.00
8706,25.16,29.8,35.01,30.97267583,10.00
8707,25.16,29.8,35.01,29.31101742,10.00
8708,25.16,29.8,35.01,23.87480973,10.00
8709,25.16,29.8,35.01,29.8780869,10.00
8710,25.16,29.8,35.01,17.75992524,10.00
8711,25.16,29.8,35.01,24.35944606,10.00
8712,25.16,29.8,35.01,22.52767165,10.00
8713,25.16,29.8,35.01,22.27908199,10.00
8714,25.16,29.8,35.01,22.26879232,10.00
8715,25.16,29.8,16.04,18.23152816,10.00
8716,25.16,29.8,16.04,11.44514238,10.00
8717,25.16,29.8,16.04,9.356494026,10.00
8718,25.16,29.8,16.04,23.9220427,10.00
8719,25.16,29.8,16.04,17.49731445,10.00
8720,25.16,29.8,16.04,23.35213991,10.00
8721,25.16,29.8,35.01,18.26234299,10.00
8722,25.16,29.8,35.01,14.10661884,10.00
8723,25.16,29.8,35.01,20.83881998,10.00
8724,25.16,29.8,35.01,24.83054737,10.00
8725,25.16,29.8,35.01,16.40000211,10.00
8726,25.16,29.8,35.01,15.66593117,10.00
8727,25.16,29.8,35.01,23.45473421,10.00
8728,25.16,29.8,35.01,18.84330325,10.00
8729,25.16,29.8,35.01,20.13816623,10.00
8730,25.16,29.8,35.01,14.70974261,10.00
8731,25.16,29.8,35.01,28.24696076,10.00
8732,25.16,29.8,35.01,14.00355302,10.00
8733,25.16,29.8,35.01,5.016452612,10.00
8734,25.16,29.8,35.01,14.56242156,10.00
8735,25.16,29.8,35.01,19.34140345,10.00
8736,25.16,14.6,16.04,10.37126701,10.00
8737,25.16,14.6,16.04,9.285714999,10.00
8738,25.16,14.6,16.04,13.8525212,10.00
8739,25.16,14.6,16.04,8.910046926,10.00
8740,25.16,14.6,16.04,19.49627357,10.00
8741,25.16,14.6,16.04,19.01698377,10.00
8742,25.16,14.6,16.04,18.4391734,10.00
8743,25.16,14.6,16.04,13.27690636,10.00
8744,25.16,14.6,16.04,9.289990342,10.00
8745,25.16,14.6,16.04,8.785434394,10.00
8746,25.16,14.6,16.04,16.13912113,10.00
8747,25.16,14.6,16.04,21.38401972,10.00
8748,25.16,14.6,16.04,22.29225873,10.00
8749,25.16,14.6,16.04,29.35880029,10.00
8750,25.16,29.8,35.01,28.2094638,10.00
8751,25.16,29.8,35.01,26.00524772,10.00
8752,25.16,29.8,35.01,21.71692628,10.00
8753,25.16,29.8,35.01,17.6200261,10.00
8754,25.16,29.8,35.01,28.70570931,10.00
8755,25.16,29.8,35.01,27.16567178,10.00
8756,25.16,29.8,35.01,22.12735354,10.00
8757,25.16,29.8,35.01,27.69123605,10.00
8758,25.16,29.8,35.01,16.46003252,10.00
8759,25.16,29.8,35.01,22.57651814,10.00
8760,25.16,29.8,35.01,20.87881581,10.00
8761,25.16,29.8,35.01,20.64842105,10.00
8762,25.16,29.8,35.01,20.63888451,10.00
8763,25.16,29.8,16.04,16.89711766,10.00
8764,25.16,29.8,16.04,10.60744419,10.00
8765,25.16,29.8,16.04,8.671669158,10.00
8766,25.16,29.8,16.04,22.17112941,10.00
8767,25.16,29.8,16.04,16.21664286,10.00
8768,25.16,29.8,16.04,21.64293921,10.00
8769,25.16,29.8,35.01,16.92567708,10.00
8770,25.16,29.8,35.01,13.07412062,10.00
8771,25.16,29.8,35.01,19.31357536,10.00
8772,25.16,29.8,35.01,23.01313838,10.00
8773,25.16,29.8,35.01,15.19964552,10.00
8774,25.16,29.8,35.01,14.51930304,10.00
8775,25.16,29.8,35.01,21.73802438,10.00
8776,25.16,29.8,35.01,17.46411542,10.00
8777,25.16,29.8,35.01,18.66420419,10.00
8778,25.16,29.8,35.01,13.63310028,10.00
8779,25.16,29.8,35.01,26.17949606,10.00
8780,25.16,29.8,35.01,13.16269938,10.00
8781,25.16,29.8,35.01,4.715236025,10.00
8782,25.16,29.8,35.01,13.68801024,10.00
8783,25.16,29.8,35.01,18.18003465,10.00
8784,25.16,14.6,16.04,10.63639892,10.00
8785,25.16,14.6,16.04,9.523095765,10.00
8786,25.16,14.6,16.04,14.20664817,10.00
8787,25.16,14.6,16.04,9.137824082,10.00
8788,25.16,14.6,16.04,19.99467788,10.00
8789,25.16,14.6,16.04,19.50313547,10.00
8790,25.16,14.6,16.04,18.91055392,10.00
8791,25.16,14.6,16.04,13.61631827,10.00
8792,25.16,14.6,16.04,9.527480402,10.00
8793,25.16,14.6,16.04,9.010025946,10.00
8794,25.16,14.6,16.04,16.55170292,10.00
8795,25.16,14.6,16.04,21.93068252,10.00
8796,25.16,14.6,16.04,22.99676623,10.00
8797,25.16,14.6,16.04,30.28663338,10.00
8798,25.16,29.8,35.01,29.10097414,10.00
8799,25.16,29.8,35.01,26.8270977,10.00
8800,25.16,29.8,35.01,22.40325142,10.00
8801,25.16,29.8,35.01,18.17687594,10.00
8802,25.16,29.8,35.01,29.61290261,10.00
8803,25.16,29.8,35.01,28.02419491,10.00
8804,25.16,29.8,35.01,22.82664951,10.00
8805,25.16,29.8,35.01,28.56636871,10.00
8806,25.16,29.8,35.01,16.9802228,10.00
8807,25.16,29.8,35.01,23.29000917,10.00
8808,25.16,29.8,35.01,21.53865395,10.00
8809,25.16,29.8,35.01,21.30097797,10.00
8810,25.16,29.8,35.01,21.29114004,10.00
8811,25.16,29.8,16.04,17.43112126,10.00
8812,25.16,29.8,16.04,10.94267375,10.00
8813,25.16,29.8,16.04,8.945721962,10.00
8814,25.16,29.8,16.04,22.87180884,10.00
8815,25.16,29.8,16.04,16.72914125,10.00
8816,25.16,29.8,16.04,22.32692612,10.00
8817,25.16,29.8,35.01,17.46058324,10.00
8818,25.16,29.8,35.01,13.48730514,10.00
8819,25.16,29.8,35.01,19.92394684,10.00
8820,25.16,29.8,35.01,23.74042802,10.00
8821,25.16,29.8,35.01,15.6800035,10.00
8822,25.16,29.8,35.01,14.97815999,10.00
8823,25.16,29.8,35.01,22.42501629,10.00
8824,25.16,29.8,35.01,18.01603798,10.00
8825,25.16,29.8,35.01,19.25405344,10.00
8826,25.16,29.8,35.01,14.06395036,10.00
8827,25.16,29.8,35.01,27.00685284,10.00
8828,25.16,29.8,35.01,13.49919168,10.00
8829,25.16,29.8,35.01,4.835776698,10.00
8830,25.16,29.8,35.01,14.03793164,10.00
8831,25.16,29.8,35.01,18.64479052,10.00
8832,25.16,14.6,16.04,10.6019528,10.00
8833,25.16,14.6,16.04,9.492255095,10.00
8834,25.16,14.6,16.04,14.16063976,10.00
8835,25.16,14.6,16.04,9.108231121,10.00
8836,25.16,14.6,16.04,19.92992485,10.00
8837,25.16,14.6,16.04,19.43997431,10.00
8838,25.16,14.6,16.04,18.84931184,10.00
8839,25.16,14.6,16.04,13.57222164,10.00
8840,25.16,14.6,16.04,9.496625533,10.00
8841,25.16,14.6,16.04,8.98084686,10.00
8842,25.16,14.6,16.04,16.49810002,10.00
8843,25.16,14.6,16.04,21.85965972,10.00
8844,25.16,14.6,16.04,22.90523614,10.00
8845,25.16,14.6,16.04,30.16608867,10.00
8846,25.16,29.8,35.01,28.98514851,10.00
8847,25.16,29.8,35.01,26.72032239,10.00
8848,25.16,29.8,35.01,22.3140836,10.00
8849,25.16,29.8,35.01,18.10452963,10.00
8850,25.16,29.8,35.01,29.49503944,10.00
8851,25.16,29.8,35.01,27.91265501,10.00
8852,25.16,29.8,35.01,22.7357965,10.00
8853,25.16,29.8,35.01,28.45267088,10.00
8854,25.16,29.8,35.01,16.91263933,10.00
8855,25.16,29.8,35.01,23.19731193,10.00
8856,25.16,29.8,35.01,21.45292733,10.00
8857,25.16,29.8,35.01,21.21619733,10.00
8858,25.16,29.8,35.01,21.20639856,10.00
8859,25.16,29.8,16.04,17.36174315,10.00
8860,25.16,29.8,16.04,10.8991205,10.00
8861,25.16,29.8,16.04,8.910116837,10.00
8862,25.16,29.8,16.04,22.78077609,10.00
8863,25.16,29.8,16.04,16.66255711,10.00
8864,25.16,29.8,16.04,22.23806208,10.00
8865,25.16,29.8,35.01,17.39108787,10.00
8866,25.16,29.8,35.01,13.43362393,10.00
8867,25.16,29.8,35.01,19.84464696,10.00
8868,25.16,29.8,35.01,23.64593806,10.00
8869,25.16,29.8,35.01,15.61759507,10.00
8870,25.16,29.8,35.01,14.91854499,10.00
8871,25.16,29.8,35.01,22.33576183,10.00
8872,25.16,29.8,35.01,17.94433183,10.00
8873,25.16,29.8,35.01,19.17741983,10.00
8874,25.16,29.8,35.01,14.00797403,10.00
8875,25.16,29.8,35.01,26.89936209,10.00
8876,25.16,29.8,35.01,13.45547438,10.00
8877,25.16,29.8,35.01,4.820115972,10.00
8878,25.16,29.8,35.01,13.99246962,10.00
8879,25.16,29.8,35.01,18.58440912,10.00
8880,25.16,14.6,16.04,10.29264927,10.00
8881,25.16,14.6,16.04,9.215326116,10.00
8882,25.16,14.6,16.04,13.74751438,10.00
8883,25.16,14.6,16.04,8.842505735,10.00
8884,25.16,14.6,16.04,19.34848518,10.00
8885,25.16,14.6,16.04,18.87282855,10.00
8886,25.16,14.6,16.04,18.29939819,10.00
8887,25.16,14.6,16.04,13.17626289,10.00
8888,25.16,14.6,16.04,9.219569051,10.00
8889,25.16,14.6,16.04,8.718837809,10.00
8890,25.16,14.6,16.04,16.0167811,10.00
8891,25.16,14.6,16.04,21.22192157,10.00
8892,25.16,14.6,16.04,22.08335597,10.00
8893,25.16,14.6,16.04,29.08367634,10.00
8894,25.16,29.8,35.01,27.94511039,10.00
8895,25.16,29.8,35.01,25.76155021,10.00
8896,25.16,29.8,35.01,21.51341502,10.00
8897,25.16,29.8,35.01,17.45490726,10.00
8898,25.16,29.8,35.01,28.43670554,10.00
8899,25.16,29.8,35.01,26.91109984,10.00
8900,25.16,29.8,35.01,21.91999612,10.00
8901,25.16,29.8,35.01,27.43173899,10.00
8902,25.16,29.8,35.01,16.30578408,10.00
8903,25.16,29.8,35.01,22.36495157,10.00
8904,25.16,29.8,35.01,20.68315856,10.00
8905,25.16,29.8,35.01,20.45492284,10.00
8906,25.16,29.8,35.01,20.44547567,10.00
8907,25.16,29.8,16.04,16.73877326,10.00
8908,25.16,29.8,16.04,10.50804088,10.00
8909,25.16,29.8,16.04,8.590406168,10.00
8910,25.16,29.8,16.04,21.96336177,10.00
8911,25.16,29.8,16.04,16.06467525,10.00
8912,25.16,29.8,16.04,21.44012129,10.00
8913,25.16,29.8,35.01,16.76706504,10.00
8914,25.16,29.8,35.01,12.95160186,10.00
8915,25.16,29.8,35.01,19.13258611,10.00
8916,25.16,29.8,35.01,22.7974802,10.00
8917,25.16,29.8,35.01,15.05720828,10.00
8918,25.16,29.8,35.01,14.38324134,10.00
8919,25.16,29.8,35.01,21.5343154,10.00
8920,25.16,29.8,35.01,17.30045763,10.00
8921,25.16,29.8,35.01,18.48930026,10.00
8922,25.16,29.8,35.01,13.50534327,10.00
8923,25.16,29.8,35.01,25.93416565,10.00
8924,25.16,29.8,35.01,13.06292163,10.00
8925,25.16,29.8,35.01,4.679492929,10.00
8926,25.16,29.8,35.01,13.58425046,10.00
8927,25.16,29.8,35.01,18.04222379,10.00
8928,25.16,14.6,16.04,10.36033849,10.00
8929,25.16,14.6,16.04,9.275930356,10.00
8930,25.16,14.6,16.04,13.83792438,10.00
8931,25.16,14.6,16.04,8.900658136,10.00
8932,25.16,14.6,16.04,19.47572975,10.00
8933,25.16,14.6,16.04,18.99694499,10.00
8934,25.16,14.6,16.04,18.41974348,10.00
8935,25.16,14.6,16.04,13.26291608,10.00
8936,25.16,14.6,16.04,9.280201194,10.00
8937,25.16,14.6,16.04,8.776176912,10.00
8938,25.16,14.6,16.04,16.12211484,10.00
8939,25.16,14.6,16.04,21.36148672,10.00
8940,25.16,14.6,16.04,22.2632195,10.00
8941,25.16,14.6,16.04,29.32055576,10.00
8942,25.16,29.8,35.01,28.17271647,10.00
8943,25.16,29.8,35.01,25.97137173,10.00
8944,25.16,29.8,35.01,21.68863652,10.00
8945,25.16,29.8,35.01,17.5970732,10.00
8946,25.16,29.8,35.01,28.66831554,10.00
8947,25.16,29.8,35.01,27.13028415,10.00
8948,25.16,29.8,35.01,22.09852913,10.00
8949,25.16,29.8,35.01,27.65516379,10.00
8950,25.16,29.8,35.01,16.43859069,10.00
8951,25.16,29.8,35.01,22.54710862,10.00
8952,25.16,29.8,35.01,20.85161782,10.00
8953,25.16,29.8,35.01,20.62152318,10.00
8954,25.16,29.8,35.01,20.61199906,10.00
8955,25.16,29.8,16.04,16.87510647,10.00
8956,25.16,29.8,16.04,10.5936263,10.00
8957,25.16,29.8,16.04,8.660372923,10.00
8958,25.16,29.8,16.04,22.14224797,10.00
8959,25.16,29.8,16.04,16.19551809,10.00
8960,25.16,29.8,16.04,21.61474583,10.00
8961,25.16,29.8,35.01,16.90362868,10.00
8962,25.16,29.8,35.01,13.05708949,10.00
8963,25.16,29.8,35.01,19.28841634,10.00
8964,25.16,29.8,35.01,22.98316009,10.00
8965,25.16,29.8,35.01,15.17984555,10.00
8966,25.16,29.8,35.01,14.50038932,10.00
8967,25.16,29.8,35.01,21.70970713,10.00
8968,25.16,29.8,35.01,17.44136562,10.00
8969,25.16,29.8,35.01,18.63989108,10.00
8970,25.16,29.8,35.01,13.61534099,10.00
8971,25.16,29.8,35.01,26.14539308,10.00
8972,25.16,29.8,35.01,13.14882944,10.00
8973,25.16,29.8,35.01,4.710267436,10.00
8974,25.16,29.8,35.01,13.67358677,10.00
8975,25.16,29.8,35.01,18.16087779,10.00
8976,25.16,14.6,16.04,10.8904568,10.00
8977,25.16,14.6,16.04,9.750561614,10.00
8978,25.16,14.6,16.04,14.54598397,10.00
8979,25.16,14.6,16.04,9.356087447,10.00
8980,25.16,14.6,16.04,20.47226484,10.00
8981,25.16,14.6,16.04,19.9689816,10.00
8982,25.16,14.6,16.04,19.36224582,10.00
8983,25.16,14.6,16.04,13.94155362,10.00
8984,25.16,14.6,16.04,9.755050982,10.00
8985,25.16,14.6,16.04,9.225236762,10.00
8986,25.16,14.6,16.04,16.94705201,10.00
8987,25.16,14.6,16.04,22.45451232,10.00
8988,25.16,14.6,16.04,23.67184788,10.00
8989,25.16,14.6,16.04,31.17571275,10.00
8990,25.16,29.8,35.01,29.95524788,10.00
8991,25.16,29.8,35.01,27.61462065,10.00
8992,25.16,29.8,35.01,23.06091015,10.00
8993,25.16,29.8,35.01,18.71046728,10.00
8994,25.16,29.8,35.01,30.48220427,10.00
8995,25.16,29.8,35.01,28.84685926,10.00
8996,25.16,29.8,35.01,23.4967373,10.00
8997,25.16,29.8,35.01,29.40494884,10.00
8998,25.16,29.8,35.01,17.47868579,10.00
8999,25.16,29.8,35.01,23.97369911,10.00
9000,25.16,29.8,35.01,22.17093198,10.00
9001,25.16,29.8,35.01,21.9262789,10.00
9002,25.16,29.8,35.01,21.91615217,10.00
9003,25.16,29.8,16.04,17.9428206,10.00
9004,25.16,29.8,16.04,11.26390144,10.00
9005,25.16,29.8,16.04,9.208328134,10.00
9006,25.16,29.8,16.04,23.5432223,10.00
9007,25.16,29.8,16.04,17.22023361,10.00
9008,25.16,29.8,16.04,22.98234428,10.00
9009,25.16,29.8,35.01,17.97314745,10.00
9010,25.16,29.8,35.01,13.88323177,10.00
9011,25.16,29.8,35.01,20.50882432,10.00
9012,25.16,29.8,35.01,24.43734024,10.00
9013,25.16,29.8,35.01,16.1402979,10.00
9014,25.16,29.8,35.01,15.41785142,10.00
9015,25.16,29.8,35.01,23.08331393,10.00
9016,25.16,29.8,35.01,18.54490784,10.00
9017,25.16,29.8,35.01,19.81926587,10.00
9018,25.16,29.8,35.01,14.4768047,10.00
9019,25.16,29.8,35.01,27.7996526,10.00
9020,25.16,29.8,35.01,13.82162938,10.00
9021,25.16,29.8,35.01,4.95128263,10.00
9022,25.16,29.8,35.01,14.37323752,10.00
9023,25.16,29.8,35.01,19.09013447,10.00
9024,25.16,14.6,16.04,10.7913784,10.00
9025,25.16,14.6,16.04,9.661853671,10.00
9026,25.16,14.6,16.04,14.41364858,10.00
9027,25.16,14.6,16.04,9.270968321,10.00
9028,25.16,14.6,16.04,20.28601377,10.00
9029,25.16,14.6,16.04,19.78730926,10.00
9030,25.16,14.6,16.04,19.1860934,10.00
9031,25.16,14.6,16.04,13.81471718,10.00
9032,25.16,14.6,16.04,9.666302196,10.00
9033,25.16,14.6,16.04,9.14130808,10.00
9034,25.16,14.6,16.04,16.79287236,10.00
9035,25.16,14.6,16.04,22.25022731,10.00
9036,25.16,14.6,16.04,23.40857713,10.00
9037,25.16,14.6,16.04,30.8289864,10.00
9038,25.16,29.8,35.01,29.62209516,10.00
9039,25.16,29.8,35.01,27.30749964,10.00
9040,25.16,29.8,35.01,22.80443405,10.00
9041,25.16,29.8,35.01,18.50237543,10.00
9042,25.16,29.8,35.01,30.14319091,10.00
9043,25.16,29.8,35.01,28.52603368,10.00
9044,25.16,29.8,35.01,23.23541407,10.00
9045,25.16,29.8,35.01,29.07791637,10.00
9046,25.16,29.8,35.01,17.28429342,10.00
9047,25.16,29.8,35.01,23.70707127,10.00
9048,25.16,29.8,35.01,21.92435394,10.00
9049,25.16,29.8,35.01,21.68242181,10.00
9050,25.16,29.8,35.01,21.67240771,10.00
9051,25.16,29.8,16.04,17.74326626,10.00
9052,25.16,29.8,16.04,11.13862792,10.00
9053,25.16,29.8,16.04,9.105916042,10.00
9054,25.16,29.8,16.04,23.28138208,10.00
9055,25.16,29.8,16.04,17.02871566,10.00
9056,25.16,29.8,16.04,22.72674197,10.00
9057,25.16,29.8,35.01,17.77325583,10.00
9058,25.16,29.8,35.01,13.72882689,10.00
9059,25.16,29.8,35.01,20.28073171,10.00
9060,25.16,29.8,35.01,24.16555592,10.00
9061,25.16,29.8,35.01,15.96079065,10.00
9062,25.16,29.8,35.01,15.24637899,10.00
9063,25.16,29.8,35.01,22.82658867,10.00
9064,25.16,29.8,35.01,18.33865728,10.00
9065,25.16,29.8,35.01,19.59884231,10.00
9066,25.16,29.8,35.01,14.31579829,10.00
9067,25.16,29.8,35.01,27.49047372,10.00
9068,25.16,29.8,35.01,13.69588398,10.00
9069,25.16,29.8,35.01,4.906237214,10.00
9070,25.16,29.8,35.01,14.24247374,10.00
9071,25.16,29.8,35.01,18.91645765,10.00
9072,25.16,14.6,16.04,10.52549315,10.00
9073,25.16,14.6,16.04,9.423798411,10.00
9074,25.16,14.6,16.04,14.0585154,10.00
9075,25.16,14.6,16.04,9.042543958,10.00
9076,25.16,14.6,16.04,19.7861933,10.00
9077,25.16,14.6,16.04,19.29977621,10.00
9078,25.16,14.6,16.04,18.7133735,10.00
9079,25.16,14.6,16.04,13.47434087,10.00
9080,25.16,14.6,16.04,9.42813733,10.00
9081,25.16,14.6,16.04,8.916078373,10.00
9082,25.16,14.6,16.04,16.37911826,10.00
9083,25.16,14.6,16.04,21.70201122,10.00
9084,25.16,14.6,16.04,22.70206784,10.00
9085,25.16,14.6,16.04,29.89851697,10.00
9086,25.16,29.8,35.01,28.72805169,10.00
9087,25.16,29.8,35.01,26.48331446,10.00
9088,25.16,29.8,35.01,22.11615879,10.00
9089,25.16,29.8,35.01,17.94394336,10.00
9090,25.16,29.8,35.01,29.23341991,10.00
9091,25.16,29.8,35.01,27.66507114,10.00
9092,25.16,29.8,35.01,22.53413112,10.00
9093,25.16,29.8,35.01,28.2002971,10.00
9094,25.16,29.8,35.01,16.76262506,10.00
9095,25.16,29.8,35.01,22.99155293,10.00
9096,25.16,29.8,35.01,21.26264093,10.00
9097,25.16,29.8,35.01,21.02801071,10.00
9098,25.16,29.8,35.01,21.01829886,10.00
9099,25.16,29.8,16.04,17.20774535,10.00
9100,25.16,29.8,16.04,10.80244584,10.00
9101,25.16,29.8,16.04,8.831084543,10.00
9102,25.16,29.8,16.04,22.57871174,10.00
9103,25.16,29.8,16.04,16.51476106,10.00
9104,25.16,29.8,16.04,22.04081157,10.00
9105,25.16,29.8,35.01,17.23682978,10.00
9106,25.16,29.8,35.01,13.31446835,10.00
9107,25.16,29.8,35.01,19.66862593,10.00
9108,25.16,29.8,35.01,23.43619976,10.00
9109,25.16,29.8,35.01,15.47906778,10.00
9110,25.16,29.8,35.01,14.78621823,10.00
9111,25.16,29.8,35.01,22.13764474,10.00
9112,25.16,29.8,35.01,17.78516649,10.00
9113,25.16,29.8,35.01,19.00731706,10.00
9114,25.16,29.8,35.01,13.88372399,10.00
9115,25.16,29.8,35.01,26.66076608,10.00
9116,25.16,29.8,35.01,13.35843556,10.00
9117,25.16,29.8,35.01,4.785354037,10.00
9118,25.16,29.8,35.01,13.89155808,10.00
9119,25.16,29.8,35.01,18.45038122,10.00
9120,25.16,14.6,16.04,10.3616994,10.00
9121,25.16,14.6,16.04,9.277148824,10.00
9122,25.16,14.6,16.04,13.8397421,10.00
9123,25.16,14.6,16.04,8.901827309,10.00
9124,25.16,14.6,16.04,19.47828804,10.00
9125,25.16,14.6,16.04,18.99944039,10.00
9126,25.16,14.6,16.04,18.42216306,10.00
9127,25.16,14.6,16.04,13.26465827,10.00
9128,25.16,14.6,16.04,9.281420223,10.00
9129,25.16,14.6,16.04,8.777329734,10.00
9130,25.16,14.6,16.04,16.12423261,10.00
9131,25.16,14.6,16.04,21.36429273,10.00
9132,25.16,14.6,16.04,22.26683571,10.00
9133,25.16,14.6,16.04,29.3253183,10.00
9134,25.16,29.8,35.01,28.17729256,10.00
9135,25.16,29.8,35.01,25.97559026,10.00
9136,25.16,29.8,35.01,21.6921594,10.00
9137,25.16,29.8,35.01,17.5999315,10.00
9138,25.16,29.8,35.01,28.67297213,10.00
9139,25.16,29.8,35.01,27.13469093,10.00
9140,25.16,29.8,35.01,22.10211859,10.00
9141,25.16,29.8,35.01,27.65965582,10.00
9142,25.16,29.8,35.01,16.44126082,10.00
9143,25.16,29.8,35.01,22.55077095,10.00
9144,25.16,29.8,35.01,20.85500475,10.00
9145,25.16,29.8,35.01,20.62487273,10.00
9146,25.16,29.8,35.01,20.61534707,10.00
9147,25.16,29.8,16.04,16.87784749,10.00
9148,25.16,29.8,16.04,10.59534702,10.00
9149,25.16,29.8,16.04,8.661779627,10.00
9150,25.16,29.8,16.04,22.14584454,10.00
9151,25.16,29.8,16.04,16.19814873,10.00
9152,25.16,29.8,16.04,21.61825671,10.00
9153,25.16,29.8,35.01,16.90637433,10.00
9154,25.16,29.8,35.01,13.05921035,10.00
9155,25.16,29.8,35.01,19.29154936,10.00
9156,25.16,29.8,35.01,22.98689325,10.00
9157,25.16,29.8,35.01,15.18231122,10.00
9158,25.16,29.8,35.01,14.50274462,10.00
9159,25.16,29.8,35.01,21.71323344,10.00
9160,25.16,29.8,35.01,17.44419862,10.00
9161,25.16,29.8,35.01,18.64291876,10.00
9162,25.16,29.8,35.01,13.61755253,10.00
9163,25.16,29.8,35.01,26.14963988,10.00
9164,25.16,29.8,35.01,13.15055664,10.00
9165,25.16,29.8,35.01,4.710886167,10.00
9166,25.16,29.8,35.01,13.6753829,10.00
9167,25.16,29.8,35.01,18.16326337,10.00
9168,25.16,14.6,16.04,10.84204758,10.00
9169,25.16,14.6,16.04,9.707219352,10.00
9170,25.16,14.6,16.04,14.48132555,10.00
9171,25.16,14.6,16.04,9.314498663,10.00
9172,25.16,14.6,16.04,20.38126349,10.00
9173,25.16,14.6,16.04,19.88021739,10.00
9174,25.16,14.6,16.04,19.27617862,10.00
9175,25.16,14.6,16.04,13.87958196,10.00
9176,25.16,14.6,16.04,9.711688764,10.00
9177,25.16,14.6,16.04,9.184229623,10.00
9178,25.16,14.6,16.04,16.87172059,10.00
9179,25.16,14.6,16.04,22.35469967,10.00
9180,25.16,14.6,16.04,23.5432151,10.00
9181,25.16,14.6,16.04,31.00630397,10.00
9182,25.16,29.8,35.01,29.79247111,10.00
9183,25.16,29.8,35.01,27.46456285,10.00
9184,25.16,29.8,35.01,22.9355972,10.00
9185,25.16,29.8,35.01,18.60879463,10.00
9186,25.16,29.8,35.01,30.31656402,10.00
9187,25.16,29.8,35.01,28.69010547,10.00
9188,25.16,29.8,35.01,23.36905606,10.00
9189,25.16,29.8,35.01,29.24516239,10.00
9190,25.16,29.8,35.01,17.38370664,10.00
9191,25.16,29.8,35.01,23.84342607,10.00
9192,25.16,29.8,35.01,22.05045517,10.00
9193,25.16,29.8,35.01,21.80713153,10.00
9194,25.16,29.8,35.01,21.79705983,10.00
9195,25.16,29.8,16.04,17.84531934,10.00
9196,25.16,29.8,16.04,11.20269342,10.00
9197,25.16,29.8,16.04,9.158290092,10.00
9198,25.16,29.8,16.04,23.41528846,10.00
9199,25.16,29.8,16.04,17.12665889,10.00
9200,25.16,29.8,16.04,22.85745825,10.00
9201,25.16,29.8,35.01,17.87548139,10.00
9202,25.16,29.8,35.01,13.80779031,10.00
9203,25.16,29.8,35.01,20.3973794,10.00
9204,25.16,29.8,35.01,24.30454777,10.00
9205,25.16,29.8,35.01,16.05259154,10.00
9206,25.16,29.8,35.01,15.33407084,10.00
9207,25.16,29.8,35.01,22.95787924,10.00
9208,25.16,29.8,35.01,18.44413484,10.00
9209,25.16,29.8,35.01,19.71156801,10.00
9210,25.16,29.8,35.01,14.39813777,10.00
9211,25.16,29.8,35.01,27.64858933,10.00
9212,25.16,29.8,35.01,13.7601908,10.00
9213,25.16,29.8,35.01,4.929273663,10.00
9214,25.16,29.8,35.01,14.30934699,10.00
9215,25.16,29.8,35.01,19.00527683,10.00
9216,25.16,14.6,16.04,10.39153761,10.00
9217,25.16,14.6,16.04,9.303863889,10.00
9218,25.16,14.6,16.04,13.8795959,10.00
9219,25.16,14.6,16.04,8.927461574,10.00
9220,25.16,14.6,16.04,19.53437895,10.00
9221,25.16,14.6,16.04,19.05415238,10.00
9222,25.16,14.6,16.04,18.47521269,10.00
9223,25.16,14.6,16.04,13.30285602,10.00
9224,25.16,14.6,16.04,9.308147588,10.00
9225,25.16,14.6,16.04,8.802605488,10.00
9226,25.16,14.6,16.04,16.17066497,10.00
9227,25.16,14.6,16.04,21.4258147,10.00
9228,25.16,14.6,16.04,22.34612168,10.00
9229,25.16,14.6,16.04,29.42973755,10.00
9230,25.16,29.8,35.01,28.27762401,10.00
9231,25.16,29.8,35.01,26.06808207,10.00
9232,25.16,29.8,35.01,21.76939911,10.00
9233,25.16,29.8,35.01,17.66259992,10.00
9234,25.16,29.8,35.01,28.77506856,10.00
9235,25.16,29.8,35.01,27.23130996,10.00
9236,25.16,29.8,35.01,22.18081805,10.00
9237,25.16,29.8,35.01,27.75814411,10.00
9238,25.16,29.8,35.01,16.49980354,10.00
9239,25.16,29.8,35.01,22.63106793,10.00
9240,25.16,29.8,35.01,20.92926358,10.00
9241,25.16,29.8,35.01,20.69831213,10.00
9242,25.16,29.8,35.01,20.68875255,10.00
9243,25.16,29.8,16.04,16.93794478,10.00
9244,25.16,29.8,16.04,10.63307408,10.00
9245,25.16,29.8,16.04,8.6926218,10.00
9246,25.16,29.8,16.04,22.22469969,10.00
9247,25.16,29.8,16.04,16.2558258,10.00
9248,25.16,29.8,16.04,21.69523327,10.00
9249,25.16,29.8,35.01,16.9665732,10.00
9250,25.16,29.8,35.01,13.10571055,10.00
9251,25.16,29.8,35.01,19.36024117,10.00
9252,25.16,29.8,35.01,23.06874314,10.00
9253,25.16,29.8,35.01,15.23637118,10.00
9254,25.16,29.8,35.01,14.55438483,10.00
9255,25.16,29.8,35.01,21.79054818,10.00
9256,25.16,29.8,35.01,17.50631253,10.00
9257,25.16,29.8,35.01,18.70930098,10.00
9258,25.16,29.8,35.01,13.66604082,10.00
9259,25.16,29.8,35.01,26.24275142,10.00
9260,25.16,29.8,35.01,13.18842582,10.00
9261,25.16,29.8,35.01,4.724451933,10.00
9262,25.16,29.8,35.01,13.7147634,10.00
9263,25.16,29.8,35.01,18.21556745,10.00
9264,25.16,14.6,16.04,11.00505731,10.00
9265,25.16,14.6,16.04,9.85316699,10.00
9266,25.16,14.6,16.04,14.69905168,10.00
9267,25.16,14.6,16.04,9.454541762,10.00
9268,25.16,14.6,16.04,20.68769494,10.00
9269,25.16,14.6,16.04,20.17911563,10.00
9270,25.16,14.6,16.04,19.56599516,10.00
9271,25.16,14.6,16.04,14.0882609,10.00
9272,25.16,14.6,16.04,9.8577036,10.00
9273,25.16,14.6,16.04,9.322314132,10.00
9274,25.16,14.6,16.04,17.12538621,10.00
9275,25.16,14.6,16.04,22.69080165,10.00
9276,25.16,14.6,16.04,23.97636395,10.00
9277,25.16,14.6,16.04,31.57675898,10.00
9278,25.16,29.8,35.01,30.34059398,10.00
9279,25.16,29.8,35.01,27.96985679,10.00
9280,25.16,29.8,35.01,23.35756708,10.00
9281,25.16,29.8,35.01,18.95115986,10.00
9282,25.16,29.8,35.01,30.87432917,10.00
9283,25.16,29.8,35.01,29.21794698,10.00
9284,25.16,29.8,35.01,23.79900073,10.00
9285,25.16,29.8,35.01,29.78321586,10.00
9286,25.16,29.8,35.01,17.70353265,10.00
9287,25.16,29.8,35.01,24.28209821,10.00
9288,25.16,29.8,35.01,22.45614017,10.00
9289,25.16,29.8,35.01,22.20833986,10.00
9290,25.16,29.8,35.01,22.19808286,10.00
9291,25.16,29.8,16.04,18.17363811,10.00
9292,25.16,29.8,16.04,11.40880095,10.00
9293,25.16,29.8,16.04,9.326784618,10.00
9294,25.16,29.8,16.04,23.84608372,10.00
9295,25.16,29.8,16.04,17.44175573,10.00
9296,25.16,29.8,16.04,23.27799053,10.00
9297,25.16,29.8,35.01,18.20435509,10.00
9298,25.16,29.8,35.01,14.06182649,10.00
9299,25.16,29.8,35.01,20.77265107,10.00
9300,25.16,29.8,35.01,24.75170364,10.00
9301,25.16,29.8,35.01,16.34792766,10.00
9302,25.16,29.8,35.01,15.61618758,10.00
9303,25.16,29.8,35.01,23.38025906,10.00
9304,25.16,29.8,35.01,18.78347065,10.00
9305,25.16,29.8,35.01,20.07422209,10.00
9306,25.16,29.8,35.01,14.66303518,10.00
9307,25.16,29.8,35.01,28.157269,10.00
9308,25.16,29.8,35.01,13.9670747,10.00
9309,25.16,29.8,35.01,5.003385087,10.00
9310,25.16,29.8,35.01,14.52448742,10.00
9311,25.16,29.8,35.01,19.29102038,10.00
9312,25.16,14.6,16.04,10.7038691,10.00
9313,25.16,14.6,16.04,9.583503902,10.00
9314,25.16,14.6,16.04,14.29676563,10.00
9315,25.16,14.6,16.04,9.195788315,10.00
9316,25.16,14.6,16.04,20.12151071,10.00
9317,25.16,14.6,16.04,19.62685029,10.00
9318,25.16,14.6,16.04,19.0305098,10.00
9319,25.16,14.6,16.04,13.70269106,10.00
9320,25.16,14.6,16.04,9.587916353,10.00
9321,25.16,14.6,16.04,9.067179512,10.00
9322,25.16,14.6,16.04,16.65669583,10.00
9323,25.16,14.6,16.04,22.06979608,10.00
9324,25.16,14.6,16.04,23.17604776,10.00
9325,25.16,14.6,16.04,30.52274631,10.00
9326,25.16,29.8,35.01,29.32784373,10.00
9327,25.16,29.8,35.01,27.03624028,10.00
9328,25.16,29.8,35.01,22.57790594,10.00
9329,25.16,29.8,35.01,18.31858187,10.00
9330,25.16,29.8,35.01,29.84376317,10.00
9331,25.16,29.8,35.01,28.24267,10.00
9332,25.16,29.8,35.01,23.00460482,10.00
9333,25.16,29.8,35.01,28.78907055,10.00
9334,25.16,29.8,35.01,17.11259969,10.00
9335,25.16,29.8,35.01,23.4715768,10.00
9336,25.16,29.8,35.01,21.70656811,10.00
9337,25.16,29.8,35.01,21.46703922,10.00
9338,25.16,29.8,35.01,21.4571246,10.00
9339,25.16,29.8,16.04,17.56701332,10.00
9340,25.16,29.8,16.04,11.02798223,10.00
9341,25.16,29.8,16.04,9.01546232,10.00
9342,25.16,29.8,16.04,23.0501162,10.00
9343,25.16,29.8,16.04,16.85956071,10.00
9344,25.16,29.8,16.04,22.50098561,10.00
9345,25.16,29.8,35.01,17.59670499,10.00
9346,25.16,29.8,35.01,13.59245143,10.00
9347,25.16,29.8,35.01,20.07927283,10.00
9348,25.16,29.8,35.01,23.92550709,10.00
9349,25.16,29.8,35.01,15.80224395,10.00
9350,25.16,29.8,35.01,15.09492891,10.00
9351,25.16,29.8,35.01,22.59984048,10.00
9352,25.16,29.8,35.01,18.15649002,10.00
9353,25.16,29.8,35.01,19.40415698,10.00
9354,25.16,29.8,35.01,14.17359215,10.00
9355,25.16,29.8,35.01,27.21739678,10.00
9356,25.16,29.8,35.01,13.58482151,10.00
9357,25.16,29.8,35.01,4.866451624,10.00
9358,25.16,29.8,35.01,14.12697887,10.00
9359,25.16,29.8,35.01,18.76306057,10.00
9360,25.16,14.6,16.04,10.98859078,10.00
9361,25.16,14.6,16.04,9.838423996,10.00
9362,25.16,14.6,16.04,14.67705794,10.00
9363,25.16,14.6,16.04,9.440395219,10.00
9364,25.16,14.6,16.04,20.65674057,10.00
9365,25.16,14.6,16.04,20.14892224,10.00
9366,25.16,14.6,16.04,19.53671915,10.00
9367,25.16,14.6,16.04,14.06718106,10.00
9368,25.16,14.6,16.04,9.842953818,10.00
9369,25.16,14.6,16.04,9.308365437,10.00
9370,25.16,14.6,16.04,17.09976201,10.00
9371,25.16,14.6,16.04,22.6568501,10.00
9372,25.16,14.6,16.04,23.93260914,10.00
9373,25.16,14.6,16.04,31.5191341,10.00
9374,25.16,29.8,35.01,30.285225,10.00
9375,25.16,29.8,35.01,27.9188142,10.00
9376,25.16,29.8,35.01,23.31494152,10.00
9377,25.16,29.8,35.01,18.91657561,10.00
9378,25.16,29.8,35.01,30.81798617,10.00
9379,25.16,29.8,35.01,29.16462674,10.00
9380,25.16,29.8,35.01,23.7555696,10.00
9381,25.16,29.8,35.01,29.72886405,10.00
9382,25.16,29.8,35.01,17.67122522,10.00
9383,25.16,29.8,35.01,24.23778546,10.00
9384,25.16,29.8,35.01,22.41515964,10.00
9385,25.16,29.8,35.01,22.16781155,10.00
9386,25.16,29.8,35.01,22.15757327,10.00
9387,25.16,29.8,16.04,18.14047278,10.00
9388,25.16,29.8,16.04,11.38798086,10.00
9389,25.16,29.8,16.04,9.309764036,10.00
9390,25.16,29.8,16.04,23.80256666,10.00
9391,25.16,29.8,16.04,17.40992602,10.00
9392,25.16,29.8,16.04,23.23551019,10.00
9393,25.16,29.8,35.01,18.17113371,10.00
9394,25.16,29.8,35.01,14.03616487,10.00
9395,25.16,29.8,35.01,20.73474276,10.00
9396,25.16,29.8,35.01,24.70653391,10.00
9397,25.16,29.8,35.01,16.31809409,10.00
9398,25.16,29.8,35.01,15.58768938,10.00
9399,25.16,29.8,35.01,23.33759209,10.00
9400,25.16,29.8,35.01,18.74919242,10.00
9401,25.16,29.8,35.01,20.03758836,10.00
9402,25.16,29.8,35.01,14.6362764,10.00
9403,25.16,29.8,35.01,28.1058844,10.00
9404,25.16,29.8,35.01,13.94617619,10.00
9405,25.16,29.8,35.01,4.995898674,10.00
9406,25.16,29.8,35.01,14.50275487,10.00
9407,25.16,29.8,35.01,19.26215581,10.00
9408,25.16,14.6,16.04,10.76205885,10.00
9409,25.16,14.6,16.04,9.63560298,10.00
9410,25.16,14.6,16.04,14.37448755,10.00
9411,25.16,14.6,16.04,9.245779643,10.00
9412,25.16,14.6,16.04,20.23089786,10.00
9413,25.16,14.6,16.04,19.7335483,10.00
9414,25.16,14.6,16.04,19.13396591,10.00
9415,25.16,14.6,16.04,13.7771834,10.00
9416,25.16,14.6,16.04,9.640039419,10.00
9417,25.16,14.6,16.04,9.116471682,10.00
9418,25.16,14.6,16.04,16.74724711,10.00
9419,25.16,14.6,16.04,22.18977474,10.00
9420,25.16,14.6,16.04,23.33066935,10.00
9421,25.16,14.6,16.04,30.72638222,10.00
9422,25.16,29.8,35.01,29.52350772,10.00
9423,25.16,29.8,35.01,27.21661557,10.00
9424,25.16,29.8,35.01,22.72853696,10.00
9425,25.16,29.8,35.01,18.44079633,10.00
9426,25.16,29.8,35.01,30.04286917,10.00
9427,25.16,29.8,35.01,28.43109413,10.00
9428,25.16,29.8,35.01,23.15808261,10.00
9429,25.16,29.8,35.01,28.98114005,10.00
9430,25.16,29.8,35.01,17.22676831,10.00
9431,25.16,29.8,35.01,23.62817005,10.00
9432,25.16,29.8,35.01,21.85138591,10.00
9433,25.16,29.8,35.01,21.61025897,10.00
9434,25.16,29.8,35.01,21.6002782,10.00
9435,25.16,29.8,16.04,17.68421361,10.00
9436,25.16,29.8,16.04,11.10155665,10.00
9437,25.16,29.8,16.04,9.075609984,10.00
9438,25.16,29.8,16.04,23.20389763,10.00
9439,25.16,29.8,16.04,16.97204116,10.00
9440,25.16,29.8,16.04,22.65110345,10.00
9441,25.16,29.8,35.01,17.71410337,10.00
9442,25.16,29.8,35.01,13.68313499,10.00
9443,25.16,29.8,35.01,20.21323394,10.00
9444,25.16,29.8,35.01,24.08512879,10.00
9445,25.16,29.8,35.01,15.90767038,10.00
9446,25.16,29.8,35.01,15.19563641,10.00
9447,25.16,29.8,35.01,22.75061784,10.00
9448,25.16,29.8,35.01,18.27762307,10.00
9449,25.16,29.8,35.01,19.53361398,10.00
9450,25.16,29.8,35.01,14.26815285,10.00
9451,25.16,29.8,35.01,27.39898069,10.00
9452,25.16,29.8,35.01,13.65867306,10.00
9453,25.16,29.8,35.01,4.892907255,10.00
9454,25.16,29.8,35.01,14.20377777,10.00
9455,25.16,29.8,35.01,18.86506274,10.00
9456,25.16,14.6,16.04,10.07877637,10.00
9457,25.16,14.6,16.04,9.023839113,10.00
9458,25.16,14.6,16.04,13.46185218,10.00
9459,25.16,14.6,16.04,8.658765637,10.00
9460,25.16,14.6,16.04,18.94643935,10.00
9461,25.16,14.6,16.04,18.48066648,10.00
9462,25.16,14.6,16.04,17.91915153,10.00
9463,25.16,14.6,16.04,12.90247083,10.00
9464,25.16,14.6,16.04,9.027993882,10.00
9465,25.16,14.6,16.04,8.53766743,10.00
9466,25.16,14.6,16.04,15.68396537,10.00
9467,25.16,14.6,16.04,20.78094725,10.00
9468,25.16,14.6,16.04,21.51505369,10.00
9469,25.16,14.6,16.04,28.33522489,10.00
9470,25.16,29.8,35.01,27.22595927,10.00
9471,25.16,29.8,35.01,25.09859174,10.00
9472,25.16,29.8,35.01,20.95977983,10.00
9473,25.16,29.8,35.01,17.0057154,10.00
9474,25.16,29.8,35.01,27.7049035,10.00
9475,25.16,29.8,35.01,26.21855838,10.00
9476,25.16,29.8,35.01,21.35589781,10.00
9477,25.16,29.8,35.01,26.72579919,10.00
9478,25.16,29.8,35.01,15.88616423,10.00
9479,25.16,29.8,35.01,21.78940258,10.00
9480,25.16,29.8,35.01,20.15088953,10.00
9481,25.16,29.8,35.01,19.92852733,10.00
9482,25.16,29.8,35.01,19.91932328,10.00
9483,25.16,29.8,16.04,16.30801069,10.00
9484,25.16,29.8,16.04,10.23762257,10.00
9485,25.16,29.8,16.04,8.369337076,10.00
9486,25.16,29.8,16.04,21.39814746,10.00
9487,25.16,29.8,16.04,15.6512602,10.00
9488,25.16,29.8,16.04,20.88837227,10.00
9489,25.16,29.8,35.01,16.3355744,10.00
9490,25.16,29.8,35.01,12.61829994,10.00
9491,25.16,29.8,35.01,18.64022017,10.00
9492,25.16,29.8,35.01,22.21080034,10.00
9493,25.16,29.8,35.01,14.66971981,10.00
9494,25.16,29.8,35.01,14.01309702,10.00
9495,25.16,29.8,35.01,20.98014236,10.00
9496,25.16,29.8,35.01,16.85524044,10.00
9497,25.16,29.8,35.01,18.0134889,10.00
9498,25.16,29.8,35.01,13.15779114,10.00
9499,25.16,29.8,35.01,25.26676502,10.00
9500,25.16,29.8,35.01,12.79148471,10.00
9501,25.16,29.8,35.01,4.582256861,10.00
9502,25.16,29.8,35.01,13.30198076,10.00
9503,25.16,29.8,35.01,17.66732101,10.00
9504,25.16,14.6,16.04,10.19686019,10.00
9505,25.16,14.6,16.04,9.129563197,10.00
9506,25.16,14.6,16.04,13.61957241,10.00
9507,25.16,14.6,16.04,8.760212488,10.00
9508,25.16,14.6,16.04,19.16841748,10.00
9509,25.16,14.6,16.04,18.69718758,10.00
9510,25.16,14.6,16.04,18.12909387,10.00
9511,25.16,14.6,16.04,13.0536373,10.00
9512,25.16,14.6,16.04,9.133766644,10.00
9513,25.16,14.6,16.04,8.637695484,10.00
9514,25.16,14.6,16.04,15.86772008,10.00
9515,25.16,14.6,16.04,21.02441863,10.00
9516,25.16,14.6,16.04,21.82882557,10.00
9517,25.16,14.6,16.04,28.748461,10.00
9518,25.16,29.8,35.01,27.62301804,10.00
9519,25.16,29.8,35.01,25.46462534,10.00
9520,25.16,29.8,35.01,21.2654537,10.00
9521,25.16,29.8,35.01,17.25372386,10.00
9522,25.16,29.8,35.01,28.10894711,10.00
9523,25.16,29.8,35.01,26.60092538,10.00
9524,25.16,29.8,35.01,21.6673486,10.00
9525,25.16,29.8,35.01,27.1155637,10.00
9526,25.16,29.8,35.01,16.11784535,10.00
9527,25.16,29.8,35.01,22.10717553,10.00
9528,25.16,29.8,35.01,20.44476668,10.00
9529,25.16,29.8,35.01,20.21916159,10.00
9530,25.16,29.8,35.01,20.2098233,10.00
9531,25.16,29.8,16.04,16.54584395,10.00
9532,25.16,29.8,16.04,10.38692632,10.00
9533,25.16,29.8,16.04,8.491394066,10.00
9534,25.16,29.8,16.04,21.71021441,10.00
9535,25.16,29.8,16.04,15.87951552,10.00
9536,25.16,29.8,16.04,21.19300474,10.00
9537,25.16,29.8,35.01,16.57380964,10.00
9538,25.16,29.8,35.01,12.80232309,10.00
9539,25.16,29.8,35.01,18.91206597,10.00
9540,25.16,29.8,35.01,22.53471888,10.00
9541,25.16,29.8,35.01,14.88366051,10.00
9542,25.16,29.8,35.01,14.21746164,10.00
9543,25.16,29.8,35.01,21.28611319,10.00
9544,25.16,29.8,35.01,17.10105441,10.00
9545,25.16,29.8,35.01,18.27619457,10.00
9546,25.16,29.8,35.01,13.34968213,10.00
9547,25.16,29.8,35.01,25.63525123,10.00
9548,25.16,29.8,35.01,12.94135086,10.00
9549,25.16,29.8,35.01,4.635942981,10.00
9550,25.16,29.8,35.01,13.45782792,10.00
9551,25.16,29.8,35.01,17.87431289,10.00
9552,25.16,14.6,16.04,10.30388227,10.00
9553,25.16,14.6,16.04,9.225383361,10.00
9554,25.16,14.6,16.04,13.76251787,10.00
9555,25.16,14.6,16.04,8.852156098,10.00
9556,25.16,14.6,16.04,19.36960135,10.00
9557,25.16,14.6,16.04,18.89342561,10.00
9558,25.16,14.6,16.04,18.31936943,10.00
9559,25.16,14.6,16.04,13.19064295,10.00
9560,25.16,14.6,16.04,9.229630926,10.00
9561,25.16,14.6,16.04,8.728353206,10.00
9562,25.16,14.6,16.04,16.03426118,10.00
9563,25.16,14.6,16.04,21.24508234,10.00
9564,25.16,14.6,16.04,22.11320424,10.00
9565,25.16,14.6,16.04,29.12298637,10.00
9566,25.16,29.8,35.01,27.98288151,10.00
9567,25.16,29.8,35.01,25.79636999,10.00
9568,25.16,29.8,35.01,21.54249294,10.00
9569,25.16,29.8,35.01,17.47849963,10.00
9570,25.16,29.8,35.01,28.4751411,10.00
9571,25.16,29.8,35.01,26.94747337,10.00
9572,25.16,29.8,35.01,21.94962359,10.00
9573,25.16,29.8,35.01,27.46881623,10.00
9574,25.16,29.8,35.01,16.32782327,10.00
9575,25.16,29.8,35.01,22.39518044,10.00
9576,25.16,29.8,35.01,20.71111429,10.00
9577,25.16,29.8,35.01,20.48257009,10.00
9578,25.16,29.8,35.01,20.47311014,10.00
9579,25.16,29.8,16.04,16.76139769,10.00
9580,25.16,29.8,16.04,10.52224374,10.00
9581,25.16,29.8,16.04,8.602017118,10.00
9582,25.16,29.8,16.04,21.99304785,10.00
9583,25.16,29.8,16.04,16.08638855,10.00
9584,25.16,29.8,16.04,21.46910015,10.00
9585,25.16,29.8,35.01,16.78972771,10.00
9586,25.16,29.8,35.01,12.96910749,10.00
9587,25.16,29.8,35.01,19.15844607,10.00
9588,25.16,29.8,35.01,22.82829369,10.00
9589,25.16,29.8,35.01,15.07755988,10.00
9590,25.16,29.8,35.01,14.402682,10.00
9591,25.16,29.8,35.01,21.56342157,10.00
9592,25.16,29.8,35.01,17.32384124,10.00
9593,25.16,29.8,35.01,18.51429074,10.00
9594,25.16,29.8,35.01,13.52359734,10.00
9595,25.16,29.8,35.01,25.96921874,10.00
9596,25.16,29.8,35.01,13.07717799,10.00
9597,25.16,29.8,35.01,4.684599944,10.00
9598,25.16,29.8,35.01,13.59907578,10.00
9599,25.16,29.8,35.01,18.06191437,10.00
9600,25.16,14.6,16.04,10.30205432,10.00
9601,25.16,14.6,16.04,9.223746744,10.00
9602,25.16,14.6,16.04,13.76007635,10.00
9603,25.16,14.6,16.04,8.850585693,10.00
9604,25.16,14.6,16.04,19.36616511,10.00
9605,25.16,14.6,16.04,18.89007385,10.00
9606,25.16,14.6,16.04,18.31611951,10.00
9607,25.16,14.6,16.04,13.18830288,10.00
9608,25.16,14.6,16.04,9.227993555,10.00
9609,25.16,14.6,16.04,8.726804763,10.00
9610,25.16,14.6,16.04,16.03141664,10.00
9611,25.16,14.6,16.04,21.24131338,10.00
9612,25.16,14.6,16.04,22.10834702,10.00
9613,25.16,14.6,16.04,29.11658944,10.00
9614,25.16,29.8,35.01,27.97673501,10.00
9615,25.16,29.8,35.01,25.79070376,10.00
9616,25.16,29.8,35.01,21.53776109,10.00
9617,25.16,29.8,35.01,17.47466044,10.00
9618,25.16,29.8,35.01,28.46888648,10.00
9619,25.16,29.8,35.01,26.9415543,10.00
9620,25.16,29.8,35.01,21.94480231,10.00
9621,25.16,29.8,35.01,27.46278264,10.00
9622,25.16,29.8,35.01,16.32423683,10.00
9623,25.16,29.8,35.01,22.39026129,10.00
9624,25.16,29.8,35.01,20.70656505,10.00
9625,25.16,29.8,35.01,20.47807105,10.00
9626,25.16,29.8,35.01,20.46861318,10.00
9627,25.16,29.8,16.04,16.75771601,10.00
9628,25.16,29.8,16.04,10.5199325,10.00
9629,25.16,29.8,16.04,8.600127666,10.00
9630,25.16,29.8,16.04,21.98821702,10.00
9631,25.16,29.8,16.04,16.08285514,10.00
9632,25.16,29.8,16.04,21.46438441,10.00
9633,25.16,29.8,35.01,16.78603981,10.00
9634,25.16,29.8,35.01,12.96625879,10.00
9635,25.16,29.8,35.01,19.15423787,10.00
9636,25.16,29.8,35.01,22.8232794,10.00
9637,25.16,29.8,35.01,15.07424806,10.00
9638,25.16,29.8,35.01,14.39951841,10.00
9639,25.16,29.8,35.01,21.55868512,10.00
9640,25.16,29.8,35.01,17.32003602,10.00
9641,25.16,29.8,35.01,18.51022403,10.00
9642,25.16,29.8,35.01,13.52062685,10.00
9643,25.16,29.8,35.01,25.96351455,10.00
9644,25.16,29.8,35.01,13.07485805,10.00
9645,25.16,29.8,35.01,4.683768878,10.00
9646,25.16,29.8,35.01,13.59666325,10.00
9647,25.16,29.8,35.01,18.05871012,10.00
9648,25.16,14.6,16.04,10.44098804,10.00
9649,25.16,14.6,16.04,9.348138387,10.00
9650,25.16,14.6,16.04,13.94564503,10.00
9651,25.16,14.6,16.04,8.969944878,10.00
9652,25.16,14.6,16.04,19.62733762,10.00
9653,25.16,14.6,16.04,19.14482579,10.00
9654,25.16,14.6,16.04,18.56313108,10.00
9655,25.16,14.6,16.04,13.36616061,10.00
9656,25.16,14.6,16.04,9.352442471,10.00
9657,25.16,14.6,16.04,8.844494637,10.00
9658,25.16,14.6,16.04,16.24761667,10.00
9659,25.16,14.6,16.04,21.52777418,10.00
9660,25.16,14.6,16.04,22.47752119,10.00
9661,25.16,14.6,16.04,29.60279009,10.00
9662,25.16,29.8,35.01,28.4439019,10.00
9663,25.16,29.8,35.01,26.22136742,10.00
9664,25.16,29.8,35.01,21.89740738,10.00
9665,25.16,29.8,35.01,17.76645942,10.00
9666,25.16,29.8,35.01,28.94427152,10.00
9667,25.16,29.8,35.01,27.39143532,10.00
9668,25.16,29.8,35.01,22.31124554,10.00
9669,25.16,29.8,35.01,27.92136735,10.00
9670,25.16,29.8,35.01,16.59682557,10.00
9671,25.16,29.8,35.01,22.76414298,10.00
9672,25.16,29.8,35.01,21.05233169,10.00
9673,25.16,29.8,35.01,20.8200222,10.00
9674,25.16,29.8,35.01,20.81040641,10.00
9675,25.16,29.8,16.04,17.03754317,10.00
9676,25.16,29.8,16.04,10.69559861,10.00
9677,25.16,29.8,16.04,8.743736094,10.00
9678,25.16,29.8,16.04,22.35538521,10.00
9679,25.16,29.8,16.04,16.3514132,10.00
9680,25.16,29.8,16.04,21.82280543,10.00
9681,25.16,29.8,35.01,17.06633993,10.00
9682,25.16,29.8,35.01,13.18277465,10.00
9683,25.16,29.8,35.01,19.47408312,10.00
9684,25.16,29.8,35.01,23.2043918,10.00
9685,25.16,29.8,35.01,15.32596398,10.00
9686,25.16,29.8,35.01,14.63996743,10.00
9687,25.16,29.8,35.01,21.91868081,10.00
9688,25.16,29.8,35.01,17.60925303,10.00
9689,25.16,29.8,35.01,18.81931528,10.00
9690,25.16,29.8,35.01,13.74639978,10.00
9691,25.16,29.8,35.01,26.39706387,10.00
9692,25.16,29.8,35.01,13.25118586,10.00
9693,25.16,29.8,35.01,4.746934284,10.00
9694,25.16,29.8,35.01,13.78002814,10.00
9695,25.16,29.8,35.01,18.30225026,10.00
9696,25.16,14.6,16.04,10.01443816,10.00
9697,25.16,14.6,16.04,8.966235134,10.00
9698,25.16,14.6,16.04,13.37591799,10.00
9699,25.16,14.6,16.04,8.603492117,10.00
9700,25.16,14.6,16.04,18.82549412,10.00
9701,25.16,14.6,16.04,18.36269453,10.00
9702,25.16,14.6,16.04,17.80476403,10.00
9703,25.16,14.6,16.04,12.82010748,10.00
9704,25.16,14.6,16.04,8.970363381,10.00
9705,25.16,14.6,16.04,8.483166944,10.00
9706,25.16,14.6,16.04,15.58384626,10.00
9707,25.16,14.6,16.04,20.64829138,10.00
9708,25.16,14.6,16.04,21.34409444,10.00
9709,25.16,14.6,16.04,28.11007237,10.00
9710,25.16,29.8,35.01,27.00962101,10.00
9711,25.16,29.8,35.01,24.89915761,10.00
9712,25.16,29.8,35.01,20.79323281,10.00
9713,25.16,29.8,35.01,16.87058749,10.00
9714,25.16,29.8,35.01,27.48475954,10.00
9715,25.16,29.8,35.01,26.01022495,10.00
9716,25.16,29.8,35.01,21.18620323,10.00
9717,25.16,29.8,35.01,26.51343521,10.00
9718,25.16,29.8,35.01,15.75993231,10.00
9719,25.16,29.8,35.01,21.61626336,10.00
9720,25.16,29.8,35.01,19.99076998,10.00
9721,25.16,29.8,35.01,19.77017468,10.00
9722,25.16,29.8,35.01,19.76104376,10.00
9723,25.16,29.8,16.04,16.17842677,10.00
9724,25.16,29.8,16.04,10.15627413,10.00
9725,25.16,29.8,16.04,8.302834081,10.00
9726,25.16,29.8,16.04,21.22811716,10.00
9727,25.16,29.8,16.04,15.52689483,10.00
9728,25.16,29.8,16.04,20.72239266,10.00
9729,25.16,29.8,35.01,16.20577145,10.00
9730,25.16,29.8,35.01,12.51803457,10.00
9731,25.16,29.8,35.01,18.49210444,10.00
9732,25.16,29.8,35.01,22.03431268,10.00
9733,25.16,29.8,35.01,14.55315379,10.00
9734,25.16,29.8,35.01,13.90174854,10.00
9735,25.16,29.8,35.01,20.81343354,10.00
9736,25.16,29.8,35.01,16.72130821,10.00
9737,25.16,29.8,35.01,17.8703532,10.00
9738,25.16,29.8,35.01,13.05323895,10.00
9739,25.16,29.8,35.01,25.06599458,10.00
9740,25.16,29.8,35.01,12.70982984,10.00
9741,25.16,29.8,35.01,4.553005871,10.00
9742,25.16,29.8,35.01,13.21706712,10.00
9743,25.16,29.8,35.01,17.55454108,10.00
9744,25.16,14.6,16.04,10.29678236,10.00
9745,25.16,14.6,16.04,9.219026591,10.00
9746,25.16,14.6,16.04,13.75303478,10.00
9747,25.16,14.6,16.04,8.846056501,10.00
9748,25.16,14.6,16.04,19.35625469,10.00
9749,25.16,14.6,16.04,18.88040706,10.00
9750,25.16,14.6,16.04,18.30674643,10.00
9751,25.16,14.6,16.04,13.18155391,10.00
9752,25.16,14.6,16.04,9.223271229,10.00
9753,25.16,14.6,16.04,8.722338915,10.00
9754,25.16,14.6,16.04,16.02321274,10.00
9755,25.16,14.6,16.04,21.23044337,10.00
9756,25.16,14.6,16.04,22.09433838,10.00
9757,25.16,14.6,16.04,29.09814012,10.00
9758,25.16,29.8,35.01,27.95900794,10.00
9759,25.16,29.8,35.01,25.77436184,10.00
9760,25.16,29.8,35.01,21.52411398,10.00
9761,25.16,29.8,35.01,17.46358786,10.00
9762,25.16,29.8,35.01,28.45084756,10.00
9763,25.16,29.8,35.01,26.92448316,10.00
9764,25.16,29.8,35.01,21.93089729,10.00
9765,25.16,29.8,35.01,27.44538123,10.00
9766,25.16,29.8,35.01,16.3138932,10.00
9767,25.16,29.8,35.01,22.37607401,10.00
9768,25.16,29.8,35.01,20.69344462,10.00
9769,25.16,29.8,35.01,20.4650954,10.00
9770,25.16,29.8,35.01,20.45564353,10.00
9771,25.16,29.8,16.04,16.74709772,10.00
9772,25.16,29.8,16.04,10.51326669,10.00
9773,25.16,29.8,16.04,8.594678315,10.00
9774,25.16,29.8,16.04,21.9742845,10.00
9775,25.16,29.8,16.04,16.07266447,10.00
9776,25.16,29.8,16.04,21.4507838,10.00
9777,25.16,29.8,35.01,16.77540357,10.00
9778,25.16,29.8,35.01,12.9580429,10.00
9779,25.16,29.8,35.01,19.14210105,10.00
9780,25.16,29.8,35.01,22.80881775,10.00
9781,25.16,29.8,35.01,15.06469647,10.00
9782,25.16,29.8,35.01,14.39039436,10.00
9783,25.16,29.8,35.01,21.54502476,10.00
9784,25.16,29.8,35.01,17.30906142,10.00
9785,25.16,29.8,35.01,18.49849529,10.00
9786,25.16,29.8,35.01,13.5120597,10.00
9787,25.16,29.8,35.01,25.94706313,10.00
9788,25.16,29.8,35.01,13.06816713,10.00
9789,25.16,29.8,35.01,4.68137201,10.00
9790,25.16,29.8,35.01,13.58970531,10.00
9791,25.16,29.8,35.01,18.04946877,10.00
9792,25.16,14.6,16.04,10.16257321,10.00
9793,25.16,14.6,16.04,9.098865006,10.00
9794,25.16,14.6,16.04,13.57377654,10.00
9795,25.16,14.6,16.04,8.73075624,10.00
9796,25.16,14.6,16.04,19.1039636,10.00
9797,25.16,14.6,16.04,18.63431821,10.00
9798,25.16,14.6,16.04,18.06813472,10.00
9799,25.16,14.6,16.04,13.0097444,10.00
9800,25.16,14.6,16.04,9.103054319,10.00
9801,25.16,14.6,16.04,8.6086512,10.00
9802,25.16,14.6,16.04,15.81436481,10.00
9803,25.16,14.6,16.04,20.95372395,10.00
9804,25.16,14.6,16.04,21.73771833,10.00
9805,25.16,14.6,16.04,28.62847319,10.00
9806,25.16,29.8,35.01,27.5077275,10.00
9807,25.16,29.8,35.01,25.35834332,10.00
9808,25.16,29.8,35.01,21.17669781,10.00
9809,25.16,29.8,35.01,17.18171178,10.00
9810,25.16,29.8,35.01,27.99162845,10.00
9811,25.16,29.8,35.01,26.48990077,10.00
9812,25.16,29.8,35.01,21.57691531,10.00
9813,25.16,29.8,35.01,27.00239114,10.00
9814,25.16,29.8,35.01,16.0505741,10.00
9815,25.16,29.8,35.01,22.01490654,10.00
9816,25.16,29.8,35.01,20.35943611,10.00
9817,25.16,29.8,35.01,20.13477263,10.00
9818,25.16,29.8,35.01,20.12547331,10.00
9819,25.16,29.8,16.04,16.47678636,10.00
9820,25.16,29.8,16.04,10.34357428,10.00
9821,25.16,29.8,16.04,8.45595343,10.00
9822,25.16,29.8,16.04,21.61960222,10.00
9823,25.16,29.8,16.04,15.81323899,10.00
9824,25.16,29.8,16.04,21.10455124,10.00
9825,25.16,29.8,35.01,16.50463533,10.00
9826,25.16,29.8,35.01,12.74888987,10.00
9827,25.16,29.8,35.01,18.83313245,10.00
9828,25.16,29.8,35.01,22.44066545,10.00
9829,25.16,29.8,35.01,14.82154039,10.00
9830,25.16,29.8,35.01,14.15812205,10.00
9831,25.16,29.8,35.01,21.19727107,10.00
9832,25.16,29.8,35.01,17.02967952,10.00
9833,25.16,29.8,35.01,18.19991499,10.00
9834,25.16,29.8,35.01,13.2939644,10.00
9835,25.16,29.8,35.01,25.52825707,10.00
9836,25.16,29.8,35.01,12.89783552,10.00
9837,25.16,29.8,35.01,4.620354605,10.00
9838,25.16,29.8,35.01,13.41257592,10.00
9839,25.16,29.8,35.01,17.81421044,10.00
9840,25.16,14.6,16.04,10.49523271,10.00
9841,25.16,14.6,16.04,9.396705313,10.00
9842,25.16,14.6,16.04,14.01809765,10.00
9843,25.16,14.6,16.04,9.016546954,10.00
9844,25.16,14.6,16.04,19.72930867,10.00
9845,25.16,14.6,16.04,19.24429001,10.00
9846,25.16,14.6,16.04,18.6595732,10.00
9847,25.16,14.6,16.04,13.4356026,10.00
9848,25.16,14.6,16.04,9.401031758,10.00
9849,25.16,14.6,16.04,8.890444953,10.00
9850,25.16,14.6,16.04,16.33202885,10.00
9851,25.16,14.6,16.04,21.63961868,10.00
9852,25.16,14.6,16.04,22.62165993,10.00
9853,25.16,14.6,16.04,29.79262013,10.00
9854,25.16,29.8,35.01,28.62630049,10.00
9855,25.16,29.8,35.01,26.38951385,10.00
9856,25.16,29.8,35.01,22.0378261,10.00
9857,25.16,29.8,35.01,17.88038813,10.00
9858,25.16,29.8,35.01,29.12987876,10.00
9859,25.16,29.8,35.01,27.5670849,10.00
9860,25.16,29.8,35.01,22.45431802,10.00
9861,25.16,29.8,35.01,28.10041515,10.00
9862,25.16,29.8,35.01,16.70325392,10.00
9863,25.16,29.8,35.01,22.9101197,10.00
9864,25.16,29.8,35.01,21.1873313,10.00
9865,25.16,29.8,35.01,20.95353211,10.00
9866,25.16,29.8,35.01,20.94385465,10.00
9867,25.16,29.8,16.04,17.14679765,10.00
9868,25.16,29.8,16.04,10.76418492,10.00
9869,25.16,29.8,16.04,8.799805938,10.00
9870,25.16,29.8,16.04,22.49874075,10.00
9871,25.16,29.8,16.04,16.45626782,10.00
9872,25.16,29.8,16.04,21.96274576,10.00
9873,25.16,29.8,35.01,17.17577907,10.00
9874,25.16,29.8,35.01,13.26731015,10.00
9875,25.16,29.8,35.01,19.5989621,10.00
9876,25.16,29.8,35.01,23.35319165,10.00
9877,25.16,29.8,35.01,15.42424284,10.00
9878,25.16,29.8,35.01,14.73384728,10.00
9879,25.16,29.8,35.01,22.05923595,10.00
9880,25.16,29.8,35.01,17.72217364,10.00
9881,25.16,29.8,35.01,18.93999551,10.00
9882,25.16,29.8,35.01,13.83454957,10.00
9883,25.16,29.8,35.01,26.56633696,10.00
9884,25.16,29.8,35.01,13.32003052,10.00
9885,25.16,29.8,35.01,4.771596308,10.00
9886,25.16,29.8,35.01,13.85162032,10.00
9887,25.16,29.8,35.01,18.39733701,10.00
9888,25.16,14.6,16.04,10.15808664,10.00
9889,25.16,14.6,16.04,9.094848038,10.00
9890,25.16,14.6,16.04,13.56778399,10.00
9891,25.16,14.6,16.04,8.726901786,10.00
9892,25.16,14.6,16.04,19.09552958,10.00
9893,25.16,14.6,16.04,18.62609153,10.00
9894,25.16,14.6,16.04,18.060158,10.00
9895,25.16,14.6,16.04,13.00400086,10.00
9896,25.16,14.6,16.04,9.099035502,10.00
9897,25.16,14.6,16.04,8.604850652,10.00
9898,25.16,14.6,16.04,15.80738308,10.00
9899,25.16,14.6,16.04,20.9444733,10.00
9900,25.16,14.6,16.04,21.72579663,10.00
9901,25.16,14.6,16.04,28.61277236,10.00
9902,25.16,29.8,35.01,27.49264133,10.00
9903,25.16,29.8,35.01,25.34443594,10.00
9904,25.16,29.8,35.01,21.16508379,10.00
9905,25.16,29.8,35.01,17.17228875,10.00
9906,25.16,29.8,35.01,27.97627689,10.00
9907,25.16,29.8,35.01,26.4753728,10.00
9908,25.16,29.8,35.01,21.5650818,10.00
9909,25.16,29.8,35.01,26.98758211,10.00
9910,25.16,29.8,35.01,16.04177142,10.00
9911,25.16,29.8,35.01,22.00283281,10.00
9912,25.16,29.8,35.01,20.3482703,10.00
9913,25.16,29.8,35.01,20.12373003,10.00
9914,25.16,29.8,35.01,20.11443582,10.00
9915,25.16,29.8,16.04,16.46774992,10.00
9916,25.16,29.8,16.04,10.33790151,10.00
9917,25.16,29.8,16.04,8.451315897,10.00
9918,25.16,29.8,16.04,21.60774529,10.00
9919,25.16,29.8,16.04,15.80456647,10.00
9920,25.16,29.8,16.04,21.09297678,10.00
9921,25.16,29.8,35.01,16.49558362,10.00
9922,25.16,29.8,35.01,12.74189795,10.00
9923,25.16,29.8,35.01,18.82280372,10.00
9924,25.16,29.8,35.01,22.42835822,10.00
9925,25.16,29.8,35.01,14.81341175,10.00
9926,25.16,29.8,35.01,14.15035725,10.00
9927,25.16,29.8,35.01,21.18564577,10.00
9928,25.16,29.8,35.01,17.02033987,10.00
9929,25.16,29.8,35.01,18.18993353,10.00
9930,25.16,29.8,35.01,13.28667353,10.00
9931,25.16,29.8,35.01,25.5142565,10.00
9932,25.16,29.8,35.01,12.89214138,10.00
9933,25.16,29.8,35.01,4.618314811,10.00
9934,25.16,29.8,35.01,13.40665454,10.00
9935,25.16,29.8,35.01,17.80634582,10.00
9936,25.16,14.6,16.04,10.0359922,10.00
9937,25.16,14.6,16.04,8.985533126,10.00
9938,25.16,14.6,16.04,13.40470693,10.00
9939,25.16,14.6,16.04,8.622009378,10.00
9940,25.16,14.6,16.04,18.86601215,10.00
9941,25.16,14.6,16.04,18.40221648,10.00
9942,25.16,14.6,16.04,17.84308515,10.00
9943,25.16,14.6,16.04,12.84770014,10.00
9944,25.16,14.6,16.04,8.989670258,10.00
9945,25.16,14.6,16.04,8.50142523,10.00
9946,25.16,14.6,16.04,15.61738731,10.00
9947,25.16,14.6,16.04,20.69273261,10.00
9948,25.16,14.6,16.04,21.40136775,10.00
9949,25.16,14.6,16.04,28.18550104,10.00
9950,25.16,29.8,35.01,27.0820968,10.00
9951,25.16,29.8,35.01,24.96597032,10.00
9952,25.16,29.8,35.01,20.84902797,10.00
9953,25.16,29.8,35.01,16.91585689,10.00
9954,25.16,29.8,35.01,27.55851028,10.00
9955,25.16,29.8,35.01,26.08001903,10.00
9956,25.16,29.8,35.01,21.24305285,10.00
9957,25.16,29.8,35.01,26.58457957,10.00
9958,25.16,29.8,35.01,15.80222145,10.00
9959,25.16,29.8,35.01,21.67426698,10.00
9960,25.16,29.8,35.01,20.04441186,10.00
9961,25.16,29.8,35.01,19.82322463,10.00
9962,25.16,29.8,35.01,19.8140692,10.00
9963,25.16,29.8,16.04,16.22183886,10.00
9964,25.16,29.8,16.04,10.18352679,10.00
9965,25.16,29.8,16.04,8.325113345,10.00
9966,25.16,29.8,16.04,21.28507926,10.00
9967,25.16,29.8,16.04,15.56855865,10.00
9968,25.16,29.8,16.04,20.77799773,10.00
9969,25.16,29.8,35.01,16.24925692,10.00
9970,25.16,29.8,35.01,12.55162462,10.00
9971,25.16,29.8,35.01,18.5417249,10.00
9972,25.16,29.8,35.01,22.09343806,10.00
9973,25.16,29.8,35.01,14.59220474,10.00
9974,25.16,29.8,35.01,13.93905155,10.00
9975,25.16,29.8,35.01,20.8692829,10.00
9976,25.16,29.8,35.01,16.76617704,10.00
9977,25.16,29.8,35.01,17.9183053,10.00
9978,25.16,29.8,35.01,13.08826513,10.00
9979,25.16,29.8,35.01,25.13325497,10.00
9980,25.16,29.8,35.01,12.73718516,10.00
9981,25.16,29.8,35.01,4.562805287,10.00
9982,25.16,29.8,35.01,13.24551416,10.00
9983,25.16,29.8,35.01,17.59232365,10.00
9984,25.16,14.6,16.04,10.54751155,10.00
9985,25.16,14.6,16.04,9.443512163,10.00
9986,25.16,14.6,16.04,14.08792457,10.00
9987,25.16,14.6,16.04,9.06146016,10.00
9988,25.16,14.6,16.04,19.82758427,10.00
9989,25.16,14.6,16.04,19.34014963,10.00
9990,25.16,14.6,16.04,18.75252022,10.00
9991,25.16,14.6,16.04,13.502528,10.00
9992,25.16,14.6,16.04,9.447860159,10.00
9993,25.16,14.6,16.04,8.93473002,10.00
9994,25.16,14.6,16.04,16.41338192,10.00
9995,25.16,14.6,16.04,21.74740991,10.00
9996,25.16,14.6,16.04,22.76057505,10.00
9997,25.16,14.6,16.04,29.97557069,10.00
9998,25.16,29.8,35.01,28.80208891,10.00
9999,25.16,29.8,35.01,26.55156661,10.00
10000,25.16,29.8,35.01,22.17315601,10.00
10001,25.16,29.8,35.01,17.99018805,10.00
10002,25.16,29.8,35.01,29.30875956,10.00
10003,25.16,29.8,35.01,27.73636889,10.00
10004,25.16,29.8,35.01,22.59220553,10.00
10005,25.16,29.8,35.01,28.27297422,10.00
10006,25.16,29.8,35.01,16.80582529,10.00
10007,25.16,29.8,35.01,23.05080619,10.00
10008,25.16,29.8,35.01,21.31743849,10.00
10009,25.16,29.8,35.01,21.08220359,10.00
10010,25.16,29.8,35.01,21.0724667,10.00
10011,25.16,29.8,16.04,17.25209273,10.00
10012,25.16,29.8,16.04,10.83028564,10.00
10013,25.16,29.8,16.04,8.853843797,10.00
10014,25.16,29.8,16.04,22.63690104,10.00
10015,25.16,29.8,16.04,16.55732249,10.00
10016,25.16,29.8,16.04,22.09761461,10.00
10017,25.16,29.8,35.01,17.28125212,10.00
10018,25.16,29.8,35.01,13.34878207,10.00
10019,25.16,29.8,35.01,19.71931543,10.00
10020,25.16,29.8,35.01,23.49659896,10.00
10021,25.16,29.8,35.01,15.51896005,10.00
10022,25.16,29.8,35.01,14.82432491,10.00
10023,25.16,29.8,35.01,22.19469733,10.00
10024,25.16,29.8,35.01,17.83100199,10.00
10025,25.16,29.8,35.01,19.05630226,10.00
10026,25.16,29.8,35.01,13.91950479,10.00
10027,25.16,29.8,35.01,26.72947556,10.00
10028,25.16,29.8,35.01,13.38638023,10.00
10029,25.16,29.8,35.01,4.795364574,10.00
10030,25.16,29.8,35.01,13.92061799,10.00
10031,25.16,29.8,35.01,18.48897779,10.00
10032,25.16,14.6,16.04,10.0295283,10.00
10033,25.16,14.6,16.04,8.9797458,10.00
10034,25.16,14.6,16.04,13.39607334,10.00
10035,25.16,14.6,16.04,8.616456188,10.00
10036,25.16,14.6,16.04,18.85386109,10.00
10037,25.16,14.6,16.04,18.39036414,10.00
10038,25.16,14.6,16.04,17.83159293,10.00
10039,25.16,14.6,16.04,12.83942531,10.00
10040,25.16,14.6,16.04,8.983880268,10.00
10041,25.16,14.6,16.04,8.495949704,10.00
10042,25.16,14.6,16.04,15.60732859,10.00
10043,25.16,14.6,16.04,20.67940501,10.00
10044,25.16,14.6,16.04,21.3841919,10.00
10045,25.16,14.6,16.04,28.16288054,10.00
10046,25.16,29.8,35.01,27.06036184,10.00
10047,25.16,29.8,35.01,24.94593368,10.00
10048,25.16,29.8,35.01,20.83229541,10.00
10049,25.16,29.8,35.01,16.90228093,10.00
10050,25.16,29.8,35.01,27.53639298,10.00
10051,25.16,29.8,35.01,26.0590883,10.00
10052,25.16,29.8,35.01,21.22600407,10.00
10053,25.16,29.8,35.01,26.5632439,10.00
10054,25.16,29.8,35.01,15.78953925,10.00
10055,25.16,29.8,35.01,21.65687212,10.00
10056,25.16,29.8,35.01,20.02832506,10.00
10057,25.16,29.8,35.01,19.80731534,10.00
10058,25.16,29.8,35.01,19.79816726,10.00
10059,25.16,29.8,16.04,16.20881989,10.00
10060,25.16,29.8,16.04,10.17535392,10.00
10061,25.16,29.8,16.04,8.318431957,10.00
10062,25.16,29.8,16.04,21.26799674,10.00
10063,25.16,29.8,16.04,15.55606398,10.00
10064,25.16,29.8,16.04,20.76132218,10.00
10065,25.16,29.8,35.01,16.23621595,10.00
10066,25.16,29.8,35.01,12.54155121,10.00
10067,25.16,29.8,35.01,18.52684409,10.00
10068,25.16,29.8,35.01,22.0757068,10.00
10069,25.16,29.8,35.01,14.58049365,10.00
10070,25.16,29.8,35.01,13.92786466,10.00
10071,25.16,29.8,35.01,20.85253408,10.00
10072,25.16,29.8,35.01,16.75272121,10.00
10073,25.16,29.8,35.01,17.90392481,10.00
10074,25.16,29.8,35.01,13.07776104,10.00
10075,25.16,29.8,35.01,25.11308407,10.00
10076,25.16,29.8,35.01,12.7289815,10.00
10077,25.16,29.8,35.01,4.559866514,10.00
10078,25.16,29.8,35.01,13.2369831,10.00
10079,25.16,29.8,35.01,17.58099293,10.00
10080,25.16,14.6,16.04,10.10652518,10.00
10081,25.16,14.6,16.04,9.048683474,10.00
10082,25.16,14.6,16.04,13.49891524,10.00
10083,25.16,14.6,16.04,8.682604881,10.00
10084,25.16,14.6,16.04,18.99860253,10.00
10085,25.16,14.6,16.04,18.5315473,10.00
10086,25.16,14.6,16.04,17.9684864,10.00
10087,25.16,14.6,16.04,12.93799381,10.00
10088,25.16,14.6,16.04,9.052849682,10.00
10089,25.16,14.6,16.04,8.561173267,10.00
10090,25.16,14.6,16.04,15.72714634,10.00
10091,25.16,14.6,16.04,20.83816119,10.00
10092,25.16,14.6,16.04,21.58878771,10.00
10093,25.16,14.6,16.04,28.43233226,10.00
10094,25.16,29.8,35.01,27.31926508,10.00
10095,25.16,29.8,35.01,25.18460688,10.00
10096,25.16,29.8,35.01,21.03161088,10.00
10097,25.16,29.8,35.01,17.06399552,10.00
10098,25.16,29.8,35.01,27.7998507,10.00
10099,25.16,29.8,35.01,26.30841174,10.00
10100,25.16,29.8,35.01,21.42908639,10.00
10101,25.16,29.8,35.01,26.8173909,10.00
10102,25.16,29.8,35.01,15.94060755,10.00
10103,25.16,29.8,35.01,21.86407682,10.00
10104,25.16,29.8,35.01,20.21994845,10.00
10105,25.16,29.8,35.01,19.99682419,10.00
10106,25.16,29.8,35.01,19.98758859,10.00
10107,25.16,29.8,16.04,16.36389971,10.00
10108,25.16,29.8,16.04,10.27270783,10.00
10109,25.16,29.8,16.04,8.398019547,10.00
10110,25.16,29.8,16.04,21.47148084,10.00
10111,25.16,29.8,16.04,15.70489847,10.00
10112,25.16,29.8,16.04,20.9599586,10.00
10113,25.16,29.8,35.01,16.39155788,10.00
10114,25.16,29.8,35.01,12.66154399,10.00
10115,25.16,29.8,35.01,18.70410188,10.00
10116,25.16,29.8,35.01,22.28691875,10.00
10117,25.16,29.8,35.01,14.71999426,10.00
10118,25.16,29.8,35.01,14.06112116,10.00
10119,25.16,29.8,35.01,21.05204319,10.00
10120,25.16,29.8,35.01,16.91300487,10.00
10121,25.16,29.8,35.01,18.07522275,10.00
10122,25.16,29.8,35.01,13.20288407,10.00
10123,25.16,29.8,35.01,25.3533565,10.00
10124,25.16,29.8,35.01,12.82670213,10.00
10125,25.16,29.8,35.01,4.594872694,10.00
10126,25.16,29.8,35.01,13.33860366,10.00
10127,25.16,29.8,35.01,17.71596254,10.00
10128,25.16,14.6,16.04,10.18628739,10.00
10129,25.16,14.6,16.04,9.120097044,10.00
10130,25.16,14.6,16.04,13.60545071,10.00
10131,25.16,14.6,16.04,8.751129303,10.00
10132,25.16,14.6,16.04,19.14854236,10.00
10133,25.16,14.6,16.04,18.67780106,10.00
10134,25.16,14.6,16.04,18.11029639,10.00
10135,25.16,14.6,16.04,13.0401024,10.00
10136,25.16,14.6,16.04,9.124296132,10.00
10137,25.16,14.6,16.04,8.628739333,10.00
10138,25.16,14.6,16.04,15.85126734,10.00
10139,25.16,14.6,16.04,21.00261908,10.00
10140,25.16,14.6,16.04,21.80073157,10.00
10141,25.16,14.6,16.04,28.71146133,10.00
10142,25.16,29.8,35.01,27.58746683,10.00
10143,25.16,29.8,35.01,25.43185201,10.00
10144,25.16,29.8,35.01,21.23808476,10.00
10145,25.16,29.8,35.01,17.23151808,10.00
10146,25.16,29.8,35.01,28.0727705,10.00
10147,25.16,29.8,35.01,26.56668962,10.00
10148,25.16,29.8,35.01,21.63946241,10.00
10149,25.16,29.8,35.01,27.08066559,10.00
10150,25.16,29.8,35.01,16.09710146,10.00
10151,25.16,29.8,35.01,22.07872328,10.00
10152,25.16,29.8,35.01,20.41845398,10.00
10153,25.16,29.8,35.01,20.19313925,10.00
10154,25.16,29.8,35.01,20.18381298,10.00
10155,25.16,29.8,16.04,16.52454922,10.00
10156,25.16,29.8,16.04,10.3735582,10.00
10157,25.16,29.8,16.04,8.480465523,10.00
10158,25.16,29.8,16.04,21.68227306,10.00
10159,25.16,29.8,16.04,15.85907836,10.00
10160,25.16,29.8,16.04,21.16572905,10.00
10161,25.16,29.8,35.01,16.55247892,10.00
10162,25.16,29.8,35.01,12.78584632,10.00
10163,25.16,29.8,35.01,18.88772588,10.00
10164,25.16,29.8,35.01,22.50571638,10.00
10165,25.16,29.8,35.01,14.86450503,10.00
10166,25.16,29.8,35.01,14.19916357,10.00
10167,25.16,29.8,35.01,21.25871766,10.00
10168,25.16,29.8,35.01,17.07904511,10.00
10169,25.16,29.8,35.01,18.25267285,10.00
10170,25.16,29.8,35.01,13.3325009,10.00
10171,25.16,29.8,35.01,25.60225831,10.00
10172,25.16,29.8,35.01,12.92793239,10.00
10173,25.16,29.8,35.01,4.63113612,10.00
10174,25.16,29.8,35.01,13.44387393,10.00
10175,25.16,29.8,35.01,17.85577958,10.00
10176,25.16,14.6,16.04,10.32635259,10.00
10177,25.16,14.6,16.04,9.245501737,10.00
10178,25.16,14.6,16.04,13.79253066,10.00
10179,25.16,14.6,16.04,8.871460554,10.00
10180,25.16,14.6,16.04,19.41184187,10.00
10181,25.16,14.6,16.04,18.9346277,10.00
10182,25.16,14.6,16.04,18.35931964,10.00
10183,25.16,14.6,16.04,13.21940861,10.00
10184,25.16,14.6,16.04,9.249758565,10.00
10185,25.16,14.6,16.04,8.747387677,10.00
10186,25.16,14.6,16.04,16.06922811,10.00
10187,25.16,14.6,16.04,21.29141283,10.00
10188,25.16,14.6,16.04,22.17291231,10.00
10189,25.16,14.6,16.04,29.20162161,10.00
10190,25.16,29.8,35.01,28.05843835,10.00
10191,25.16,29.8,35.01,25.86602301,10.00
10192,25.16,29.8,35.01,21.60066003,10.00
10193,25.16,29.8,35.01,17.52569349,10.00
10194,25.16,29.8,35.01,28.5520271,10.00
10195,25.16,29.8,35.01,27.02023449,10.00
10196,25.16,29.8,35.01,22.00888997,10.00
10197,25.16,29.8,35.01,27.54298503,10.00
10198,25.16,29.8,35.01,16.37191018,10.00
10199,25.16,29.8,35.01,22.45564988,10.00
10200,25.16,29.8,35.01,20.76703656,10.00
10201,25.16,29.8,35.01,20.53787527,10.00
10202,25.16,29.8,35.01,20.52838978,10.00
10203,25.16,29.8,16.04,16.8066553,10.00
10204,25.16,29.8,16.04,10.55065494,10.00
10205,25.16,29.8,16.04,8.625243504,10.00
10206,25.16,29.8,16.04,22.05243148,10.00
10207,25.16,29.8,16.04,16.12982356,10.00
10208,25.16,29.8,16.04,21.52706906,10.00
10209,25.16,29.8,35.01,16.83506181,10.00
10210,25.16,29.8,35.01,13.00412549,10.00
10211,25.16,29.8,35.01,19.21017596,10.00
10212,25.16,29.8,35.01,22.88993258,10.00
10213,25.16,29.8,35.01,15.11827094,10.00
10214,25.16,29.8,35.01,14.44157081,10.00
10215,25.16,29.8,35.01,21.62164517,10.00
10216,25.16,29.8,35.01,17.37061751,10.00
10217,25.16,29.8,35.01,18.56428135,10.00
10218,25.16,29.8,35.01,13.56011253,10.00
10219,25.16,29.8,35.01,26.03933847,10.00
10220,25.16,29.8,35.01,13.10569622,10.00
10221,25.16,29.8,35.01,4.694815947,10.00
10222,25.16,29.8,35.01,13.62873214,10.00
10223,25.16,29.8,35.01,18.10130313,10.00
10224,25.16,14.6,16.04,10.29051668,10.00
10225,25.16,14.6,16.04,9.213416742,10.00
10226,25.16,14.6,16.04,13.74466595,10.00
10227,25.16,14.6,16.04,8.840673607,10.00
10228,25.16,14.6,16.04,19.34447626,10.00
10229,25.16,14.6,16.04,18.86891819,10.00
10230,25.16,14.6,16.04,18.29560663,10.00
10231,25.16,14.6,16.04,13.17353283,10.00
10232,25.16,14.6,16.04,9.217658797,10.00
10233,25.16,14.6,16.04,8.717031304,10.00
10234,25.16,14.6,16.04,16.01346249,10.00
10235,25.16,14.6,16.04,21.21752448,10.00
10236,25.16,14.6,16.04,22.07768926,10.00
10237,25.16,14.6,16.04,29.0762133,10.00
10238,25.16,29.8,35.01,27.93793951,10.00
10239,25.16,29.8,35.01,25.75493965,10.00
10240,25.16,29.8,35.01,21.50789456,10.00
10241,25.16,29.8,35.01,17.45042823,10.00
10242,25.16,29.8,35.01,28.42940852,10.00
10243,25.16,29.8,35.01,26.9041943,10.00
10244,25.16,29.8,35.01,21.91437133,10.00
10245,25.16,29.8,35.01,27.42469985,10.00
10246,25.16,29.8,35.01,16.30159992,10.00
10247,25.16,29.8,35.01,22.35921259,10.00
10248,25.16,29.8,35.01,20.67785114,10.00
10249,25.16,29.8,35.01,20.44967399,10.00
10250,25.16,29.8,35.01,20.44022924,10.00
10251,25.16,29.8,16.04,16.73447799,10.00
10252,25.16,29.8,16.04,10.50534445,10.00
10253,25.16,29.8,16.04,8.588201822,10.00
10254,25.16,29.8,16.04,21.95772584,10.00
10255,25.16,29.8,16.04,16.06055296,10.00
10256,25.16,29.8,16.04,21.43461963,10.00
10257,25.16,29.8,35.01,16.76276252,10.00
10258,25.16,29.8,35.01,12.94827841,10.00
10259,25.16,29.8,35.01,19.12767658,10.00
10260,25.16,29.8,35.01,22.79163024,10.00
10261,25.16,29.8,35.01,15.05334452,10.00
10262,25.16,29.8,35.01,14.37955052,10.00
10263,25.16,29.8,35.01,21.52878958,10.00
10264,25.16,29.8,35.01,17.29601823,10.00
10265,25.16,29.8,35.01,18.4845558,10.00
10266,25.16,29.8,35.01,13.50187773,10.00
10267,25.16,29.8,35.01,25.9275108,10.00
10268,25.16,29.8,35.01,13.06021505,10.00
10269,25.16,29.8,35.01,4.678523359,10.00
10270,25.16,29.8,35.01,13.58143587,10.00
10271,25.16,29.8,35.01,18.03848553,10.00
10272,25.16,14.6,16.04,10.27022737,10.00
10273,25.16,14.6,16.04,9.195251097,10.00
10274,25.16,14.6,16.04,13.71756626,10.00
10275,25.16,14.6,16.04,8.823242882,10.00
10276,25.16,14.6,16.04,19.30633569,10.00
10277,25.16,14.6,16.04,18.83171526,10.00
10278,25.16,14.6,16.04,18.25953408,10.00
10279,25.16,14.6,16.04,13.14755921,10.00
10280,25.16,14.6,16.04,9.199484788,10.00
10281,25.16,14.6,16.04,8.699844358,10.00
10282,25.16,14.6,16.04,15.98188953,10.00
10283,25.16,14.6,16.04,21.17569092,10.00
10284,25.16,14.6,16.04,22.02377658,10.00
10285,25.16,14.6,16.04,29.00521056,10.00
10286,25.16,29.8,35.01,27.86971638,10.00
10287,25.16,29.8,35.01,25.6920473,10.00
10288,25.16,29.8,35.01,21.45537329,10.00
10289,25.16,29.8,35.01,17.4078151,10.00
10290,25.16,29.8,35.01,28.35998524,10.00
10291,25.16,29.8,35.01,26.83849552,10.00
10292,25.16,29.8,35.01,21.86085746,10.00
10293,25.16,29.8,35.01,27.35773002,10.00
10294,25.16,29.8,35.01,16.26179218,10.00
10295,25.16,29.8,35.01,22.30461245,10.00
10296,25.16,29.8,35.01,20.6273568,10.00
10297,25.16,29.8,35.01,20.39973685,10.00
10298,25.16,29.8,35.01,20.39031516,10.00
10299,25.16,29.8,16.04,16.69361319,10.00
10300,25.16,29.8,16.04,10.4796909,10.00
10301,25.16,29.8,16.04,8.567229836,10.00
10302,25.16,29.8,16.04,21.90410611,10.00
10303,25.16,29.8,16.04,16.02133384,10.00
10304,25.16,29.8,16.04,21.3822773,10.00
10305,25.16,29.8,35.01,16.72182864,10.00
10306,25.16,29.8,35.01,12.91665932,10.00
10307,25.16,29.8,35.01,19.0809677,10.00
10308,25.16,29.8,35.01,22.73597415,10.00
10309,25.16,29.8,35.01,15.01658496,10.00
10310,25.16,29.8,35.01,14.34443634,10.00
10311,25.16,29.8,35.01,21.47621728,10.00
10312,25.16,29.8,35.01,17.25378217,10.00
10313,25.16,29.8,35.01,18.43941739,10.00
10314,25.16,29.8,35.01,13.46890677,10.00
10315,25.16,29.8,35.01,25.86419703,10.00
10316,25.16,29.8,35.01,13.03446486,10.00
10317,25.16,29.8,35.01,4.669298943,10.00
10318,25.16,29.8,35.01,13.55465801,10.00
10319,25.16,29.8,35.01,18.00291992,10.00
10320,25.16,14.6,16.04,9.950116319,10.00
10321,25.16,14.6,16.04,8.908645804,10.00
10322,25.16,14.6,16.04,13.29000566,10.00
10323,25.16,14.6,16.04,8.548232653,10.00
10324,25.16,14.6,16.04,18.70457964,10.00
10325,25.16,14.6,16.04,18.24475257,10.00
10326,25.16,14.6,16.04,17.69040562,10.00
10327,25.16,14.6,16.04,12.73776507,10.00
10328,25.16,14.6,16.04,8.912747536,10.00
10329,25.16,14.6,16.04,8.428680318,10.00
10330,25.16,14.6,16.04,15.4837526,10.00
10331,25.16,14.6,16.04,20.51566924,10.00
10332,25.16,14.6,16.04,21.17317868,10.00
10333,25.16,14.6,16.04,27.88497711,10.00
10334,25.16,29.8,35.01,26.79333776,10.00
10335,25.16,29.8,35.01,24.69977418,10.00
10336,25.16,29.8,35.01,20.62672815,10.00
10337,25.16,29.8,35.01,16.73549395,10.00
10338,25.16,29.8,35.01,27.26467155,10.00
10339,25.16,29.8,35.01,25.8019445,10.00
10340,25.16,29.8,35.01,21.01655179,10.00
10341,25.16,29.8,35.01,26.30112524,10.00
10342,25.16,29.8,35.01,15.63373249,10.00
10343,25.16,29.8,35.01,21.44316816,10.00
10344,25.16,29.8,35.01,19.83069115,10.00
10345,25.16,29.8,35.01,19.61186229,10.00
10346,25.16,29.8,35.01,19.60280448,10.00
10347,25.16,29.8,16.04,16.04887579,10.00
10348,25.16,29.8,16.04,10.07494637,10.00
10349,25.16,29.8,16.04,8.236347997,10.00
10350,25.16,29.8,16.04,21.0581301,10.00
10351,25.16,29.8,16.04,15.40256109,10.00
10352,25.16,29.8,16.04,20.55645525,10.00
10353,25.16,29.8,35.01,16.07600151,10.00
10354,25.16,29.8,35.01,12.41779469,10.00
10355,25.16,29.8,35.01,18.34402637,10.00
10356,25.16,29.8,35.01,21.85786989,10.00
10357,25.16,29.8,35.01,14.43661741,10.00
10358,25.16,29.8,35.01,13.79042838,10.00
10359,25.16,29.8,35.01,20.64676711,10.00
10360,25.16,29.8,35.01,16.58741004,10.00
10361,25.16,29.8,35.01,17.72725389,10.00
10362,25.16,29.8,35.01,12.94871335,10.00
10363,25.16,29.8,35.01,24.86527518,10.00
10364,25.16,29.8,35.01,12.62819574,10.00
10365,25.16,29.8,35.01,4.52376232,10.00
10366,25.16,29.8,35.01,13.13217507,10.00
10367,25.16,29.8,35.01,17.44178983,10.00
10368,25.16,14.6,16.04,10.4626612,10.00
10369,25.16,14.6,16.04,9.36754303,10.00
10370,25.16,14.6,16.04,13.97459307,10.00
10371,25.16,14.6,16.04,8.988564476,10.00
10372,25.16,14.6,16.04,19.66807958,10.00
10373,25.16,14.6,16.04,19.18456616,10.00
10374,25.16,14.6,16.04,18.60166399,10.00
10375,25.16,14.6,16.04,13.39390577,10.00
10376,25.16,14.6,16.04,9.371856048,10.00
10377,25.16,14.6,16.04,8.862853828,10.00
10378,25.16,14.6,16.04,16.28134308,10.00
10379,25.16,14.6,16.04,21.57246102,10.00
10380,25.16,14.6,16.04,22.53511102,10.00
10381,25.16,14.6,16.04,29.67863562,10.00
10382,25.16,29.8,35.01,28.51677824,10.00
10383,25.16,29.8,35.01,26.28854938,10.00
10384,25.16,29.8,35.01,21.95351089,10.00
10385,25.16,29.8,35.01,17.811979,10.00
10386,25.16,29.8,35.01,29.01842985,10.00
10387,25.16,29.8,35.01,27.46161513,10.00
10388,25.16,29.8,35.01,22.36840935,10.00
10389,25.16,29.8,35.01,27.9929049,10.00
10390,25.16,29.8,35.01,16.63934842,10.00
10391,25.16,29.8,35.01,22.82246716,10.00
10392,25.16,29.8,35.01,21.10627003,10.00
10393,25.16,29.8,35.01,20.87336534,10.00
10394,25.16,29.8,35.01,20.8637249,10.00
10395,25.16,29.8,16.04,17.08119518,10.00
10396,25.16,29.8,16.04,10.72300189,10.00
10397,25.16,29.8,16.04,8.766138486,10.00
10398,25.16,29.8,16.04,22.41266211,10.00
10399,25.16,29.8,16.04,16.39330727,10.00
10400,25.16,29.8,16.04,21.8787178,10.00
10401,25.16,29.8,35.01,17.11006572,10.00
10402,25.16,29.8,35.01,13.21655034,10.00
10403,25.16,29.8,35.01,19.52397782,10.00
10404,25.16,29.8,35.01,23.26384395,10.00
10405,25.16,29.8,35.01,15.36523075,10.00
10406,25.16,29.8,35.01,14.6774766,10.00
10407,25.16,29.8,35.01,21.97483883,10.00
10408,25.16,29.8,35.01,17.65436983,10.00
10409,25.16,29.8,35.01,18.86753239,10.00
10410,25.16,29.8,35.01,13.78161953,10.00
10411,25.16,29.8,35.01,26.46469598,10.00
10412,25.16,29.8,35.01,13.27869236,10.00
10413,25.16,29.8,35.01,4.756787858,10.00
10414,25.16,29.8,35.01,13.8086324,10.00
10415,25.16,29.8,35.01,18.34024164,10.00
10416,25.16,14.6,16.04,10.20695271,10.00
10417,25.16,14.6,16.04,9.138599341,10.00
10418,25.16,14.6,16.04,13.63305262,10.00
10419,25.16,14.6,16.04,8.768883061,10.00
10420,25.16,14.6,16.04,19.18738975,10.00
10421,25.16,14.6,16.04,18.71569344,10.00
10422,25.16,14.6,16.04,18.14703746,10.00
10423,25.16,14.6,16.04,13.06655737,10.00
10424,25.16,14.6,16.04,9.142806949,10.00
10425,25.16,14.6,16.04,8.646244794,10.00
10426,25.16,14.6,16.04,15.88342543,10.00
10427,25.16,14.6,16.04,21.04522792,10.00
10428,25.16,14.6,16.04,21.85564338,10.00
10429,25.16,14.6,16.04,28.78377992,10.00
10430,25.16,29.8,35.01,27.6569543,10.00
10431,25.16,29.8,35.01,25.49590991,10.00
10432,25.16,29.8,35.01,21.29157938,10.00
10433,25.16,29.8,35.01,17.27492093,10.00
10434,25.16,29.8,35.01,28.14348036,10.00
10435,25.16,29.8,35.01,26.63360595,10.00
10436,25.16,29.8,35.01,21.69396802,10.00
10437,25.16,29.8,35.01,27.14887653,10.00
10438,25.16,29.8,35.01,16.13764694,10.00
10439,25.16,29.8,35.01,22.1343353,10.00
10440,25.16,29.8,35.01,20.46988411,10.00
10441,25.16,29.8,35.01,20.24400184,10.00
10442,25.16,29.8,35.01,20.23465208,10.00
10443,25.16,29.8,16.04,16.56617135,10.00
10444,25.16,29.8,16.04,10.39968718,10.00
10445,25.16,29.8,16.04,8.501826169,10.00
10446,25.16,29.8,16.04,21.7368865,10.00
10447,25.16,29.8,16.04,15.8990243,10.00
10448,25.16,29.8,16.04,21.21904141,10.00
10449,25.16,29.8,35.01,16.5941714,10.00
10450,25.16,29.8,35.01,12.81805138,10.00
10451,25.16,29.8,35.01,18.93530039,10.00
10452,25.16,29.8,35.01,22.56240391,10.00
10453,25.16,29.8,35.01,14.90194583,10.00
10454,25.16,29.8,35.01,14.23492851,10.00
10455,25.16,29.8,35.01,21.31226424,10.00
10456,25.16,29.8,35.01,17.12206391,10.00
10457,25.16,29.8,35.01,18.29864779,10.00
10458,25.16,29.8,35.01,13.36608289,10.00
10459,25.16,29.8,35.01,25.66674542,10.00
10460,25.16,29.8,35.01,12.95415979,10.00
10461,25.16,29.8,35.01,4.640531486,10.00
10462,25.16,29.8,35.01,13.47114804,10.00
10463,25.16,29.8,35.01,17.8920043,10.00
10464,25.16,14.6,16.04,10.3719447,10.00
10465,25.16,14.6,16.04,9.286321752,10.00
10466,25.16,14.6,16.04,13.85342636,10.00
10467,25.16,14.6,16.04,8.910629132,10.00
10468,25.16,14.6,16.04,19.49754751,10.00
10469,25.16,14.6,16.04,19.01822639,10.00
10470,25.16,14.6,16.04,18.44037827,10.00
10471,25.16,14.6,16.04,13.27777391,10.00
10472,25.16,14.6,16.04,9.290597374,10.00
10473,25.16,14.6,16.04,8.786008458,10.00
10474,25.16,14.6,16.04,16.1401757,10.00
10475,25.16,14.6,16.04,21.38541701,10.00
10476,25.16,14.6,16.04,22.29405947,10.00
10477,25.16,14.6,16.04,29.36117186,10.00
10478,25.16,29.8,35.01,28.21174253,10.00
10479,25.16,29.8,35.01,26.0073484,10.00
10480,25.16,29.8,35.01,21.71868055,10.00
10481,25.16,29.8,35.01,17.62144943,10.00
10482,25.16,29.8,35.01,28.70802813,10.00
10483,25.16,29.8,35.01,27.1678662,10.00
10484,25.16,29.8,35.01,22.12914096,10.00
10485,25.16,29.8,35.01,27.69347292,10.00
10486,25.16,29.8,35.01,16.46136214,10.00
10487,25.16,29.8,35.01,22.57834185,10.00
10488,25.16,29.8,35.01,20.88050238,10.00
10489,25.16,29.8,35.01,20.65008901,10.00
10490,25.16,29.8,35.01,20.64055169,10.00
10491,25.16,29.8,16.04,16.89848259,10.00
10492,25.16,29.8,16.04,10.60830105,10.00
10493,25.16,29.8,16.04,8.672369646,10.00
10494,25.16,29.8,16.04,22.17292037,10.00
10495,25.16,29.8,16.04,16.21795282,10.00
10496,25.16,29.8,16.04,21.64468751,10.00
10497,25.16,29.8,35.01,16.92704431,10.00
10498,25.16,29.8,35.01,13.07517674,10.00
10499,25.16,29.8,35.01,19.31513549,10.00
10500,25.16,29.8,35.01,23.01499736,10.00
10501,25.16,29.8,35.01,15.20087333,10.00
10502,25.16,29.8,35.01,14.52047589,10.00
10503,25.16,29.8,35.01,21.73978035,10.00
10504,25.16,29.8,35.01,17.46552615,10.00
10505,25.16,29.8,35.01,18.66571187,10.00
10506,25.16,29.8,35.01,13.63420155,10.00
10507,25.16,29.8,35.01,26.18161081,10.00
10508,25.16,29.8,35.01,13.16355946,10.00
10509,25.16,29.8,35.01,4.71554413,10.00
10510,25.16,29.8,35.01,13.68890465,10.00
10511,25.16,29.8,35.01,18.18122258,10.00
10512,25.16,14.6,16.04,9.912257505,10.00
10513,25.16,14.6,16.04,8.874749641,10.00
10514,25.16,14.6,16.04,13.23943903,10.00
10515,25.16,14.6,16.04,8.515707812,10.00
10516,25.16,14.6,16.04,18.63341131,10.00
10517,25.16,14.6,16.04,18.17533382,10.00
10518,25.16,14.6,16.04,17.62309607,10.00
10519,25.16,14.6,16.04,12.68929964,10.00
10520,25.16,14.6,16.04,8.878835766,10.00
10521,25.16,14.6,16.04,8.396610357,10.00
10522,25.16,14.6,16.04,15.42483906,10.00
10523,25.16,14.6,16.04,20.43760996,10.00
10524,25.16,14.6,16.04,21.07258038,10.00
10525,25.16,14.6,16.04,27.75248962,10.00
10526,25.16,29.8,35.01,26.66603688,10.00
10527,25.16,29.8,35.01,24.58242027,10.00
10528,25.16,29.8,35.01,20.52872615,10.00
10529,25.16,29.8,35.01,16.65598004,10.00
10530,25.16,29.8,35.01,27.13513127,10.00
10531,25.16,29.8,35.01,25.67935395,10.00
10532,25.16,29.8,35.01,20.91669766,10.00
10533,25.16,29.8,35.01,26.17616297,10.00
10534,25.16,29.8,35.01,15.55945328,10.00
10535,25.16,29.8,35.01,21.34128708,10.00
10536,25.16,29.8,35.01,19.73647129,10.00
10537,25.16,29.8,35.01,19.51868214,10.00
10538,25.16,29.8,35.01,19.50966737,10.00
10539,25.16,29.8,16.04,15.97262415,10.00
10540,25.16,29.8,16.04,10.02707814,10.00
10541,25.16,29.8,16.04,8.197215346,10.00
10542,25.16,29.8,16.04,20.95807842,10.00
10543,25.16,29.8,16.04,15.32938023,10.00
10544,25.16,29.8,16.04,20.45878714,10.00
10545,25.16,29.8,35.01,15.99962099,10.00
10546,25.16,29.8,35.01,12.35879509,10.00
10547,25.16,29.8,35.01,18.25686998,10.00
10548,25.16,29.8,35.01,21.75401848,10.00
10549,25.16,29.8,35.01,14.36802595,10.00
10550,25.16,29.8,35.01,13.72490711,10.00
10551,25.16,29.8,35.01,20.5486699,10.00
10552,25.16,29.8,35.01,16.50859971,10.00
10553,25.16,29.8,35.01,17.64302792,10.00
10554,25.16,29.8,35.01,12.88719124,10.00
10555,25.16,29.8,35.01,24.74713494,10.00
10556,25.16,29.8,35.01,12.5801472,10.00
10557,25.16,29.8,35.01,4.506550031,10.00
10558,25.16,29.8,35.01,13.08220896,10.00
10559,25.16,29.8,35.01,17.37542623,10.00
10560,25.16,14.6,16.04,9.850372396,10.00
10561,25.16,14.6,16.04,8.819341996,10.00
10562,25.16,14.6,16.04,13.15678136,10.00
10563,25.16,14.6,16.04,8.462541769,10.00
10564,25.16,14.6,16.04,18.5170775,10.00
10565,25.16,14.6,16.04,18.06185992,10.00
10566,25.16,14.6,16.04,17.51306996,10.00
10567,25.16,14.6,16.04,12.61007665,10.00
10568,25.16,14.6,16.04,8.82340261,10.00
10569,25.16,14.6,16.04,8.344187875,10.00
10570,25.16,14.6,16.04,15.32853731,10.00
10571,25.16,14.6,16.04,20.31001201,10.00
10572,25.16,14.6,16.04,20.9081395,10.00
10573,25.16,14.6,16.04,27.53592175,10.00
10574,25.16,29.8,35.01,26.4579472,10.00
10575,25.16,29.8,35.01,24.39059019,10.00
10576,25.16,29.8,35.01,20.36852926,10.00
10577,25.16,29.8,35.01,16.52600431,10.00
10578,25.16,29.8,35.01,26.92338098,10.00
10579,25.16,29.8,35.01,25.47896389,10.00
10580,25.16,29.8,35.01,20.75347322,10.00
10581,25.16,29.8,35.01,25.97189604,10.00
10582,25.16,29.8,35.01,15.43803435,10.00
10583,25.16,29.8,35.01,21.17474934,10.00
10584,25.16,29.8,35.01,19.5824568,10.00
10585,25.16,29.8,35.01,19.36636718,10.00
10586,25.16,29.8,35.01,19.35742275,10.00
10587,25.16,29.8,16.04,15.84798102,10.00
10588,25.16,29.8,16.04,9.948831364,10.00
10589,25.16,29.8,16.04,8.133247988,10.00
10590,25.16,29.8,16.04,20.79453106,10.00
10591,25.16,29.8,16.04,15.20975668,10.00
10592,25.16,29.8,16.04,20.29913602,10.00
10593,25.16,29.8,35.01,15.87476719,10.00
10594,25.16,29.8,35.01,12.26235265,10.00
10595,25.16,29.8,35.01,18.11440163,10.00
10596,25.16,29.8,35.01,21.58425997,10.00
10597,25.16,29.8,35.01,14.25590438,10.00
10598,25.16,29.8,35.01,13.61780414,10.00
10599,25.16,29.8,35.01,20.38831738,10.00
10600,25.16,29.8,35.01,16.37977407,10.00
10601,25.16,29.8,35.01,17.50534971,10.00
10602,25.16,29.8,35.01,12.78662543,10.00
10603,25.16,29.8,35.01,24.5540195,10.00
10604,25.16,29.8,35.01,12.50160568,10.00
10605,25.16,29.8,35.01,4.478414327,10.00
10606,25.16,29.8,35.01,13.00053293,10.00
10607,25.16,29.8,35.01,17.26694639,10.00
10608,25.16,14.6,16.04,10.33856276,10.00
10609,25.16,14.6,16.04,9.256433873,10.00
10610,25.16,14.6,16.04,13.80883933,10.00
10611,25.16,14.6,16.04,8.881950413,10.00
10612,25.16,14.6,16.04,19.43479496,10.00
10613,25.16,14.6,16.04,18.95701653,10.00
10614,25.16,14.6,16.04,18.3810282,10.00
10615,25.16,14.6,16.04,13.23503961,10.00
10616,25.16,14.6,16.04,9.260695734,10.00
10617,25.16,14.6,16.04,8.757730829,10.00
10618,25.16,14.6,16.04,16.08822881,10.00
10619,25.16,14.6,16.04,21.31658839,10.00
10620,25.16,14.6,16.04,22.20535711,10.00
10621,25.16,14.6,16.04,29.24435126,10.00
10622,25.16,29.8,35.01,28.09949522,10.00
10623,25.16,29.8,35.01,25.90387181,10.00
10624,25.16,29.8,35.01,21.63226747,10.00
10625,25.16,29.8,35.01,17.55133819,10.00
10626,25.16,29.8,35.01,28.59380622,10.00
10627,25.16,29.8,35.01,27.0597722,10.00
10628,25.16,29.8,35.01,22.04109477,10.00
10629,25.16,29.8,35.01,27.58328767,10.00
10630,25.16,29.8,35.01,16.39586659,10.00
10631,25.16,29.8,35.01,22.4885084,10.00
10632,25.16,29.8,35.01,20.7974242,10.00
10633,25.16,29.8,35.01,20.56792758,10.00
10634,25.16,29.8,35.01,20.55842821,10.00
10635,25.16,29.8,16.04,16.83124785,10.00
10636,25.16,29.8,16.04,10.56609333,10.00
10637,25.16,29.8,16.04,8.637864504,10.00
10638,25.16,29.8,16.04,22.08469999,10.00
10639,25.16,29.8,16.04,16.15342573,10.00
10640,25.16,29.8,16.04,21.55856883,10.00
10641,25.16,29.8,35.01,16.85969593,10.00
10642,25.16,29.8,35.01,13.02315395,10.00
10643,25.16,29.8,35.01,19.2382855,10.00
10644,25.16,29.8,35.01,22.92342657,10.00
10645,25.16,29.8,35.01,15.14039294,10.00
10646,25.16,29.8,35.01,14.46270263,10.00
10647,25.16,29.8,35.01,21.65328332,10.00
10648,25.16,29.8,35.01,17.39603529,10.00
10649,25.16,29.8,35.01,18.59144577,10.00
10650,25.16,29.8,35.01,13.57995454,10.00
10651,25.16,29.8,35.01,26.07744087,10.00
10652,25.16,29.8,35.01,13.12119276,10.00
10653,25.16,29.8,35.01,4.700367227,10.00
10654,25.16,29.8,35.01,13.64484713,10.00
10655,25.16,29.8,35.01,18.1227066,10.00
10656,25.16,14.6,16.04,10.06790575,10.00
10657,25.16,14.6,16.04,9.014106312,10.00
10658,25.16,14.6,16.04,13.44733269,10.00
10659,25.16,14.6,16.04,8.649426592,10.00
10660,25.16,14.6,16.04,18.92600437,10.00
10661,25.16,14.6,16.04,18.46073387,10.00
10662,25.16,14.6,16.04,17.89982456,10.00
10663,25.16,14.6,16.04,12.88855467,10.00
10664,25.16,14.6,16.04,9.0182566,10.00
10665,25.16,14.6,16.04,8.528458997,10.00
10666,25.16,14.6,16.04,15.66704919,10.00
10667,25.16,14.6,16.04,20.75853364,10.00
10668,25.16,14.6,16.04,21.48616832,10.00
10669,25.16,14.6,16.04,28.29718299,10.00
10670,25.16,29.8,35.01,27.18940664,10.00
10671,25.16,29.8,35.01,25.06489524,10.00
10672,25.16,29.8,35.01,20.93163995,10.00
10673,25.16,29.8,35.01,16.98288411,10.00
10674,25.16,29.8,35.01,27.66770786,10.00
10675,25.16,29.8,35.01,26.18335824,10.00
10676,25.16,29.8,35.01,21.32722612,10.00
10677,25.16,29.8,35.01,26.68991805,10.00
10678,25.16,29.8,35.01,15.86483602,10.00
10679,25.16,29.8,35.01,21.76014888,10.00
10680,25.16,29.8,35.01,20.12383564,10.00
10681,25.16,29.8,35.01,19.90177198,10.00
10682,25.16,29.8,35.01,19.89258028,10.00
10683,25.16,29.8,16.04,16.28611612,10.00
10684,25.16,29.8,16.04,10.22387789,10.00
10685,25.16,29.8,16.04,8.358100692,10.00
10686,25.16,29.8,16.04,21.36941905,10.00
10687,25.16,29.8,16.04,15.63024736,10.00
10688,25.16,29.8,16.04,20.86032826,10.00
10689,25.16,29.8,35.01,16.31364282,10.00
10690,25.16,29.8,35.01,12.60135905,10.00
10691,25.16,29.8,35.01,18.61519445,10.00
10692,25.16,29.8,35.01,22.18098089,10.00
10693,25.16,29.8,35.01,14.65002475,10.00
10694,25.16,29.8,35.01,13.99428352,10.00
10695,25.16,29.8,35.01,20.95197514,10.00
10696,25.16,29.8,35.01,16.83261118,10.00
10697,25.16,29.8,35.01,17.98930461,10.00
10698,25.16,29.8,35.01,13.14012594,10.00
10699,25.16,29.8,35.01,25.23284274,10.00
10700,25.16,29.8,35.01,12.77768826,10.00
10701,25.16,29.8,35.01,4.577314597,10.00
10702,25.16,29.8,35.01,13.2876337,10.00
10703,25.16,29.8,35.01,17.64826565,10.00
10704,25.16,14.6,16.04,9.802144319,10.00
10705,25.16,14.6,16.04,8.776161912,10.00
10706,25.16,14.6,16.04,13.09236488,10.00
10707,25.16,14.6,16.04,8.421108603,10.00
10708,25.16,14.6,16.04,18.42641666,10.00
10709,25.16,14.6,16.04,17.97342785,10.00
10710,25.16,14.6,16.04,17.4273248,10.00
10711,25.16,14.6,16.04,12.54833688,10.00
10712,25.16,14.6,16.04,8.780202646,10.00
10713,25.16,14.6,16.04,8.303334177,10.00
10714,25.16,14.6,16.04,15.25348777,10.00
10715,25.16,14.6,16.04,20.21057285,10.00
10716,25.16,14.6,16.04,20.77998803,10.00
10717,25.16,14.6,16.04,27.36714687,10.00
10718,25.16,29.8,35.01,26.29577951,10.00
10719,25.16,29.8,35.01,24.24109387,10.00
10720,25.16,29.8,35.01,20.24368521,10.00
10721,25.16,29.8,35.01,16.4247121,10.00
10722,25.16,29.8,35.01,26.75836053,10.00
10723,25.16,29.8,35.01,25.32279665,10.00
10724,25.16,29.8,35.01,20.62626975,10.00
10725,25.16,29.8,35.01,25.81270748,10.00
10726,25.16,29.8,35.01,15.34341059,10.00
10727,25.16,29.8,35.01,21.04496375,10.00
10728,25.16,29.8,35.01,19.46243079,10.00
10729,25.16,29.8,35.01,19.24766564,10.00
10730,25.16,29.8,35.01,19.23877604,10.00
10731,25.16,29.8,16.04,15.75084459,10.00
10732,25.16,29.8,16.04,9.88785237,10.00
10733,25.16,29.8,16.04,8.08339718,10.00
10734,25.16,29.8,16.04,20.66707593,10.00
10735,25.16,29.8,16.04,15.1165321,10.00
10736,25.16,29.8,16.04,20.1747173,10.00
10737,25.16,29.8,35.01,15.77746658,10.00
10738,25.16,29.8,35.01,12.18719347,10.00
10739,25.16,29.8,35.01,18.00337372,10.00
10740,25.16,29.8,35.01,21.45196438,10.00
10741,25.16,29.8,35.01,14.16852621,10.00
10742,25.16,29.8,35.01,13.53433706,10.00
10743,25.16,29.8,35.01,20.26335204,10.00
10744,25.16,29.8,35.01,16.27937814,10.00
10745,25.16,29.8,35.01,17.39805484,10.00
10746,25.16,29.8,35.01,12.70825286,10.00
10747,25.16,29.8,35.01,24.40352148,10.00
10748,25.16,29.8,35.01,12.44039699,10.00
10749,25.16,29.8,35.01,4.456487714,10.00
10750,25.16,29.8,35.01,12.93688145,10.00
10751,25.16,29.8,35.01,17.18240627,10.00
10752,25.16,14.6,16.04,10.33933727,10.00
10753,25.16,14.6,16.04,9.257127316,10.00
10754,25.16,14.6,16.04,13.80987382,10.00
10755,25.16,14.6,16.04,8.882615802,10.00
10756,25.16,14.6,16.04,19.43625091,10.00
10757,25.16,14.6,16.04,18.95843669,10.00
10758,25.16,14.6,16.04,18.38240521,10.00
10759,25.16,14.6,16.04,13.23603111,10.00
10760,25.16,14.6,16.04,9.261389497,10.00
10761,25.16,14.6,16.04,8.758386912,10.00
10762,25.16,14.6,16.04,16.08943405,10.00
10763,25.16,14.6,16.04,21.31818531,10.00
10764,25.16,14.6,16.04,22.20741513,10.00
10765,25.16,14.6,16.04,29.24706168,10.00
10766,25.16,29.8,35.01,28.10209952,10.00
10767,25.16,29.8,35.01,25.90627262,10.00
10768,25.16,29.8,35.01,21.63427239,10.00
10769,25.16,29.8,35.01,17.55296487,10.00
10770,25.16,29.8,35.01,28.59645634,10.00
10771,25.16,29.8,35.01,27.06228014,10.00
10772,25.16,29.8,35.01,22.04313757,10.00
10773,25.16,29.8,35.01,27.58584413,10.00
10774,25.16,29.8,35.01,16.39738618,10.00
10775,25.16,29.8,35.01,22.49059267,10.00
10776,25.16,29.8,35.01,20.79935174,10.00
10777,25.16,29.8,35.01,20.56983385,10.00
10778,25.16,29.8,35.01,20.5603336,10.00
10779,25.16,29.8,16.04,16.8328078,10.00
10780,25.16,29.8,16.04,10.56707261,10.00
10781,25.16,29.8,16.04,8.638665074,10.00
10782,25.16,29.8,16.04,22.08674683,10.00
10783,25.16,29.8,16.04,16.15492286,10.00
10784,25.16,29.8,16.04,21.56056691,10.00
10785,25.16,29.8,35.01,16.86125851,10.00
10786,25.16,29.8,35.01,13.02436095,10.00
10787,25.16,29.8,35.01,19.24006854,10.00
10788,25.16,29.8,35.01,22.92555115,10.00
10789,25.16,29.8,35.01,15.14179618,10.00
10790,25.16,29.8,35.01,14.46404305,10.00
10791,25.16,29.8,35.01,21.65529018,10.00
10792,25.16,29.8,35.01,17.39764758,10.00
10793,25.16,29.8,35.01,18.59316885,10.00
10794,25.16,29.8,35.01,13.58121315,10.00
10795,25.16,29.8,35.01,26.07985777,10.00
10796,25.16,29.8,35.01,13.12217573,10.00
10797,25.16,29.8,35.01,4.700719353,10.00
10798,25.16,29.8,35.01,13.64586933,10.00
10799,25.16,29.8,35.01,18.12406426,10.00
10800,25.16,14.6,16.04,10.36592304,10.00
10801,25.16,14.6,16.04,9.280930373,10.00
10802,25.16,14.6,16.04,13.84538345,10.00
10803,25.16,14.6,16.04,8.905455869,10.00
10804,25.16,14.6,16.04,19.48622778,10.00
10805,25.16,14.6,16.04,19.00718493,10.00
10806,25.16,14.6,16.04,18.4296723,10.00
10807,25.16,14.6,16.04,13.27006521,10.00
10808,25.16,14.6,16.04,9.285203513,10.00
10809,25.16,14.6,16.04,8.780907546,10.00
10810,25.16,14.6,16.04,16.13080517,10.00
10811,25.16,14.6,16.04,21.37300123,10.00
10812,25.16,14.6,16.04,22.27805874,10.00
10813,25.16,14.6,16.04,29.34009897,10.00
10814,25.16,29.8,35.01,28.1914946,10.00
10815,25.16,29.8,35.01,25.98868259,10.00
10816,25.16,29.8,35.01,21.70309277,10.00
10817,25.16,29.8,35.01,17.60880229,10.00
10818,25.16,29.8,35.01,28.687424,10.00
10819,25.16,29.8,35.01,27.14836747,10.00
10820,25.16,29.8,35.01,22.11325859,10.00
10821,25.16,29.8,35.01,27.67359695,10.00
10822,25.16,29.8,35.01,16.44954761,10.00
10823,25.16,29.8,35.01,22.56213708,10.00
10824,25.16,29.8,35.01,20.86551617,10.00
10825,25.16,29.8,35.01,20.63526817,10.00
10826,25.16,29.8,35.01,20.6257377,10.00
10827,25.16,29.8,16.04,16.88635433,10.00
10828,25.16,29.8,16.04,10.60068733,10.00
10829,25.16,29.8,16.04,8.666145373,10.00
10830,25.16,29.8,16.04,22.15700658,10.00
10831,25.16,29.8,16.04,16.20631299,10.00
10832,25.16,29.8,16.04,21.62915283,10.00
10833,25.16,29.8,35.01,16.91489556,10.00
10834,25.16,29.8,35.01,13.06579251,10.00
10835,25.16,29.8,35.01,19.30127277,10.00
10836,25.16,29.8,35.01,22.9984792,10.00
10837,25.16,29.8,35.01,15.18996347,10.00
10838,25.16,29.8,35.01,14.51005435,10.00
10839,25.16,29.8,35.01,21.72417743,10.00
10840,25.16,29.8,35.01,17.45299092,10.00
10841,25.16,29.8,35.01,18.65231524,10.00
10842,25.16,29.8,35.01,13.6244161,10.00
10843,25.16,29.8,35.01,26.16281993,10.00
10844,25.16,29.8,35.01,13.15591707,10.00
10845,25.16,29.8,35.01,4.712806417,10.00
10846,25.16,29.8,35.01,13.68095726,10.00
10847,25.16,29.8,35.01,18.17066707,10.00
10848,25.16,14.6,16.04,9.968733582,10.00
10849,25.16,14.6,16.04,8.925314414,10.00
10850,25.16,14.6,16.04,13.31487206,10.00
10851,25.16,14.6,16.04,8.564226908,10.00
10852,25.16,14.6,16.04,18.73957703,10.00
10853,25.16,14.6,16.04,18.2788896,10.00
10854,25.16,14.6,16.04,17.72350542,10.00
10855,25.16,14.6,16.04,12.76159819,10.00
10856,25.16,14.6,16.04,8.92942382,10.00
10857,25.16,14.6,16.04,8.444450884,10.00
10858,25.16,14.6,16.04,15.51272363,10.00
10859,25.16,14.6,16.04,20.55405528,10.00
10860,25.16,14.6,16.04,21.2226484,10.00
10861,25.16,14.6,16.04,27.9501285,10.00
10862,25.16,29.8,35.01,26.85593861,10.00
10863,25.16,29.8,35.01,24.75748356,10.00
10864,25.16,29.8,35.01,20.67492112,10.00
10865,25.16,29.8,35.01,16.77459531,10.00
10866,25.16,29.8,35.01,27.32837364,10.00
10867,25.16,29.8,35.01,25.86222903,10.00
10868,25.16,29.8,35.01,21.06565557,10.00
10869,25.16,29.8,35.01,26.36257607,10.00
10870,25.16,29.8,35.01,15.67025967,10.00
10871,25.16,29.8,35.01,21.4932687,10.00
10872,25.16,29.8,35.01,19.87702424,10.00
10873,25.16,29.8,35.01,19.6576841,10.00
10874,25.16,29.8,35.01,19.64860513,10.00
10875,25.16,29.8,16.04,16.08637292,10.00
10876,25.16,29.8,16.04,10.09848581,10.00
10877,25.16,29.8,16.04,8.255591676,10.00
10878,25.16,29.8,16.04,21.10733102,10.00
10879,25.16,29.8,16.04,15.43854815,10.00
10880,25.16,29.8,16.04,20.60448404,10.00
10881,25.16,29.8,35.01,16.11356202,10.00
10882,25.16,29.8,35.01,12.44680804,10.00
10883,25.16,29.8,35.01,18.38688597,10.00
10884,25.16,29.8,35.01,21.90893935,10.00
10885,25.16,29.8,35.01,14.47034761,10.00
10886,25.16,29.8,35.01,13.8226488,10.00
10887,25.16,29.8,35.01,20.69500691,10.00
10888,25.16,29.8,35.01,16.62616542,10.00
10889,25.16,29.8,35.01,17.76867244,10.00
10890,25.16,29.8,35.01,12.97896715,10.00
10891,25.16,29.8,35.01,24.92337124,10.00
10892,25.16,29.8,35.01,12.65182385,10.00
10893,25.16,29.8,35.01,4.53222655,10.00
10894,25.16,29.8,35.01,13.15674616,10.00
10895,25.16,29.8,35.01,17.47442446,10.00
10896,25.16,14.6,16.04,9.73722953,10.00
10897,25.16,14.6,16.04,8.718041701,10.00
10898,25.16,14.6,16.04,13.00566058,10.00
10899,25.16,14.6,16.04,8.365339736,10.00
10900,25.16,14.6,16.04,18.30438755,10.00
10901,25.16,14.6,16.04,17.85439867,10.00
10902,25.16,14.6,16.04,17.31191219,10.00
10903,25.16,14.6,16.04,12.4652354,10.00
10904,25.16,14.6,16.04,8.722055675,10.00
10905,25.16,14.6,16.04,8.248345272,10.00
10906,25.16,14.6,16.04,15.15247141,10.00
10907,25.16,14.6,16.04,20.07672815,10.00
10908,25.16,14.6,16.04,20.6074967,10.00
10909,25.16,14.6,16.04,27.13997659,10.00
10910,25.16,29.8,35.01,26.07750248,10.00
10911,25.16,29.8,35.01,24.03987246,10.00
10912,25.16,29.8,35.01,20.07564564,10.00
10913,25.16,29.8,35.01,16.28837321,10.00
10914,25.16,29.8,35.01,26.53624369,10.00
10915,25.16,29.8,35.01,25.11259619,10.00
10916,25.16,29.8,35.01,20.4550544,10.00
10917,25.16,29.8,35.01,25.59844036,10.00
10918,25.16,29.8,35.01,15.21604741,10.00
10919,25.16,29.8,35.01,20.8702729,10.00
10920,25.16,29.8,35.01,19.30087629,10.00
10921,25.16,29.8,35.01,19.08789387,10.00
10922,25.16,29.8,35.01,19.07907806,10.00
10923,25.16,29.8,16.04,15.62009937,10.00
10924,25.16,29.8,16.04,9.8057749,10.00
10925,25.16,29.8,16.04,8.016298202,10.00
10926,25.16,29.8,16.04,20.49552186,10.00
10927,25.16,29.8,16.04,14.9910522,10.00
10928,25.16,29.8,16.04,20.00725022,10.00
10929,25.16,29.8,35.01,15.64650037,10.00
10930,25.16,29.8,35.01,12.08602954,10.00
10931,25.16,29.8,35.01,17.85393061,10.00
10932,25.16,29.8,35.01,21.27389508,10.00
10933,25.16,29.8,35.01,14.05091556,10.00
10934,25.16,29.8,35.01,13.4219907,10.00
10935,25.16,29.8,35.01,20.09514922,10.00
10936,25.16,29.8,35.01,16.14424565,10.00
10937,25.16,29.8,35.01,17.25363639,10.00
10938,25.16,29.8,35.01,12.6027637,10.00
10939,25.16,29.8,35.01,24.20095178,10.00
10940,25.16,29.8,35.01,12.35801035,10.00
10941,25.16,29.8,35.01,4.426974584,10.00
10942,25.16,29.8,35.01,12.85120684,10.00
10943,25.16,29.8,35.01,17.06861563,10.00
10944,25.16,14.6,16.04,9.926774652,10.00
10945,25.16,14.6,16.04,8.88774729,10.00
10946,25.16,14.6,16.04,13.25882905,10.00
10947,25.16,14.6,16.04,8.528179621,10.00
10948,25.16,14.6,16.04,18.66070115,10.00
10949,25.16,14.6,16.04,18.20195278,10.00
10950,25.16,14.6,16.04,17.64890625,10.00
10951,25.16,14.6,16.04,12.70788395,10.00
10952,25.16,14.6,16.04,8.8918394,10.00
10953,25.16,14.6,16.04,8.40890774,10.00
10954,25.16,14.6,16.04,15.44742975,10.00
10955,25.16,14.6,16.04,20.46754217,10.00
10956,25.16,14.6,16.04,21.11115529,10.00
10957,25.16,14.6,16.04,27.8032926,10.00
10958,25.16,29.8,35.01,26.71485103,10.00
10959,25.16,29.8,35.01,24.6274202,10.00
10960,25.16,29.8,35.01,20.5663055,10.00
10961,25.16,29.8,35.01,16.68647003,10.00
10962,25.16,29.8,35.01,27.18480412,10.00
10963,25.16,29.8,35.01,25.7263619,10.00
10964,25.16,29.8,35.01,20.95498722,10.00
10965,25.16,29.8,35.01,26.22408036,10.00
10966,25.16,29.8,35.01,15.58793601,10.00
10967,25.16,29.8,35.01,21.38035388,10.00
10968,25.16,29.8,35.01,19.77260036,10.00
10969,25.16,29.8,35.01,19.55441252,10.00
10970,25.16,29.8,35.01,19.54538125,10.00
10971,25.16,29.8,16.04,16.00186322,10.00
10972,25.16,29.8,16.04,10.04543345,10.00
10973,25.16,29.8,16.04,8.212220953,10.00
10974,25.16,29.8,16.04,20.99644373,10.00
10975,25.16,29.8,16.04,15.35744179,10.00
10976,25.16,29.8,16.04,20.49623846,10.00
10977,25.16,29.8,35.01,16.02890948,10.00
10978,25.16,29.8,35.01,12.38141877,10.00
10979,25.16,29.8,35.01,18.29029053,10.00
10980,25.16,29.8,35.01,21.79384081,10.00
10981,25.16,29.8,35.01,14.39432768,10.00
10982,25.16,29.8,35.01,13.75003156,10.00
10983,25.16,29.8,35.01,20.58628576,10.00
10984,25.16,29.8,35.01,16.53881992,10.00
10985,25.16,29.8,35.01,17.67532478,10.00
10986,25.16,29.8,35.01,12.91078219,10.00
10987,25.16,29.8,35.01,24.7924364,10.00
10988,25.16,29.8,35.01,12.59857165,10.00
10989,25.16,29.8,35.01,4.513150167,10.00
10990,25.16,29.8,35.01,13.10136871,10.00
10991,25.16,29.8,35.01,17.40087368,10.00
10992,25.16,14.6,16.04,10.24139874,10.00
10993,25.16,14.6,16.04,9.16943993,10.00
10994,25.16,14.6,16.04,13.67906091,10.00
10995,25.16,14.6,16.04,8.798475946,10.00
10996,25.16,14.6,16.04,19.25214261,10.00
10997,25.16,14.6,16.04,18.77885443,10.00
10998,25.16,14.6,16.04,18.20827937,10.00
10999,25.16,14.6,16.04,13.11065388,10.00
11000,25.16,14.6,16.04,9.173661737,10.00
11001,25.16,14.6,16.04,8.675423803,10.00
11002,25.16,14.6,16.04,15.93702819,10.00
11003,25.16,14.6,16.04,21.11625053,10.00
11004,25.16,14.6,16.04,21.94717323,10.00
11005,25.16,14.6,16.04,28.90432431,10.00
11006,25.16,29.8,35.01,27.77277962,10.00
11007,25.16,29.8,35.01,25.60268493,10.00
11008,25.16,29.8,35.01,21.38074697,10.00
11009,25.16,29.8,35.01,17.34726705,10.00
11010,25.16,29.8,35.01,28.26134322,10.00
11011,25.16,29.8,35.01,26.74514556,10.00
11012,25.16,29.8,35.01,21.78482079,10.00
11013,25.16,29.8,35.01,27.26257406,10.00
11014,25.16,29.8,35.01,16.20523023,10.00
11015,25.16,29.8,35.01,22.22703229,10.00
11016,25.16,29.8,35.01,20.5556105,10.00
11017,25.16,29.8,35.01,20.32878226,10.00
11018,25.16,29.8,35.01,20.31939334,10.00
11019,25.16,29.8,16.04,16.63554927,10.00
11020,25.16,29.8,16.04,10.44324032,10.00
11021,25.16,29.8,16.04,8.537431202,10.00
11022,25.16,29.8,16.04,21.827919,10.00
11023,25.16,29.8,16.04,15.96560826,10.00
11024,25.16,29.8,16.04,21.30790522,10.00
11025,25.16,29.8,35.01,16.66366659,10.00
11026,25.16,29.8,35.01,12.87173245,10.00
11027,25.16,29.8,35.01,19.01460006,10.00
11028,25.16,29.8,35.01,22.65689363,10.00
11029,25.16,29.8,35.01,14.9643541,10.00
11030,25.16,29.8,35.01,14.29454336,10.00
11031,25.16,29.8,35.01,21.40151846,10.00
11032,25.16,29.8,35.01,17.19376987,10.00
11033,25.16,29.8,35.01,18.3752812,10.00
11034,25.16,29.8,35.01,13.42205907,10.00
11035,25.16,29.8,35.01,25.7742359,10.00
11036,25.16,29.8,35.01,12.99787698,10.00
11037,25.16,29.8,35.01,4.656192171,10.00
11038,25.16,29.8,35.01,13.51660994,10.00
11039,25.16,29.8,35.01,17.95238554,10.00
11040,25.16,14.6,16.04,9.928255595,10.00
11041,25.16,14.6,16.04,8.889073224,10.00
11042,25.16,14.6,16.04,13.26080709,10.00
11043,25.16,14.6,16.04,8.529451912,10.00
11044,25.16,14.6,16.04,18.66348508,10.00
11045,25.16,14.6,16.04,18.20466827,10.00
11046,25.16,14.6,16.04,17.65153923,10.00
11047,25.16,14.6,16.04,12.70977979,10.00
11048,25.16,14.6,16.04,8.893165945,10.00
11049,25.16,14.6,16.04,8.410162238,10.00
11050,25.16,14.6,16.04,15.4497343,10.00
11051,25.16,14.6,16.04,20.47059566,10.00
11052,25.16,14.6,16.04,21.11509044,10.00
11053,25.16,14.6,16.04,27.80847518,10.00
11054,25.16,29.8,35.01,26.71983072,10.00
11055,25.16,29.8,35.01,24.6320108,10.00
11056,25.16,29.8,35.01,20.57013909,10.00
11057,25.16,29.8,35.01,16.68958042,10.00
11058,25.16,29.8,35.01,27.18987142,10.00
11059,25.16,29.8,35.01,25.73115734,10.00
11060,25.16,29.8,35.01,20.95889326,10.00
11061,25.16,29.8,35.01,26.22896858,10.00
11062,25.16,29.8,35.01,15.59084163,10.00
11063,25.16,29.8,35.01,21.38433922,10.00
11064,25.16,29.8,35.01,19.776286,10.00
11065,25.16,29.8,35.01,19.5580575,10.00
11066,25.16,29.8,35.01,19.54902454,10.00
11067,25.16,29.8,16.04,16.00484599,10.00
11068,25.16,29.8,16.04,10.04730594,10.00
11069,25.16,29.8,16.04,8.213751725,10.00
11070,25.16,29.8,16.04,21.0003575,10.00
11071,25.16,29.8,16.04,15.36030444,10.00
11072,25.16,29.8,16.04,20.50005899,10.00
11073,25.16,29.8,35.01,16.03189729,10.00
11074,25.16,29.8,35.01,12.38372669,10.00
11075,25.16,29.8,35.01,18.29369987,10.00
11076,25.16,29.8,35.01,21.79790322,10.00
11077,25.16,29.8,35.01,14.39701081,10.00
11078,25.16,29.8,35.01,13.75259459,10.00
11079,25.16,29.8,35.01,20.59012308,10.00
11080,25.16,29.8,35.01,16.54190278,10.00
11081,25.16,29.8,35.01,17.67861949,10.00
11082,25.16,29.8,35.01,12.91318879,10.00
11083,25.16,29.8,35.01,24.79705775,10.00
11084,25.16,29.8,35.01,12.60045119,10.00
11085,25.16,29.8,35.01,4.513823469,10.00
11086,25.16,29.8,35.01,13.10332326,10.00
11087,25.16,29.8,35.01,17.40346966,10.00
11088,25.16,14.6,16.04,10.06589596,10.00
11089,25.16,14.6,16.04,9.012306882,10.00
11090,25.16,14.6,16.04,13.44464828,10.00
11091,25.16,14.6,16.04,8.64769996,10.00
11092,25.16,14.6,16.04,18.92222629,10.00
11093,25.16,14.6,16.04,18.45704867,10.00
11094,25.16,14.6,16.04,17.89625133,10.00
11095,25.16,14.6,16.04,12.88598181,10.00
11096,25.16,14.6,16.04,9.016456342,10.00
11097,25.16,14.6,16.04,8.526756513,10.00
11098,25.16,14.6,16.04,15.66392167,10.00
11099,25.16,14.6,16.04,20.75438974,10.00
11100,25.16,14.6,16.04,21.4808279,10.00
11101,25.16,14.6,16.04,28.29014969,10.00
11102,25.16,29.8,35.01,27.18264867,10.00
11103,25.16,29.8,35.01,25.05866533,10.00
11104,25.16,29.8,35.01,20.92643737,10.00
11105,25.16,29.8,35.01,16.97866299,10.00
11106,25.16,29.8,35.01,27.66083101,10.00
11107,25.16,29.8,35.01,26.17685034,10.00
11108,25.16,29.8,35.01,21.32192521,10.00
11109,25.16,29.8,35.01,26.68328424,10.00
11110,25.16,29.8,35.01,15.86089279,10.00
11111,25.16,29.8,35.01,21.75474037,10.00
11112,25.16,29.8,35.01,20.11883384,10.00
11113,25.16,29.8,35.01,19.89682537,10.00
11114,25.16,29.8,35.01,19.88763595,10.00
11115,25.16,29.8,16.04,16.28206818,10.00
11116,25.16,29.8,16.04,10.22133674,10.00
11117,25.16,29.8,16.04,8.356023275,10.00
11118,25.16,29.8,16.04,21.36410765,10.00
11119,25.16,29.8,16.04,15.62636244,10.00
11120,25.16,29.8,16.04,20.8551434,10.00
11121,25.16,29.8,35.01,16.30958804,10.00
11122,25.16,29.8,35.01,12.59822697,10.00
11123,25.16,29.8,35.01,18.61056762,10.00
11124,25.16,29.8,35.01,22.17546777,10.00
11125,25.16,29.8,35.01,14.64638346,10.00
11126,25.16,29.8,35.01,13.99080522,10.00
11127,25.16,29.8,35.01,20.9467675,10.00
11128,25.16,29.8,35.01,16.82842741,10.00
11129,25.16,29.8,35.01,17.98483335,10.00
11130,25.16,29.8,35.01,13.13685995,10.00
11131,25.16,29.8,35.01,25.22657108,10.00
11132,25.16,29.8,35.01,12.77513753,10.00
11133,25.16,29.8,35.01,4.576400856,10.00
11134,25.16,29.8,35.01,13.28498117,10.00
11135,25.16,29.8,35.01,17.64474264,10.00
11136,25.16,14.6,16.04,9.959075551,10.00
11137,25.16,14.6,16.04,8.916667281,10.00
11138,25.16,14.6,16.04,13.30197218,10.00
11139,25.16,14.6,16.04,8.555929608,10.00
11140,25.16,14.6,16.04,18.72142152,10.00
11141,25.16,14.6,16.04,18.26118042,10.00
11142,25.16,14.6,16.04,17.70633432,10.00
11143,25.16,14.6,16.04,12.74923434,10.00
11144,25.16,14.6,16.04,8.920772706,10.00
11145,25.16,14.6,16.04,8.436269627,10.00
11146,25.16,14.6,16.04,15.4976944,10.00
11147,25.16,14.6,16.04,20.53414185,10.00
11148,25.16,14.6,16.04,21.19698512,10.00
11149,25.16,14.6,16.04,27.91633008,10.00
11150,25.16,29.8,35.01,26.82346333,10.00
11151,25.16,29.8,35.01,24.72754581,10.00
11152,25.16,29.8,35.01,20.64992018,10.00
11153,25.16,29.8,35.01,16.7543108,10.00
11154,25.16,29.8,35.01,27.29532707,10.00
11155,25.16,29.8,35.01,25.83095538,10.00
11156,25.16,29.8,35.01,21.04018213,10.00
11157,25.16,29.8,35.01,26.33069738,10.00
11158,25.16,29.8,35.01,15.65131056,10.00
11159,25.16,29.8,35.01,21.46727817,10.00
11160,25.16,29.8,35.01,19.85298814,10.00
11161,25.16,29.8,35.01,19.63391324,10.00
11162,25.16,29.8,35.01,19.62484525,10.00
11163,25.16,29.8,16.04,16.06692063,10.00
11164,25.16,29.8,16.04,10.08627431,10.00
11165,25.16,29.8,16.04,8.245608681,10.00
11166,25.16,29.8,16.04,21.08180718,10.00
11167,25.16,29.8,16.04,15.41987923,10.00
11168,25.16,29.8,16.04,20.57956827,10.00
11169,25.16,29.8,35.01,16.09407685,10.00
11170,25.16,29.8,35.01,12.43175686,10.00
11171,25.16,29.8,35.01,18.36465181,10.00
11172,25.16,29.8,35.01,21.88244618,10.00
11173,25.16,29.8,35.01,14.45284948,10.00
11174,25.16,29.8,35.01,13.8059339,10.00
11175,25.16,29.8,35.01,20.66998167,10.00
11176,25.16,29.8,35.01,16.60606039,10.00
11177,25.16,29.8,35.01,17.74718584,10.00
11178,25.16,29.8,35.01,12.96327246,10.00
11179,25.16,29.8,35.01,24.8932329,10.00
11180,25.16,29.8,35.01,12.63956635,10.00
11181,25.16,29.8,35.01,4.527835583,10.00
11182,25.16,29.8,35.01,13.14399948,10.00
11183,25.16,29.8,35.01,17.45749467,10.00
11184,25.16,14.6,16.04,9.787888976,10.00
11185,25.16,14.6,16.04,8.763398664,10.00
11186,25.16,14.6,16.04,13.07332455,10.00
11187,25.16,14.6,16.04,8.408861712,10.00
11188,25.16,14.6,16.04,18.39961896,10.00
11189,25.16,14.6,16.04,17.94728894,10.00
11190,25.16,14.6,16.04,17.40198009,10.00
11191,25.16,14.6,16.04,12.53008772,10.00
11192,25.16,14.6,16.04,8.767433521,10.00
11193,25.16,14.6,16.04,8.291258567,10.00
11194,25.16,14.6,16.04,15.23130449,10.00
11195,25.16,14.6,16.04,20.18118044,10.00
11196,25.16,14.6,16.04,20.74210879,10.00
11197,25.16,14.6,16.04,27.31726008,10.00
11198,25.16,29.8,35.01,26.24784569,10.00
11199,25.16,29.8,35.01,24.19690548,10.00
11200,25.16,29.8,35.01,20.20678358,10.00
11201,25.16,29.8,35.01,16.39477196,10.00
11202,25.16,29.8,35.01,26.70958348,10.00
11203,25.16,29.8,35.01,25.27663645,10.00
11204,25.16,29.8,35.01,20.58867071,10.00
11205,25.16,29.8,35.01,25.76565424,10.00
11206,25.16,29.8,35.01,15.31544153,10.00
11207,25.16,29.8,35.01,21.00660149,10.00
11208,25.16,29.8,35.01,19.42695329,10.00
11209,25.16,29.8,35.01,19.21257962,10.00
11210,25.16,29.8,35.01,19.20370622,10.00
11211,25.16,29.8,16.04,15.72213283,10.00
11212,25.16,29.8,16.04,9.869828087,10.00
11213,25.16,29.8,16.04,8.068662187,10.00
11214,25.16,29.8,16.04,20.62940251,10.00
11215,25.16,29.8,16.04,15.0889766,10.00
11216,25.16,29.8,16.04,20.13794139,10.00
11217,25.16,29.8,35.01,15.74870629,10.00
11218,25.16,29.8,35.01,12.16497779,10.00
11219,25.16,29.8,35.01,17.97055588,10.00
11220,25.16,29.8,35.01,21.41286021,10.00
11221,25.16,29.8,35.01,14.14269881,10.00
11222,25.16,29.8,35.01,13.5096657,10.00
11223,25.16,29.8,35.01,20.22641456,10.00
11224,25.16,29.8,35.01,16.24970293,10.00
11225,25.16,29.8,35.01,17.36634042,10.00
11226,25.16,29.8,35.01,12.68508735,10.00
11227,25.16,29.8,35.01,24.359037,10.00
11228,25.16,29.8,35.01,12.42230481,10.00
11229,25.16,29.8,35.01,4.450006605,10.00
11230,25.16,29.8,35.01,12.91806724,10.00
11231,25.16,29.8,35.01,17.15741775,10.00
11232,25.16,14.6,16.04,9.783532141,10.00
11233,25.16,14.6,16.04,8.759497855,10.00
11234,25.16,14.6,16.04,13.06750528,10.00
11235,25.16,14.6,16.04,8.405118717,10.00
11236,25.16,14.6,16.04,18.39142883,10.00
11237,25.16,14.6,16.04,17.93930015,10.00
11238,25.16,14.6,16.04,17.39423403,10.00
11239,25.16,14.6,16.04,12.52451026,10.00
11240,25.16,14.6,16.04,8.763530916,10.00
11241,25.16,14.6,16.04,8.287567919,10.00
11242,25.16,14.6,16.04,15.22452465,10.00
11243,25.16,14.6,16.04,20.17219728,10.00
11244,25.16,14.6,16.04,20.73053182,10.00
11245,25.16,14.6,16.04,27.30201327,10.00
11246,25.16,29.8,35.01,26.23319576,10.00
11247,25.16,29.8,35.01,24.18340026,10.00
11248,25.16,29.8,35.01,20.1955054,10.00
11249,25.16,29.8,35.01,16.38562141,10.00
11250,25.16,29.8,35.01,26.69467584,10.00
11251,25.16,29.8,35.01,25.26252859,10.00
11252,25.16,29.8,35.01,20.57717938,10.00
11253,25.16,29.8,35.01,25.75127344,10.00
11254,25.16,29.8,35.01,15.3068934,10.00
11255,25.16,29.8,35.01,20.9948769,10.00
11256,25.16,29.8,35.01,19.41611036,10.00
11257,25.16,29.8,35.01,19.20185634,10.00
11258,25.16,29.8,35.01,19.1929879,10.00
11259,25.16,29.8,16.04,15.7133577,10.00
11260,25.16,29.8,16.04,9.864319358,10.00
11261,25.16,29.8,16.04,8.064158757,10.00
11262,25.16,29.8,16.04,20.61788845,10.00
11263,25.16,29.8,16.04,15.08055487,10.00
11264,25.16,29.8,16.04,20.12670163,10.00
11265,25.16,29.8,35.01,15.73991633,10.00
11266,25.16,29.8,35.01,12.15818805,10.00
11267,25.16,29.8,35.01,17.96052583,10.00
11268,25.16,29.8,35.01,21.40090887,10.00
11269,25.16,29.8,35.01,14.13480523,10.00
11270,25.16,29.8,35.01,13.50212544,10.00
11271,25.16,29.8,35.01,20.21512542,10.00
11272,25.16,29.8,35.01,16.24063335,10.00
11273,25.16,29.8,35.01,17.3566476,10.00
11274,25.16,29.8,35.01,12.67800731,10.00
11275,25.16,29.8,35.01,24.34544129,10.00
11276,25.16,29.8,35.01,12.41677533,10.00
11277,25.16,29.8,35.01,4.448025795,10.00
11278,25.16,29.8,35.01,12.91231708,10.00
11279,25.16,29.8,35.01,17.14978055,10.00
11280,25.16,14.6,16.04,9.952049817,10.00
11281,25.16,14.6,16.04,8.910376924,10.00
11282,25.16,14.6,16.04,13.29258816,10.00
11283,25.16,14.6,16.04,8.549893738,10.00
11284,25.16,14.6,16.04,18.7082143,10.00
11285,25.16,14.6,16.04,18.24829788,10.00
11286,25.16,14.6,16.04,17.6938432,10.00
11287,25.16,14.6,16.04,12.74024026,10.00
11288,25.16,14.6,16.04,8.914479453,10.00
11289,25.16,14.6,16.04,8.430318172,10.00
11290,25.16,14.6,16.04,15.48676139,10.00
11291,25.16,14.6,16.04,20.51965583,10.00
11292,25.16,14.6,16.04,21.17831636,10.00
11293,25.16,14.6,16.04,27.89174341,10.00
11294,25.16,29.8,35.01,26.79983918,10.00
11295,25.16,29.8,35.01,24.7057676,10.00
11296,25.16,29.8,35.01,20.63173323,10.00
11297,25.16,29.8,35.01,16.73955482,10.00
11298,25.16,29.8,35.01,27.27128734,10.00
11299,25.16,29.8,35.01,25.80820536,10.00
11300,25.16,29.8,35.01,21.02165147,10.00
11301,25.16,29.8,35.01,26.30750722,10.00
11302,25.16,29.8,35.01,15.63752602,10.00
11303,25.16,29.8,35.01,21.44837136,10.00
11304,25.16,29.8,35.01,19.83550307,10.00
11305,25.16,29.8,35.01,19.61662112,10.00
11306,25.16,29.8,35.01,19.60756112,10.00
11307,25.16,29.8,16.04,16.05277006,10.00
11308,25.16,29.8,16.04,10.07739106,10.00
11309,25.16,29.8,16.04,8.238346551,10.00
11310,25.16,29.8,16.04,21.06323987,10.00
11311,25.16,29.8,16.04,15.40629853,10.00
11312,25.16,29.8,16.04,20.56144329,10.00
11313,25.16,29.8,35.01,16.07990236,10.00
11314,25.16,29.8,35.01,12.42080787,10.00
11315,25.16,29.8,35.01,18.34847756,10.00
11316,25.16,29.8,35.01,21.86317372,10.00
11317,25.16,29.8,35.01,14.44012046,10.00
11318,25.16,29.8,35.01,13.79377464,10.00
11319,25.16,29.8,35.01,20.65177706,10.00
11320,25.16,29.8,35.01,16.59143499,10.00
11321,25.16,29.8,35.01,17.73155542,10.00
11322,25.16,29.8,35.01,12.95185536,10.00
11323,25.16,29.8,35.01,24.87130876,10.00
11324,25.16,29.8,35.01,12.63064964,10.00
11325,25.16,29.8,35.01,4.524641373,10.00
11326,25.16,29.8,35.01,13.1347269,10.00
11327,25.16,29.8,35.01,17.4451791,10.00
11328,25.16,14.6,16.04,9.488621988,10.00
11329,25.16,14.6,16.04,8.495455707,10.00
11330,25.16,14.6,16.04,12.6736046,10.00
11331,25.16,14.6,16.04,8.151758805,10.00
11332,25.16,14.6,16.04,17.83704632,10.00
11333,25.16,14.6,16.04,17.3985464,10.00
11334,25.16,14.6,16.04,16.86991049,10.00
11335,25.16,14.6,16.04,12.14697737,10.00
11336,25.16,14.6,16.04,8.499367197,10.00
11337,25.16,14.6,16.04,8.037751403,10.00
11338,25.16,14.6,16.04,14.7656038,10.00
11339,25.16,14.6,16.04,19.56413614,10.00
11340,25.16,14.6,16.04,19.94689767,10.00
11341,25.16,14.6,16.04,26.26997076,10.00
11342,25.16,29.8,35.01,25.24155558,10.00
11343,25.16,29.8,35.01,23.26924433,10.00
11344,25.16,29.8,35.01,19.43209576,10.00
11345,25.16,29.8,35.01,15.76622907,10.00
11346,25.16,29.8,35.01,25.68559127,10.00
11347,25.16,29.8,35.01,24.30758057,10.00
11348,25.16,29.8,35.01,19.7993421,10.00
11349,25.16,29.8,35.01,24.77785039,10.00
11350,25.16,29.8,35.01,14.72827802,10.00
11351,25.16,29.8,35.01,20.20125024,10.00
11352,25.16,29.8,35.01,18.68216261,10.00
11353,25.16,29.8,35.01,18.4760076,10.00
11354,25.16,29.8,35.01,18.46747439,10.00
11355,25.16,29.8,16.04,15.11937758,10.00
11356,25.16,29.8,16.04,9.491438544,10.00
11357,25.16,29.8,16.04,7.759325755,10.00
11358,25.16,29.8,16.04,19.83851232,10.00
11359,25.16,29.8,16.04,14.51049531,10.00
11360,25.16,29.8,16.04,19.36589284,10.00
11361,25.16,29.8,35.01,15.14493227,10.00
11362,25.16,29.8,35.01,11.69859678,10.00
11363,25.16,29.8,35.01,17.28160058,10.00
11364,25.16,29.8,35.01,20.59193382,10.00
11365,25.16,29.8,35.01,13.60049592,10.00
11366,25.16,29.8,35.01,12.99173203,10.00
11367,25.16,29.8,35.01,19.45097413,10.00
11368,25.16,29.8,35.01,15.6267217,10.00
11369,25.16,29.8,35.01,16.70054953,10.00
11370,25.16,29.8,35.01,12.19876637,10.00
11371,25.16,29.8,35.01,23.42516006,10.00
11372,25.16,29.8,35.01,12.04248995,10.00
11373,25.16,29.8,35.01,4.313946615,10.00
11374,25.16,29.8,35.01,12.52309432,10.00
11375,25.16,29.8,35.01,16.6328257,10.00
11376,25.16,14.6,16.04,9.822237269,10.00
11377,25.16,14.6,16.04,8.79415175,10.00
11378,25.16,14.6,16.04,13.1192023,10.00
11379,25.16,14.6,16.04,8.438370634,10.00
11380,25.16,14.6,16.04,18.4641881,10.00
11381,25.16,14.6,16.04,18.01027073,10.00
11382,25.16,14.6,16.04,17.46304825,10.00
11383,25.16,14.6,16.04,12.57405912,10.00
11384,25.16,14.6,16.04,8.798200766,10.00
11385,25.16,14.6,16.04,8.320354788,10.00
11386,25.16,14.6,16.04,15.28475517,10.00
11387,25.16,14.6,16.04,20.25200154,10.00
11388,25.16,14.6,16.04,20.83337895,10.00
11389,25.16,14.6,16.04,27.43746245,10.00
11390,25.16,29.8,35.01,26.36334238,10.00
11391,25.16,29.8,35.01,24.30337755,10.00
11392,25.16,29.8,35.01,20.29569818,10.00
11393,25.16,29.8,35.01,16.46691281,10.00
11394,25.16,29.8,35.01,26.82711193,10.00
11395,25.16,29.8,35.01,25.38785959,10.00
11396,25.16,29.8,35.01,20.6792657,10.00
11397,25.16,29.8,35.01,25.87902918,10.00
11398,25.16,29.8,35.01,15.38283308,10.00
11399,25.16,29.8,35.01,21.09903548,10.00
11400,25.16,29.8,35.01,19.51243645,10.00
11401,25.16,29.8,35.01,19.29711949,10.00
11402,25.16,29.8,35.01,19.28820705,10.00
11403,25.16,29.8,16.04,15.79131391,10.00
11404,25.16,29.8,16.04,9.913257652,10.00
11405,25.16,29.8,16.04,8.104166198,10.00
11406,25.16,29.8,16.04,20.72017673,10.00
11407,25.16,29.8,16.04,15.15537165,10.00
11408,25.16,29.8,16.04,20.22655307,10.00
11409,25.16,29.8,35.01,15.8180043,10.00
11410,25.16,29.8,35.01,12.21850655,10.00
11411,25.16,29.8,35.01,18.04963056,10.00
11412,25.16,29.8,35.01,21.50708183,10.00
11413,25.16,29.8,35.01,14.20493001,10.00
11414,25.16,29.8,35.01,13.56911141,10.00
11415,25.16,29.8,35.01,20.31541554,10.00
11416,25.16,29.8,35.01,16.32120545,10.00
11417,25.16,29.8,35.01,17.4427564,10.00
11418,25.16,29.8,35.01,12.74090471,10.00
11419,25.16,29.8,35.01,24.4662225,10.00
11420,25.16,29.8,35.01,12.46589797,10.00
11421,25.16,29.8,35.01,4.465622856,10.00
11422,25.16,29.8,35.01,12.96340015,10.00
11423,25.16,29.8,35.01,17.21762767,10.00
11424,25.16,14.6,16.04,10.32339142,10.00
11425,25.16,14.6,16.04,9.242850503,10.00
11426,25.16,14.6,16.04,13.78857553,10.00
11427,25.16,14.6,16.04,8.868916579,10.00
11428,25.16,14.6,16.04,19.40627534,10.00
11429,25.16,14.6,16.04,18.92919802,10.00
11430,25.16,14.6,16.04,18.35405493,10.00
11431,25.16,14.6,16.04,13.21561782,10.00
11432,25.16,14.6,16.04,9.247106109,10.00
11433,25.16,14.6,16.04,8.744879281,10.00
11434,25.16,14.6,16.04,16.0646201,10.00
11435,25.16,14.6,16.04,21.28530732,10.00
11436,25.16,14.6,16.04,22.16504387,10.00
11437,25.16,14.6,16.04,29.19125892,10.00
11438,25.16,29.8,35.01,28.04848133,10.00
11439,25.16,29.8,35.01,25.85684402,10.00
11440,25.16,29.8,35.01,21.59299467,10.00
11441,25.16,29.8,35.01,17.5194742,10.00
11442,25.16,29.8,35.01,28.54189493,10.00
11443,25.16,29.8,35.01,27.0106459,10.00
11444,25.16,29.8,35.01,22.00107975,10.00
11445,25.16,29.8,35.01,27.53321094,10.00
11446,25.16,29.8,35.01,16.36610033,10.00
11447,25.16,29.8,35.01,22.44768111,10.00
11448,25.16,29.8,35.01,20.75966703,10.00
11449,25.16,29.8,35.01,20.53058705,10.00
11450,25.16,29.8,35.01,20.52110493,10.00
11451,25.16,29.8,16.04,16.80069117,10.00
11452,25.16,29.8,16.04,10.54691087,10.00
11453,25.16,29.8,16.04,8.622182691,10.00
11454,25.16,29.8,16.04,22.0446058,10.00
11455,25.16,29.8,16.04,16.12409962,10.00
11456,25.16,29.8,16.04,21.51942982,10.00
11457,25.16,29.8,35.01,16.8290876,10.00
11458,25.16,29.8,35.01,12.99951076,10.00
11459,25.16,29.8,35.01,19.20335891,10.00
11460,25.16,29.8,35.01,22.8818097,10.00
11461,25.16,29.8,35.01,15.11290596,10.00
11462,25.16,29.8,35.01,14.43644598,10.00
11463,25.16,29.8,35.01,21.61397236,10.00
11464,25.16,29.8,35.01,17.36445325,10.00
11465,25.16,29.8,35.01,18.5576935,10.00
11466,25.16,29.8,35.01,13.5553005,10.00
11467,25.16,29.8,35.01,26.03009797,10.00
11468,25.16,29.8,35.01,13.10193804,10.00
11469,25.16,29.8,35.01,4.693469664,10.00
11470,25.16,29.8,35.01,13.62482398,10.00
11471,25.16,29.8,35.01,18.09611241,10.00
11472,25.16,14.6,16.04,10.30372741,10.00
11473,25.16,14.6,16.04,9.225244711,10.00
11474,25.16,14.6,16.04,13.76231103,10.00
11475,25.16,14.6,16.04,8.852023057,10.00
11476,25.16,14.6,16.04,19.36931024,10.00
11477,25.16,14.6,16.04,18.89314166,10.00
11478,25.16,14.6,16.04,18.31909411,10.00
11479,25.16,14.6,16.04,13.1904447,10.00
11480,25.16,14.6,16.04,9.229492211,10.00
11481,25.16,14.6,16.04,8.728222025,10.00
11482,25.16,14.6,16.04,16.0340202,10.00
11483,25.16,14.6,16.04,21.24476304,10.00
11484,25.16,14.6,16.04,22.11279274,10.00
11485,25.16,14.6,16.04,29.12244443,10.00
11486,25.16,29.8,35.01,27.98236079,10.00
11487,25.16,29.8,35.01,25.79588996,10.00
11488,25.16,29.8,35.01,21.54209207,10.00
11489,25.16,29.8,35.01,17.47817438,10.00
11490,25.16,29.8,35.01,28.47461123,10.00
11491,25.16,29.8,35.01,26.94697192,10.00
11492,25.16,29.8,35.01,21.94921514,10.00
11493,25.16,29.8,35.01,27.46830508,10.00
11494,25.16,29.8,35.01,16.32751944,10.00
11495,25.16,29.8,35.01,22.3947637,10.00
11496,25.16,29.8,35.01,20.71072889,10.00
11497,25.16,29.8,35.01,20.48218894,10.00
11498,25.16,29.8,35.01,20.47272917,10.00
11499,25.16,29.8,16.04,16.76108579,10.00
11500,25.16,29.8,16.04,10.52204793,10.00
11501,25.16,29.8,16.04,8.601857048,10.00
11502,25.16,29.8,16.04,21.99263859,10.00
11503,25.16,29.8,16.04,16.08608921,10.00
11504,25.16,29.8,16.04,21.46870064,10.00
11505,25.16,29.8,35.01,16.78941528,10.00
11506,25.16,29.8,35.01,12.96886615,10.00
11507,25.16,29.8,35.01,19.15808956,10.00
11508,25.16,29.8,35.01,22.82786889,10.00
11509,25.16,29.8,35.01,15.07727931,10.00
11510,25.16,29.8,35.01,14.40241398,10.00
11511,25.16,29.8,35.01,21.56302031,10.00
11512,25.16,29.8,35.01,17.32351887,10.00
11513,25.16,29.8,35.01,18.51394621,10.00
11514,25.16,29.8,35.01,13.52334569,10.00
11515,25.16,29.8,35.01,25.9687355,10.00
11516,25.16,29.8,35.01,13.07698145,10.00
11517,25.16,29.8,35.01,4.684529538,10.00
11518,25.16,29.8,35.01,13.5988714,10.00
11519,25.16,29.8,35.01,18.06164291,10.00
11520,25.16,14.6,16.04,9.901988256,10.00
11521,25.16,14.6,16.04,8.865555266,10.00
11522,25.16,14.6,16.04,13.22572277,10.00
11523,25.16,14.6,16.04,8.50688541,10.00
11524,25.16,14.6,16.04,18.61410681,10.00
11525,25.16,14.6,16.04,18.1565039,10.00
11526,25.16,14.6,16.04,17.60483828,10.00
11527,25.16,14.6,16.04,12.67615333,10.00
11528,25.16,14.6,16.04,8.869637159,10.00
11529,25.16,14.6,16.04,8.387911342,10.00
11530,25.16,14.6,16.04,15.4088587,10.00
11531,25.16,14.6,16.04,20.41643629,10.00
11532,25.16,14.6,16.04,21.04529297,10.00
11533,25.16,14.6,16.04,27.71655223,10.00
11534,25.16,29.8,35.01,26.63150637,10.00
11535,25.16,29.8,35.01,24.55058789,10.00
11536,25.16,29.8,35.01,20.50214299,10.00
11537,25.16,29.8,35.01,16.63441179,10.00
11538,25.16,29.8,35.01,27.09999331,10.00
11539,25.16,29.8,35.01,25.64610112,10.00
11540,25.16,29.8,35.01,20.88961211,10.00
11541,25.16,29.8,35.01,26.14226681,10.00
11542,25.16,29.8,35.01,15.53930496,10.00
11543,25.16,29.8,35.01,21.31365172,10.00
11544,25.16,29.8,35.01,19.71091405,10.00
11545,25.16,29.8,35.01,19.49340691,10.00
11546,25.16,29.8,35.01,19.48440382,10.00
11547,25.16,29.8,16.04,15.9519408,10.00
11548,25.16,29.8,16.04,10.01409383,10.00
11549,25.16,29.8,16.04,8.186600569,10.00
11550,25.16,29.8,16.04,20.93093928,10.00
11551,25.16,29.8,16.04,15.30952983,10.00
11552,25.16,29.8,16.04,20.43229455,10.00
11553,25.16,29.8,35.01,15.97890268,10.00
11554,25.16,29.8,35.01,12.34279138,10.00
11555,25.16,29.8,35.01,18.23322871,10.00
11556,25.16,29.8,35.01,21.72584866,10.00
11557,25.16,29.8,35.01,14.34942044,10.00
11558,25.16,29.8,35.01,13.70713438,10.00
11559,25.16,29.8,35.01,20.52206092,10.00
11560,25.16,29.8,35.01,16.48722231,10.00
11561,25.16,29.8,35.01,17.62018152,10.00
11562,25.16,29.8,35.01,12.8705033,10.00
11563,25.16,29.8,35.01,24.71508926,10.00
11564,25.16,29.8,35.01,12.56711398,10.00
11565,25.16,29.8,35.01,4.501881177,10.00
11566,25.16,29.8,35.01,13.0686556,10.00
11567,25.16,29.8,35.01,17.35742503,10.00
11568,25.16,14.6,16.04,9.310797917,10.00
11569,25.16,14.6,16.04,8.336244335,10.00
11570,25.16,14.6,16.04,12.43609151,10.00
11571,25.16,14.6,16.04,7.998988577,10.00
11572,25.16,14.6,16.04,17.50276636,10.00
11573,25.16,14.6,16.04,17.07248426,10.00
11574,25.16,14.6,16.04,16.5537554,10.00
11575,25.16,14.6,16.04,11.91933367,10.00
11576,25.16,14.6,16.04,8.340082521,10.00
11577,25.16,14.6,16.04,7.887117762,10.00
11578,25.16,14.6,16.04,14.48888504,10.00
11579,25.16,14.6,16.04,19.19748918,10.00
11580,25.16,14.6,16.04,19.47438421,10.00
11581,25.16,14.6,16.04,25.64767275,10.00
11582,25.16,29.8,35.01,24.64361925,10.00
11583,25.16,29.8,35.01,22.71802924,10.00
11584,25.16,29.8,35.01,18.97177722,10.00
11585,25.16,29.8,35.01,15.39274967,10.00
11586,25.16,29.8,35.01,25.07713637,10.00
11587,25.16,29.8,35.01,23.73176877,10.00
11588,25.16,29.8,35.01,19.33032402,10.00
11589,25.16,29.8,35.01,24.19089858,10.00
11590,25.16,29.8,35.01,14.37938619,10.00
11591,25.16,29.8,35.01,19.72271154,10.00
11592,25.16,29.8,35.01,18.23960891,10.00
11593,25.16,29.8,35.01,18.03833742,10.00
11594,25.16,29.8,35.01,18.03000635,10.00
11595,25.16,29.8,16.04,14.76122117,10.00
11596,25.16,29.8,16.04,9.266599949,10.00
11597,25.16,29.8,16.04,7.575518433,10.00
11598,25.16,29.8,16.04,19.36856636,10.00
11599,25.16,29.8,16.04,14.16676244,10.00
11600,25.16,29.8,16.04,18.90714255,10.00
11601,25.16,29.8,35.01,14.7861705,10.00
11602,25.16,29.8,35.01,11.42147376,10.00
11603,25.16,29.8,35.01,16.87222419,10.00
11604,25.16,29.8,35.01,20.10414037,10.00
11605,25.16,29.8,35.01,13.27831963,10.00
11606,25.16,29.8,35.01,12.6839765,10.00
11607,25.16,29.8,35.01,18.99020839,10.00
11608,25.16,29.8,35.01,15.25654702,10.00
11609,25.16,29.8,35.01,16.30493742,10.00
11610,25.16,29.8,35.01,11.90979506,10.00
11611,25.16,29.8,35.01,22.87025154,10.00
11612,25.16,29.8,35.01,11.81680443,10.00
11613,25.16,29.8,35.01,4.233099939,10.00
11614,25.16,29.8,35.01,12.2884019,10.00
11615,25.16,29.8,35.01,16.32111376,10.00
11616,25.16,14.6,16.04,9.800974491,10.00
11617,25.16,14.6,16.04,8.775114529,10.00
11618,25.16,14.6,16.04,13.09080239,10.00
11619,25.16,14.6,16.04,8.420103593,10.00
11620,25.16,14.6,16.04,18.42421757,10.00
11621,25.16,14.6,16.04,17.97128283,10.00
11622,25.16,14.6,16.04,17.42524495,10.00
11623,25.16,14.6,16.04,12.54683931,10.00
11624,25.16,14.6,16.04,8.77915478,10.00
11625,25.16,14.6,16.04,8.302343223,10.00
11626,25.16,14.6,16.04,15.25166736,10.00
11627,25.16,14.6,16.04,20.20816083,10.00
11628,25.16,14.6,16.04,20.77687957,10.00
11629,25.16,14.6,16.04,27.36305304,10.00
11630,25.16,29.8,35.01,26.29184594,10.00
11631,25.16,29.8,35.01,24.23746767,10.00
11632,25.16,29.8,35.01,20.24065697,10.00
11633,25.16,29.8,35.01,16.42225513,10.00
11634,25.16,29.8,35.01,26.75435776,10.00
11635,25.16,29.8,35.01,25.31900863,10.00
11636,25.16,29.8,35.01,20.62318428,10.00
11637,25.16,29.8,35.01,25.80884618,10.00
11638,25.16,29.8,35.01,15.34111538,10.00
11639,25.16,29.8,35.01,21.04181565,10.00
11640,25.16,29.8,35.01,19.45951942,10.00
11641,25.16,29.8,35.01,19.24478639,10.00
11642,25.16,29.8,35.01,19.23589812,10.00
11643,25.16,29.8,16.04,15.74848844,10.00
11644,25.16,29.8,16.04,9.886373253,10.00
11645,25.16,29.8,16.04,8.08218799,10.00
11646,25.16,29.8,16.04,20.66398436,10.00
11647,25.16,29.8,16.04,15.11427083,10.00
11648,25.16,29.8,16.04,20.17169938,10.00
11649,25.16,29.8,35.01,15.77510644,10.00
11650,25.16,29.8,35.01,12.1853704,10.00
11651,25.16,29.8,35.01,18.00068061,10.00
11652,25.16,29.8,35.01,21.4487554,10.00
11653,25.16,29.8,35.01,14.16640675,10.00
11654,25.16,29.8,35.01,13.53231246,10.00
11655,25.16,29.8,35.01,20.26032086,10.00
11656,25.16,29.8,35.01,16.27694292,10.00
11657,25.16,29.8,35.01,17.39545227,10.00
11658,25.16,29.8,35.01,12.70635184,10.00
11659,25.16,29.8,35.01,24.39987098,10.00
11660,25.16,29.8,35.01,12.4389123,10.00
11661,25.16,29.8,35.01,4.455955858,10.00
11662,25.16,29.8,35.01,12.93533751,10.00
11663,25.16,29.8,35.01,17.18035565,10.00
11664,25.16,14.6,16.04,9.760154766,10.00
11665,25.16,14.6,16.04,8.738567372,10.00
11666,25.16,14.6,16.04,13.03628098,10.00
11667,25.16,14.6,16.04,8.385035008,10.00
11668,25.16,14.6,16.04,18.34748322,10.00
11669,25.16,14.6,16.04,17.89643489,10.00
11670,25.16,14.6,16.04,17.35267118,10.00
11671,25.16,14.6,16.04,12.49458343,10.00
11672,25.16,14.6,16.04,8.742590796,10.00
11673,25.16,14.6,16.04,8.267765094,10.00
11674,25.16,14.6,16.04,15.18814624,10.00
11675,25.16,14.6,16.04,20.12399659,10.00
11676,25.16,14.6,16.04,20.66841355,10.00
11677,25.16,14.6,16.04,27.2202038,10.00
11678,25.16,29.8,35.01,26.15458896,10.00
11679,25.16,29.8,35.01,24.11093559,10.00
11680,25.16,29.8,35.01,20.13499031,10.00
11681,25.16,29.8,35.01,16.3365225,10.00
11682,25.16,29.8,35.01,26.61468623,10.00
11683,25.16,29.8,35.01,25.18683036,10.00
11684,25.16,29.8,35.01,20.51552063,10.00
11685,25.16,29.8,35.01,25.6741107,10.00
11686,25.16,29.8,35.01,15.26102686,10.00
11687,25.16,29.8,35.01,20.93196653,10.00
11688,25.16,29.8,35.01,19.3579307,10.00
11689,25.16,29.8,35.01,19.14431869,10.00
11690,25.16,29.8,35.01,19.13547682,10.00
11691,25.16,29.8,16.04,15.66627321,10.00
11692,25.16,29.8,16.04,9.83476129,10.00
11693,25.16,29.8,16.04,8.039994804,10.00
11694,25.16,29.8,16.04,20.55610771,10.00
11695,25.16,29.8,16.04,15.03536654,10.00
11696,25.16,29.8,16.04,20.06639271,10.00
11697,25.16,29.8,35.01,15.69275226,10.00
11698,25.16,29.8,35.01,12.12175649,10.00
11699,25.16,29.8,35.01,17.90670778,10.00
11700,25.16,29.8,35.01,21.33678184,10.00
11701,25.16,29.8,35.01,14.09245081,10.00
11702,25.16,29.8,35.01,13.46166682,10.00
11703,25.16,29.8,35.01,20.15455155,10.00
11704,25.16,29.8,35.01,16.19196889,10.00
11705,25.16,29.8,35.01,17.30463905,10.00
11706,25.16,29.8,35.01,12.64001813,10.00
11707,25.16,29.8,35.01,24.27249108,10.00
11708,25.16,29.8,35.01,12.38710593,10.00
11709,25.16,29.8,35.01,4.437397408,10.00
11710,25.16,29.8,35.01,12.88146359,10.00
11711,25.16,29.8,35.01,17.10880181,10.00
11712,25.16,14.6,16.04,9.994163738,10.00
11713,25.16,14.6,16.04,8.948082816,10.00
11714,25.16,14.6,16.04,13.34883818,10.00
11715,25.16,14.6,16.04,8.586074178,10.00
11716,25.16,14.6,16.04,18.78738153,10.00
11717,25.16,14.6,16.04,18.32551889,10.00
11718,25.16,14.6,16.04,17.76871794,10.00
11719,25.16,14.6,16.04,12.79415292,10.00
11720,25.16,14.6,16.04,8.952202705,10.00
11721,25.16,14.6,16.04,8.465992607,10.00
11722,25.16,14.6,16.04,15.55229645,10.00
11723,25.16,14.6,16.04,20.60648851,10.00
11724,25.16,14.6,16.04,21.29022131,10.00
11725,25.16,14.6,16.04,28.03912171,10.00
11726,25.16,29.8,35.01,26.94144792,10.00
11727,25.16,29.8,35.01,24.83631139,10.00
11728,25.16,29.8,35.01,20.74075007,10.00
11729,25.16,29.8,35.01,16.82800563,10.00
11730,25.16,29.8,35.01,27.41538719,10.00
11731,25.16,29.8,35.01,25.94457437,10.00
11732,25.16,29.8,35.01,21.13272862,10.00
11733,25.16,29.8,35.01,26.44651451,10.00
11734,25.16,29.8,35.01,15.72015377,10.00
11735,25.16,29.8,35.01,21.56170327,10.00
11736,25.16,29.8,35.01,19.94031268,10.00
11737,25.16,29.8,35.01,19.72027417,10.00
11738,25.16,29.8,35.01,19.71116629,10.00
11739,25.16,29.8,16.04,16.13759193,10.00
11740,25.16,29.8,16.04,10.13063939,10.00
11741,25.16,29.8,16.04,8.281877481,10.00
11742,25.16,29.8,16.04,21.17453676,10.00
11743,25.16,29.8,16.04,15.48770449,10.00
11744,25.16,29.8,16.04,20.67008872,10.00
11745,25.16,29.8,35.01,16.1648676,10.00
11746,25.16,29.8,35.01,12.48643868,10.00
11747,25.16,29.8,35.01,18.44542982,10.00
11748,25.16,29.8,35.01,21.97869742,10.00
11749,25.16,29.8,35.01,14.51642119,10.00
11750,25.16,29.8,35.01,13.86666012,10.00
11751,25.16,29.8,35.01,20.76089981,10.00
11752,25.16,29.8,35.01,16.67910313,10.00
11753,25.16,29.8,35.01,17.82524789,10.00
11754,25.16,29.8,35.01,13.02029219,10.00
11755,25.16,29.8,35.01,25.00272726,10.00
11756,25.16,29.8,35.01,12.68409854,10.00
11757,25.16,29.8,35.01,4.543788222,10.00
11758,25.16,29.8,35.01,13.19030891,10.00
11759,25.16,29.8,35.01,17.51900157,10.00
11760,25.16,14.6,16.04,9.582241521,10.00
11761,25.16,14.6,16.04,8.57927616,10.00
11762,25.16,14.6,16.04,12.79864878,10.00
11763,25.16,14.6,16.04,8.232188171,10.00
11764,25.16,14.6,16.04,18.01303562,10.00
11765,25.16,14.6,16.04,17.57020924,10.00
11766,25.16,14.6,16.04,17.03635755,10.00
11767,25.16,14.6,16.04,12.26682558,10.00
11768,25.16,14.6,16.04,8.583226243,10.00
11769,25.16,14.6,16.04,8.117055914,10.00
11770,25.16,14.6,16.04,14.9112887,10.00
11771,25.16,14.6,16.04,19.75716578,10.00
11772,25.16,14.6,16.04,20.19566314,10.00
11773,25.16,14.6,16.04,26.59759373,10.00
11774,25.16,29.8,35.01,25.55635278,10.00
11775,25.16,29.8,35.01,23.55944408,10.00
11776,25.16,29.8,35.01,19.67444094,10.00
11777,25.16,29.8,35.01,15.96285581,10.00
11778,25.16,29.8,35.01,26.00592621,10.00
11779,25.16,29.8,35.01,24.61072981,10.00
11780,25.16,29.8,35.01,20.04626735,10.00
11781,25.16,29.8,35.01,25.08686455,10.00
11782,25.16,29.8,35.01,14.91196007,10.00
11783,25.16,29.8,35.01,20.45318785,10.00
11784,25.16,29.8,35.01,18.91515508,10.00
11785,25.16,29.8,35.01,18.70642903,10.00
11786,25.16,29.8,35.01,18.69778941,10.00
11787,25.16,29.8,16.04,15.30793719,10.00
11788,25.16,29.8,16.04,9.609809944,10.00
11789,25.16,29.8,16.04,7.856095307,10.00
11790,25.16,29.8,16.04,20.08592608,10.00
11791,25.16,29.8,16.04,14.6914613,10.00
11792,25.16,29.8,16.04,19.60741238,10.00
11793,25.16,29.8,35.01,15.33381058,10.00
11794,25.16,29.8,35.01,11.8444945,10.00
11795,25.16,29.8,35.01,17.4971261,10.00
11796,25.16,29.8,35.01,20.84874378,10.00
11797,25.16,29.8,35.01,13.77011296,10.00
11798,25.16,29.8,35.01,13.15375695,10.00
11799,25.16,29.8,35.01,19.69355475,10.00
11800,25.16,29.8,35.01,15.82160859,10.00
11801,25.16,29.8,35.01,16.90882854,10.00
11802,25.16,29.8,35.01,12.3509019,10.00
11803,25.16,29.8,35.01,23.71730429,10.00
11804,25.16,29.8,35.01,12.16130723,10.00
11805,25.16,29.8,35.01,4.35651019,10.00
11806,25.16,29.8,35.01,12.64665349,10.00
11807,25.16,29.8,35.01,16.79693356,10.00
11808,25.16,14.6,16.04,10.37181314,10.00
11809,25.16,14.6,16.04,9.286203961,10.00
11810,25.16,14.6,16.04,13.85325064,10.00
11811,25.16,14.6,16.04,8.910516106,10.00
11812,25.16,14.6,16.04,19.4973002,10.00
11813,25.16,14.6,16.04,19.01798515,10.00
11814,25.16,14.6,16.04,18.44014436,10.00
11815,25.16,14.6,16.04,13.27760549,10.00
11816,25.16,14.6,16.04,9.290479529,10.00
11817,25.16,14.6,16.04,8.785897013,10.00
11818,25.16,14.6,16.04,16.13997098,10.00
11819,25.16,14.6,16.04,21.38514575,10.00
11820,25.16,14.6,16.04,22.29370989,10.00
11821,25.16,14.6,16.04,29.36071146,10.00
11822,25.16,29.8,35.01,28.21130016,10.00
11823,25.16,29.8,35.01,26.00694059,10.00
11824,25.16,29.8,35.01,21.71833999,10.00
11825,25.16,29.8,35.01,17.62117311,10.00
11826,25.16,29.8,35.01,28.70757797,10.00
11827,25.16,29.8,35.01,27.16744019,10.00
11828,25.16,29.8,35.01,22.12879397,10.00
11829,25.16,29.8,35.01,27.69303867,10.00
11830,25.16,29.8,35.01,16.46110402,10.00
11831,25.16,29.8,35.01,22.57798781,10.00
11832,25.16,29.8,35.01,20.88017496,10.00
11833,25.16,29.8,35.01,20.6497652,10.00
11834,25.16,29.8,35.01,20.64022804,10.00
11835,25.16,29.8,16.04,16.89821762,10.00
11836,25.16,29.8,16.04,10.6081347,10.00
11837,25.16,29.8,16.04,8.672233658,10.00
11838,25.16,29.8,16.04,22.17257268,10.00
11839,25.16,29.8,16.04,16.21769852,10.00
11840,25.16,29.8,16.04,21.6443481,10.00
11841,25.16,29.8,35.01,16.92677889,10.00
11842,25.16,29.8,35.01,13.07497171,10.00
11843,25.16,29.8,35.01,19.31483262,10.00
11844,25.16,29.8,35.01,23.01463647,10.00
11845,25.16,29.8,35.01,15.20063497,10.00
11846,25.16,29.8,35.01,14.5202482,10.00
11847,25.16,29.8,35.01,21.73943946,10.00
11848,25.16,29.8,35.01,17.46525228,10.00
11849,25.16,29.8,35.01,18.66541918,10.00
11850,25.16,29.8,35.01,13.63398775,10.00
11851,25.16,29.8,35.01,26.18120027,10.00
11852,25.16,29.8,35.01,13.16339249,10.00
11853,25.16,29.8,35.01,4.715484317,10.00
11854,25.16,29.8,35.01,13.68873102,10.00
11855,25.16,29.8,35.01,18.18099196,10.00
11856,25.16,14.6,16.04,10.0160264,10.00
11857,25.16,14.6,16.04,8.967657133,10.00
11858,25.16,14.6,16.04,13.37803934,10.00
11859,25.16,14.6,16.04,8.604856586,10.00
11860,25.16,14.6,16.04,18.82847974,10.00
11861,25.16,14.6,16.04,18.36560676,10.00
11862,25.16,14.6,16.04,17.80758777,10.00
11863,25.16,14.6,16.04,12.82214068,10.00
11864,25.16,14.6,16.04,8.971786035,10.00
11865,25.16,14.6,16.04,8.484512331,10.00
11866,25.16,14.6,16.04,15.58631777,10.00
11867,25.16,14.6,16.04,20.65156609,10.00
11868,25.16,14.6,16.04,21.34831471,10.00
11869,25.16,14.6,16.04,28.11563044,10.00
11870,25.16,29.8,35.01,27.01496149,10.00
11871,25.16,29.8,35.01,24.90408079,10.00
11872,25.16,29.8,35.01,20.79734416,10.00
11873,25.16,29.8,35.01,16.87392323,10.00
11874,25.16,29.8,35.01,27.49019396,10.00
11875,25.16,29.8,35.01,26.01536782,10.00
11876,25.16,29.8,35.01,21.19039227,10.00
11877,25.16,29.8,35.01,26.51867758,10.00
11878,25.16,29.8,35.01,15.76304844,10.00
11879,25.16,29.8,35.01,21.62053743,10.00
11880,25.16,29.8,35.01,19.99472266,10.00
11881,25.16,29.8,35.01,19.77408374,10.00
11882,25.16,29.8,35.01,19.76495101,10.00
11883,25.16,29.8,16.04,16.18162565,10.00
11884,25.16,29.8,16.04,10.15828228,10.00
11885,25.16,29.8,16.04,8.304475759,10.00
11886,25.16,29.8,16.04,21.23231449,10.00
11887,25.16,29.8,16.04,15.52996489,10.00
11888,25.16,29.8,16.04,20.72648999,10.00
11889,25.16,29.8,35.01,16.20897574,10.00
11890,25.16,29.8,35.01,12.5205097,10.00
11891,25.16,29.8,35.01,18.49576079,10.00
11892,25.16,29.8,35.01,22.03866941,10.00
11893,25.16,29.8,35.01,14.55603131,10.00
11894,25.16,29.8,35.01,13.90449727,10.00
11895,25.16,29.8,35.01,20.81754887,10.00
11896,25.16,29.8,35.01,16.72461443,10.00
11897,25.16,29.8,35.01,17.87388661,10.00
11898,25.16,29.8,35.01,13.0558199,10.00
11899,25.16,29.8,35.01,25.07095075,10.00
11900,25.16,29.8,35.01,12.71184556,10.00
11901,25.16,29.8,35.01,4.553727955,10.00
11902,25.16,29.8,35.01,13.21916328,10.00
11903,25.16,29.8,35.01,17.55732514,10.00
11904,25.16,14.6,16.04,9.856209286,10.00
11905,25.16,14.6,16.04,8.824567944,10.00
11906,25.16,14.6,16.04,13.16457748,10.00
11907,25.16,14.6,16.04,8.467556293,10.00
11908,25.16,14.6,16.04,18.52804989,10.00
11909,25.16,14.6,16.04,18.07256257,10.00
11910,25.16,14.6,16.04,17.52344742,10.00
11911,25.16,14.6,16.04,12.61754882,10.00
11912,25.16,14.6,16.04,8.828630964,10.00
11913,25.16,14.6,16.04,8.349132268,10.00
11914,25.16,14.6,16.04,15.33762031,10.00
11915,25.16,14.6,16.04,20.32204682,10.00
11916,25.16,14.6,16.04,20.92364926,10.00
11917,25.16,14.6,16.04,27.55634804,10.00
11918,25.16,29.8,35.01,26.47757384,10.00
11919,25.16,29.8,35.01,24.40868326,10.00
11920,25.16,29.8,35.01,20.38363874,10.00
11921,25.16,29.8,35.01,16.53826338,10.00
11922,25.16,29.8,35.01,26.94335289,10.00
11923,25.16,29.8,35.01,25.49786432,10.00
11924,25.16,29.8,35.01,20.76886825,10.00
11925,25.16,29.8,35.01,25.99116212,10.00
11926,25.16,29.8,35.01,15.44948636,10.00
11927,25.16,29.8,35.01,21.19045687,10.00
11928,25.16,29.8,35.01,19.59698317,10.00
11929,25.16,29.8,35.01,19.38073325,10.00
11930,25.16,29.8,35.01,19.37178219,10.00
11931,25.16,29.8,16.04,15.85973713,10.00
11932,25.16,29.8,16.04,9.956211458,10.00
11933,25.16,29.8,16.04,8.139281273,10.00
11934,25.16,29.8,16.04,20.80995655,10.00
11935,25.16,29.8,16.04,15.22103936,10.00
11936,25.16,29.8,16.04,20.31419403,10.00
11937,25.16,29.8,35.01,15.88654317,10.00
11938,25.16,29.8,35.01,12.27144892,10.00
11939,25.16,29.8,35.01,18.12783899,10.00
11940,25.16,29.8,35.01,21.60027128,10.00
11941,25.16,29.8,35.01,14.26647949,10.00
11942,25.16,29.8,35.01,13.6279059,10.00
11943,25.16,29.8,35.01,20.40344154,10.00
11944,25.16,29.8,35.01,16.39192467,10.00
11945,25.16,29.8,35.01,17.51833527,10.00
11946,25.16,29.8,35.01,12.79611062,10.00
11947,25.16,29.8,35.01,24.5722338,10.00
11948,25.16,29.8,35.01,12.50901357,10.00
11949,25.16,29.8,35.01,4.481068035,10.00
11950,25.16,29.8,35.01,13.00823646,10.00
11951,25.16,29.8,35.01,17.27717801,10.00
11952,25.16,14.6,16.04,9.544821598,10.00
11953,25.16,14.6,16.04,8.545772949,10.00
11954,25.16,14.6,16.04,12.74866836,10.00
11955,25.16,14.6,16.04,8.200040385,10.00
11956,25.16,14.6,16.04,17.94269233,10.00
11957,25.16,14.6,16.04,17.50159524,10.00
11958,25.16,14.6,16.04,16.96982831,10.00
11959,25.16,14.6,16.04,12.218922,10.00
11960,25.16,14.6,16.04,8.549707607,10.00
11961,25.16,14.6,16.04,8.085357735,10.00
11962,25.16,14.6,16.04,14.85305814,10.00
11963,25.16,14.6,16.04,19.68001143,10.00
11964,25.16,14.6,16.04,20.09623106,10.00
11965,25.16,14.6,16.04,26.46664214,10.00
11966,25.16,29.8,35.01,25.43052768,10.00
11967,25.16,29.8,35.01,23.44345063,10.00
11968,25.16,29.8,35.01,19.57757506,10.00
11969,25.16,29.8,35.01,15.88426369,10.00
11970,25.16,29.8,35.01,25.87788766,10.00
11971,25.16,29.8,35.01,24.48956042,10.00
11972,25.16,29.8,35.01,19.94757081,10.00
11973,25.16,29.8,35.01,24.96335094,10.00
11974,25.16,29.8,35.01,14.83854197,10.00
11975,25.16,29.8,35.01,20.35248786,10.00
11976,25.16,29.8,35.01,18.8220275,10.00
11977,25.16,29.8,35.01,18.6143291,10.00
11978,25.16,29.8,35.01,18.60573201,10.00
11979,25.16,29.8,16.04,15.23256952,10.00
11980,25.16,29.8,16.04,9.562496648,10.00
11981,25.16,29.8,16.04,7.817416315,10.00
11982,25.16,29.8,16.04,19.98703428,10.00
11983,25.16,29.8,16.04,14.61912882,10.00
11984,25.16,29.8,16.04,19.51087651,10.00
11985,25.16,29.8,35.01,15.25831552,10.00
11986,25.16,29.8,35.01,11.78617888,10.00
11987,25.16,29.8,35.01,17.4109801,10.00
11988,25.16,29.8,35.01,20.7460963,10.00
11989,25.16,29.8,35.01,13.70231667,10.00
11990,25.16,29.8,35.01,13.08899525,10.00
11991,25.16,29.8,35.01,19.59659477,10.00
11992,25.16,29.8,35.01,15.74371189,10.00
11993,25.16,29.8,35.01,16.82557899,10.00
11994,25.16,29.8,35.01,12.29009301,10.00
11995,25.16,29.8,35.01,23.60053363,10.00
11996,25.16,29.8,35.01,12.11381571,10.00
11997,25.16,29.8,35.01,4.33949744,10.00
11998,25.16,29.8,35.01,12.59726663,10.00
11999,25.16,29.8,35.01,16.7313393,10.00
12000,25.16,14.6,16.04,9.833939034,10.00
12001,25.16,14.6,16.04,8.8046287,10.00
12002,25.16,14.6,16.04,13.13483192,10.00
12003,25.16,14.6,16.04,8.448423723,10.00
12004,25.16,14.6,16.04,18.48618548,10.00
12005,25.16,14.6,16.04,18.03172734,10.00
12006,25.16,14.6,16.04,17.48385293,10.00
12007,25.16,14.6,16.04,12.58903927,10.00
12008,25.16,14.6,16.04,8.80868254,10.00
12009,25.16,14.6,16.04,8.330267278,10.00
12010,25.16,14.6,16.04,15.30296473,10.00
12011,25.16,14.6,16.04,20.27612885,10.00
12012,25.16,14.6,16.04,20.86447283,10.00
12013,25.16,14.6,16.04,27.47841295,10.00
12014,25.16,29.8,35.01,26.40268975,10.00
12015,25.16,29.8,35.01,24.33965042,10.00
12016,25.16,29.8,35.01,20.32598957,10.00
12017,25.16,29.8,35.01,16.49148973,10.00
12018,25.16,29.8,35.01,26.86715148,10.00
12019,25.16,29.8,35.01,25.42575105,10.00
12020,25.16,29.8,35.01,20.71012957,10.00
12021,25.16,29.8,35.01,25.91765371,10.00
12022,25.16,29.8,35.01,15.405792,10.00
12023,25.16,29.8,35.01,21.13052585,10.00
12024,25.16,29.8,35.01,19.54155882,10.00
12025,25.16,29.8,35.01,19.3259205,10.00
12026,25.16,29.8,35.01,19.31699476,10.00
12027,25.16,29.8,16.04,15.8148825,10.00
12028,25.16,29.8,16.04,9.928053221,10.00
12029,25.16,29.8,16.04,8.116261692,10.00
12030,25.16,29.8,16.04,20.75110166,10.00
12031,25.16,29.8,16.04,15.17799109,10.00
12032,25.16,29.8,16.04,20.25674126,10.00
12033,25.16,29.8,35.01,15.84161272,10.00
12034,25.16,29.8,35.01,12.23674271,10.00
12035,25.16,29.8,35.01,18.07656969,10.00
12036,25.16,29.8,35.01,21.53918122,10.00
12037,25.16,29.8,35.01,14.22613091,10.00
12038,25.16,29.8,35.01,13.58936335,10.00
12039,25.16,29.8,35.01,20.34573636,10.00
12040,25.16,29.8,35.01,16.3455649,10.00
12041,25.16,29.8,35.01,17.46878977,10.00
12042,25.16,29.8,35.01,12.75992055,10.00
12043,25.16,29.8,35.01,24.50273841,10.00
12044,25.16,29.8,35.01,12.48074927,10.00
12045,25.16,29.8,35.01,4.470942995,10.00
12046,25.16,29.8,35.01,12.97884415,10.00
12047,25.16,29.8,35.01,17.23813997,10.00
12048,25.16,14.6,16.04,9.626757007,10.00
12049,25.16,14.6,16.04,8.619132246,10.00
12050,25.16,14.6,16.04,12.85810648,10.00
12051,25.16,14.6,16.04,8.270431817,10.00
12052,25.16,14.6,16.04,18.0967174,10.00
12053,25.16,14.6,16.04,17.65183381,10.00
12054,25.16,14.6,16.04,17.11550205,10.00
12055,25.16,14.6,16.04,12.32381263,10.00
12056,25.16,14.6,16.04,8.62310068,10.00
12057,25.16,14.6,16.04,8.154764699,10.00
12058,25.16,14.6,16.04,14.98056093,10.00
12059,25.16,14.6,16.04,19.84895013,10.00
12060,25.16,14.6,16.04,20.31394952,10.00
12061,25.16,14.6,16.04,26.75337634,10.00
12062,25.16,29.8,35.01,25.70603682,10.00
12063,25.16,29.8,35.01,23.69743219,10.00
12064,25.16,29.8,35.01,19.78967451,10.00
12065,25.16,29.8,35.01,16.05635056,10.00
12066,25.16,29.8,35.01,26.15824341,10.00
12067,25.16,29.8,35.01,24.75487532,10.00
12068,25.16,29.8,35.01,20.16367872,10.00
12069,25.16,29.8,35.01,25.23379879,10.00
12070,25.16,29.8,35.01,14.9992997,10.00
12071,25.16,29.8,35.01,20.57298256,10.00
12072,25.16,29.8,35.01,19.0259415,10.00
12073,25.16,29.8,35.01,18.81599294,10.00
12074,25.16,29.8,35.01,18.80730271,10.00
12075,25.16,29.8,16.04,15.39759607,10.00
12076,25.16,29.8,16.04,9.666094783,10.00
12077,25.16,29.8,16.04,7.902108606,10.00
12078,25.16,29.8,16.04,20.20356973,10.00
12079,25.16,29.8,16.04,14.77750947,10.00
12080,25.16,29.8,16.04,19.72225336,10.00
12081,25.16,29.8,35.01,15.423621,10.00
12082,25.16,29.8,35.01,11.91386793,10.00
12083,25.16,29.8,35.01,17.5996071,10.00
12084,25.16,29.8,35.01,20.97085527,10.00
12085,25.16,29.8,35.01,13.85076477,10.00
12086,25.16,29.8,35.01,13.23079875,10.00
12087,25.16,29.8,35.01,19.80890027,10.00
12088,25.16,29.8,35.01,15.91427605,10.00
12089,25.16,29.8,35.01,17.00786387,10.00
12090,25.16,29.8,35.01,12.42324137,10.00
12091,25.16,29.8,35.01,23.85621699,10.00
12092,25.16,29.8,35.01,12.21780408,10.00
12093,25.16,29.8,35.01,4.376748896,10.00
12094,25.16,29.8,35.01,12.70540508,10.00
12095,25.16,29.8,35.01,16.87496578,10.00
12096,25.16,14.6,16.04,9.741777952,10.00
12097,25.16,14.6,16.04,8.722114043,10.00
12098,25.16,14.6,16.04,13.01173574,10.00
12099,25.16,14.6,16.04,8.369247325,10.00
12100,25.16,14.6,16.04,18.31293783,10.00
12101,25.16,14.6,16.04,17.86273875,10.00
12102,25.16,14.6,16.04,17.31999887,10.00
12103,25.16,14.6,16.04,12.47105812,10.00
12104,25.16,14.6,16.04,8.726129892,10.00
12105,25.16,14.6,16.04,8.252198211,10.00
12106,25.16,14.6,16.04,15.15954938,10.00
12107,25.16,14.6,16.04,20.08610632,10.00
12108,25.16,14.6,16.04,20.61958275,10.00
12109,25.16,14.6,16.04,27.15589386,10.00
12110,25.16,29.8,35.01,26.09279662,10.00
12111,25.16,29.8,35.01,24.05397155,10.00
12112,25.16,29.8,35.01,20.08741976,10.00
12113,25.16,29.8,35.01,16.29792614,10.00
12114,25.16,29.8,35.01,26.55180687,10.00
12115,25.16,29.8,35.01,25.12732443,10.00
12116,25.16,29.8,35.01,20.46705105,10.00
12117,25.16,29.8,35.01,25.61345353,10.00
12118,25.16,29.8,35.01,15.22497144,10.00
12119,25.16,29.8,35.01,20.88251306,10.00
12120,25.16,29.8,35.01,19.31219602,10.00
12121,25.16,29.8,35.01,19.09908868,10.00
12122,25.16,29.8,35.01,19.09026771,10.00
12123,25.16,29.8,16.04,15.62926037,10.00
12124,25.16,29.8,16.04,9.811525869,10.00
12125,25.16,29.8,16.04,8.020999664,10.00
12126,25.16,29.8,16.04,20.50754224,10.00
12127,25.16,29.8,16.04,14.99984427,10.00
12128,25.16,29.8,16.04,20.01898423,10.00
12129,25.16,29.8,35.01,15.65567686,10.00
12130,25.16,29.8,35.01,12.09311785,10.00
12131,25.16,29.8,35.01,17.86440173,10.00
12132,25.16,29.8,35.01,21.28637196,10.00
12133,25.16,29.8,35.01,14.05915625,10.00
12134,25.16,29.8,35.01,13.42986254,10.00
12135,25.16,29.8,35.01,20.10693479,10.00
12136,25.16,29.8,35.01,16.15371405,10.00
12137,25.16,29.8,35.01,17.26375544,10.00
12138,25.16,29.8,35.01,12.61015506,10.00
12139,25.16,29.8,35.01,24.21514535,10.00
12140,25.16,29.8,35.01,12.36378298,10.00
12141,25.16,29.8,35.01,4.429042497,10.00
12142,25.16,29.8,35.01,12.85720985,10.00
12143,25.16,29.8,35.01,17.07658867,10.00
12144,25.16,14.6,16.04,9.818302462,10.00
12145,25.16,14.6,16.04,8.790628796,10.00
12146,25.16,14.6,16.04,13.11394672,10.00
12147,25.16,14.6,16.04,8.434990207,10.00
12148,25.16,14.6,16.04,18.45679131,10.00
12149,25.16,14.6,16.04,18.00305578,10.00
12150,25.16,14.6,16.04,17.45605252,10.00
12151,25.16,14.6,16.04,12.56902192,10.00
12152,25.16,14.6,16.04,8.79467619,10.00
12153,25.16,14.6,16.04,8.317021638,10.00
12154,25.16,14.6,16.04,15.27863207,10.00
12155,25.16,14.6,16.04,20.24388855,10.00
12156,25.16,14.6,16.04,20.82292339,10.00
12157,25.16,14.6,16.04,27.42369254,10.00
12158,25.16,29.8,35.01,26.35011153,10.00
12159,25.16,29.8,35.01,24.29118053,10.00
12160,25.16,29.8,35.01,20.28551247,10.00
12161,25.16,29.8,35.01,16.45864864,10.00
12162,25.16,29.8,35.01,26.81364833,10.00
12163,25.16,29.8,35.01,25.3751183,10.00
12164,25.16,29.8,35.01,20.66888749,10.00
12165,25.16,29.8,35.01,25.86604139,10.00
12166,25.16,29.8,35.01,15.37511296,10.00
12167,25.16,29.8,35.01,21.0884466,10.00
12168,25.16,29.8,35.01,19.50264383,10.00
12169,25.16,29.8,35.01,19.28743493,10.00
12170,25.16,29.8,35.01,19.27852696,10.00
12171,25.16,29.8,16.04,15.7833888,10.00
12172,25.16,29.8,16.04,9.90828253,10.00
12173,25.16,29.8,16.04,8.100098997,10.00
12174,25.16,29.8,16.04,20.70977799,10.00
12175,25.16,29.8,16.04,15.14776569,10.00
12176,25.16,29.8,16.04,20.21640206,10.00
12177,25.16,29.8,35.01,15.81006579,10.00
12178,25.16,29.8,35.01,12.2123745,10.00
12179,25.16,29.8,35.01,18.04057207,10.00
12180,25.16,29.8,35.01,21.49628817,10.00
12181,25.16,29.8,35.01,14.19780105,10.00
12182,25.16,29.8,35.01,13.56230154,10.00
12183,25.16,29.8,35.01,20.30521994,10.00
12184,25.16,29.8,35.01,16.31301439,10.00
12185,25.16,29.8,35.01,17.43400249,10.00
12186,25.16,29.8,35.01,12.73451049,10.00
12187,25.16,29.8,35.01,24.45394374,10.00
12188,25.16,29.8,35.01,12.46090411,10.00
12189,25.16,29.8,35.01,4.463833919,10.00
12190,25.16,29.8,35.01,12.95820699,10.00
12191,25.16,29.8,35.01,17.21073026,10.00
12192,25.16,14.6,16.04,9.924765232,10.00
12193,25.16,14.6,16.04,8.885948195,10.00
12194,25.16,14.6,16.04,13.25614514,10.00
12195,25.16,14.6,16.04,8.526453311,10.00
12196,25.16,14.6,16.04,18.65692378,10.00
12197,25.16,14.6,16.04,18.19826826,10.00
12198,25.16,14.6,16.04,17.64533368,10.00
12199,25.16,14.6,16.04,12.70531156,10.00
12200,25.16,14.6,16.04,8.890039477,10.00
12201,25.16,14.6,16.04,8.407205574,10.00
12202,25.16,14.6,16.04,15.44430281,10.00
12203,25.16,14.6,16.04,20.46339905,10.00
12204,25.16,14.6,16.04,21.10581587,10.00
12205,25.16,14.6,16.04,27.7962606,10.00
12206,25.16,29.8,35.01,26.70809432,10.00
12207,25.16,29.8,35.01,24.62119145,10.00
12208,25.16,29.8,35.01,20.56110388,10.00
12209,25.16,29.8,35.01,16.6822497,10.00
12210,25.16,29.8,35.01,27.17792856,10.00
12211,25.16,29.8,35.01,25.7198552,10.00
12212,25.16,29.8,35.01,20.94968729,10.00
12213,25.16,29.8,35.01,26.21744778,10.00
12214,25.16,29.8,35.01,15.58399352,10.00
12215,25.16,29.8,35.01,21.37494637,10.00
12216,25.16,29.8,35.01,19.76759948,10.00
12217,25.16,29.8,35.01,19.54946683,10.00
12218,25.16,29.8,35.01,19.54043784,10.00
12219,25.16,29.8,16.04,15.99781603,10.00
12220,25.16,29.8,16.04,10.04289276,10.00
12221,25.16,29.8,16.04,8.210143922,10.00
12222,25.16,29.8,16.04,20.99113332,10.00
12223,25.16,29.8,16.04,15.35355759,10.00
12224,25.16,29.8,16.04,20.49105456,10.00
12225,25.16,29.8,35.01,16.02485545,10.00
12226,25.16,29.8,35.01,12.37828727,10.00
12227,25.16,29.8,35.01,18.28566456,10.00
12228,25.16,29.8,35.01,21.78832873,10.00
12229,25.16,29.8,35.01,14.39068708,10.00
12230,25.16,29.8,35.01,13.74655391,10.00
12231,25.16,29.8,35.01,20.58107908,10.00
12232,25.16,29.8,35.01,16.53463693,10.00
12233,25.16,29.8,35.01,17.67085435,10.00
12234,25.16,29.8,35.01,12.90751681,10.00
12235,25.16,29.8,35.01,24.78616591,10.00
12236,25.16,29.8,35.01,12.59602139,10.00
12237,25.16,29.8,35.01,4.512236596,10.00
12238,25.16,29.8,35.01,13.09871668,10.00
12239,25.16,29.8,35.01,17.39735132,10.00
12240,25.16,14.6,16.04,9.734032371,10.00
12241,25.16,14.6,16.04,8.715179186,10.00
12242,25.16,14.6,16.04,13.00139025,10.00
12243,25.16,14.6,16.04,8.362593028,10.00
12244,25.16,14.6,16.04,18.29837742,10.00
12245,25.16,14.6,16.04,17.84853628,10.00
12246,25.16,14.6,16.04,17.30622793,10.00
12247,25.16,14.6,16.04,12.46114252,10.00
12248,25.16,14.6,16.04,8.719191841,10.00
12249,25.16,14.6,16.04,8.245636978,10.00
12250,25.16,14.6,16.04,15.14749619,10.00
12251,25.16,14.6,16.04,20.07013608,10.00
12252,25.16,14.6,16.04,20.59900122,10.00
12253,25.16,14.6,16.04,27.12878808,10.00
12254,25.16,29.8,35.01,26.06675198,10.00
12255,25.16,29.8,35.01,24.02996197,10.00
12256,25.16,29.8,35.01,20.06736942,10.00
12257,25.16,29.8,35.01,16.28165829,10.00
12258,25.16,29.8,35.01,26.52530407,10.00
12259,25.16,29.8,35.01,25.10224347,10.00
12260,25.16,29.8,35.01,20.44662177,10.00
12261,25.16,29.8,35.01,25.58788735,10.00
12262,25.16,29.8,35.01,15.20977457,10.00
12263,25.16,29.8,35.01,20.86166909,10.00
12264,25.16,29.8,35.01,19.29291947,10.00
12265,25.16,29.8,35.01,19.08002484,10.00
12266,25.16,29.8,35.01,19.07121267,10.00
12267,25.16,29.8,16.04,15.61365995,10.00
12268,25.16,29.8,16.04,9.80173245,10.00
12269,25.16,29.8,16.04,8.012993467,10.00
12270,25.16,29.8,16.04,20.48707254,10.00
12271,25.16,29.8,16.04,14.98487211,10.00
12272,25.16,29.8,16.04,19.99900219,10.00
12273,25.16,29.8,35.01,15.64005007,10.00
12274,25.16,29.8,35.01,12.08104705,10.00
12275,25.16,29.8,35.01,17.84657029,10.00
12276,25.16,29.8,35.01,21.26512488,10.00
12277,25.16,29.8,35.01,14.04512304,10.00
12278,25.16,29.8,35.01,13.41645746,10.00
12279,25.16,29.8,35.01,20.08686496,10.00
12280,25.16,29.8,35.01,16.13759015,10.00
12281,25.16,29.8,35.01,17.24652354,10.00
12282,25.16,29.8,35.01,12.59756818,10.00
12283,25.16,29.8,35.01,24.19097489,10.00
12284,25.16,29.8,35.01,12.35395267,10.00
12285,25.16,29.8,35.01,4.425521014,10.00
12286,25.16,29.8,35.01,12.84698723,10.00
12287,25.16,29.8,35.01,17.06301126,10.00
12288,25.16,14.6,16.04,9.519205251,10.00
12289,25.16,14.6,16.04,8.522837844,10.00
12290,25.16,14.6,16.04,12.71445354,10.00
12291,25.16,14.6,16.04,8.178033155,10.00
12292,25.16,14.6,16.04,17.89453782,10.00
12293,25.16,14.6,16.04,17.45462454,10.00
12294,25.16,14.6,16.04,16.92428477,10.00
12295,25.16,14.6,16.04,12.18612891,10.00
12296,25.16,14.6,16.04,8.526761942,10.00
12297,25.16,14.6,16.04,8.06365829,10.00
12298,25.16,14.6,16.04,14.81319558,10.00
12299,25.16,14.6,16.04,19.6271943,10.00
12300,25.16,14.6,16.04,20.0281634,10.00
12301,25.16,14.6,16.04,26.37699735,10.00
12302,25.16,29.8,35.01,25.3443923,10.00
12303,25.16,29.8,35.01,23.36404565,10.00
12304,25.16,29.8,35.01,19.51126413,10.00
12305,25.16,29.8,35.01,15.83046232,10.00
12306,25.16,29.8,35.01,25.79023703,10.00
12307,25.16,29.8,35.01,24.40661217,10.00
12308,25.16,29.8,35.01,19.88000667,10.00
12309,25.16,29.8,35.01,24.87879793,10.00
12310,25.16,29.8,35.01,14.78828255,10.00
12311,25.16,29.8,35.01,20.28355223,10.00
12312,25.16,29.8,35.01,18.75827567,10.00
12313,25.16,29.8,35.01,18.55128077,10.00
12314,25.16,29.8,35.01,18.5427128,10.00
12315,25.16,29.8,16.04,15.1809755,10.00
12316,25.16,29.8,16.04,9.530107649,10.00
12317,25.16,29.8,16.04,7.790938054,10.00
12318,25.16,29.8,16.04,19.91933648,10.00
12319,25.16,29.8,16.04,14.56961257,10.00
12320,25.16,29.8,16.04,19.4447915,10.00
12321,25.16,29.8,35.01,15.2066343,10.00
12322,25.16,29.8,35.01,11.74625807,10.00
12323,25.16,29.8,35.01,17.35200761,10.00
12324,25.16,29.8,35.01,20.67582749,10.00
12325,25.16,29.8,35.01,13.65590575,10.00
12326,25.16,29.8,35.01,13.0446617,10.00
12327,25.16,29.8,35.01,19.53021941,10.00
12328,25.16,29.8,35.01,15.69038658,10.00
12329,25.16,29.8,35.01,16.7685893,10.00
12330,25.16,29.8,35.01,12.24846541,10.00
12331,25.16,29.8,35.01,23.52059659,10.00
12332,25.16,29.8,35.01,12.08130471,10.00
12333,25.16,29.8,35.01,4.327851117,10.00
12334,25.16,29.8,35.01,12.56345814,10.00
12335,25.16,29.8,35.01,16.68643581,10.00
12336,25.16,14.6,16.04,10.00112612,10.00
12337,25.16,14.6,16.04,8.954316456,10.00
12338,25.16,14.6,16.04,13.35813759,10.00
12339,25.16,14.6,16.04,8.592055627,10.00
12340,25.16,14.6,16.04,18.80046968,10.00
12341,25.16,14.6,16.04,18.33828528,10.00
12342,25.16,14.6,16.04,17.78109643,10.00
12343,25.16,14.6,16.04,12.80306591,10.00
12344,25.16,14.6,16.04,8.958439215,10.00
12345,25.16,14.6,16.04,8.471890401,10.00
12346,25.16,14.6,16.04,15.56313089,10.00
12347,25.16,14.6,16.04,20.62084392,10.00
12348,25.16,14.6,16.04,21.30872174,10.00
12349,25.16,14.6,16.04,28.06348669,10.00
12350,25.16,29.8,35.01,26.96485906,10.00
12351,25.16,29.8,35.01,24.85789324,10.00
12352,25.16,29.8,35.01,20.75877303,10.00
12353,25.16,29.8,35.01,16.84262855,10.00
12354,25.16,29.8,35.01,27.43921016,10.00
12355,25.16,29.8,35.01,25.96711926,10.00
12356,25.16,29.8,35.01,21.15109219,10.00
12357,25.16,29.8,35.01,26.46949557,10.00
12358,25.16,29.8,35.01,15.73381402,10.00
12359,25.16,29.8,35.01,21.5804396,10.00
12360,25.16,29.8,35.01,19.95764009,10.00
12361,25.16,29.8,35.01,19.73741037,10.00
12362,25.16,29.8,35.01,19.72829458,10.00
12363,25.16,29.8,16.04,16.15161492,10.00
12364,25.16,29.8,16.04,10.13944255,10.00
12365,25.16,29.8,16.04,8.289074131,10.00
12366,25.16,29.8,16.04,21.19293667,10.00
12367,25.16,29.8,16.04,15.50116274,10.00
12368,25.16,29.8,16.04,20.68805028,10.00
12369,25.16,29.8,35.01,16.17891429,10.00
12370,25.16,29.8,35.01,12.49728894,10.00
12371,25.16,29.8,35.01,18.46145823,10.00
12372,25.16,29.8,35.01,21.99779611,10.00
12373,25.16,29.8,35.01,14.52903544,10.00
12374,25.16,29.8,35.01,13.87870974,10.00
12375,25.16,29.8,35.01,20.77894028,10.00
12376,25.16,29.8,35.01,16.69359667,10.00
12377,25.16,29.8,35.01,17.84073739,10.00
12378,25.16,29.8,35.01,13.03160635,10.00
12379,25.16,29.8,35.01,25.02445372,10.00
12380,25.16,29.8,35.01,12.69293486,10.00
12381,25.16,29.8,35.01,4.54695363,10.00
12382,25.16,29.8,35.01,13.19949787,10.00
12383,25.16,29.8,35.01,17.5312061,10.00
12384,25.16,14.6,16.04,10.29053003,10.00
12385,25.16,14.6,16.04,9.21342869,10.00
12386,25.16,14.6,16.04,13.74468378,10.00
12387,25.16,14.6,16.04,8.840685072,10.00
12388,25.16,14.6,16.04,19.34450134,10.00
12389,25.16,14.6,16.04,18.86894266,10.00
12390,25.16,14.6,16.04,18.29563036,10.00
12391,25.16,14.6,16.04,13.17354991,10.00
12392,25.16,14.6,16.04,9.217670751,10.00
12393,25.16,14.6,16.04,8.717042609,10.00
12394,25.16,14.6,16.04,16.01348326,10.00
12395,25.16,14.6,16.04,21.217552,10.00
12396,25.16,14.6,16.04,22.07772472,10.00
12397,25.16,14.6,16.04,29.07626,10.00
12398,25.16,29.8,35.01,27.93798439,10.00
12399,25.16,29.8,35.01,25.75498102,10.00
12400,25.16,29.8,35.01,21.5079291,10.00
12401,25.16,29.8,35.01,17.45045626,10.00
12402,25.16,29.8,35.01,28.42945418,10.00
12403,25.16,29.8,35.01,26.90423751,10.00
12404,25.16,29.8,35.01,21.91440653,10.00
12405,25.16,29.8,35.01,27.4247439,10.00
12406,25.16,29.8,35.01,16.3016261,10.00
12407,25.16,29.8,35.01,22.35924851,10.00
12408,25.16,29.8,35.01,20.67788435,10.00
12409,25.16,29.8,35.01,20.44970684,10.00
12410,25.16,29.8,35.01,20.44026207,10.00
12411,25.16,29.8,16.04,16.73450487,10.00
12412,25.16,29.8,16.04,10.50536133,10.00
12413,25.16,29.8,16.04,8.588215616,10.00
12414,25.16,29.8,16.04,21.95776111,10.00
12415,25.16,29.8,16.04,16.06057876,10.00
12416,25.16,29.8,16.04,21.43465406,10.00
12417,25.16,29.8,35.01,16.76278944,10.00
12418,25.16,29.8,35.01,12.94829921,10.00
12419,25.16,29.8,35.01,19.12770731,10.00
12420,25.16,29.8,35.01,22.79166684,10.00
12421,25.16,29.8,35.01,15.05336869,10.00
12422,25.16,29.8,35.01,14.37957362,10.00
12423,25.16,29.8,35.01,21.52882415,10.00
12424,25.16,29.8,35.01,17.29604601,10.00
12425,25.16,29.8,35.01,18.48458549,10.00
12426,25.16,29.8,35.01,13.50189941,10.00
12427,25.16,29.8,35.01,25.92755244,10.00
12428,25.16,29.8,35.01,13.06023199,10.00
12429,25.16,29.8,35.01,4.678529426,10.00
12430,25.16,29.8,35.01,13.58145348,10.00
12431,25.16,29.8,35.01,18.03850892,10.00
12432,25.16,14.6,16.04,10.31586881,10.00
12433,25.16,14.6,16.04,9.236115286,10.00
12434,25.16,14.6,16.04,13.77852786,10.00
12435,25.16,14.6,16.04,8.862453846,10.00
12436,25.16,14.6,16.04,19.39213409,10.00
12437,25.16,14.6,16.04,18.91540441,10.00
12438,25.16,14.6,16.04,18.34068043,10.00
12439,25.16,14.6,16.04,13.20598767,10.00
12440,25.16,14.6,16.04,9.240367792,10.00
12441,25.16,14.6,16.04,8.738506933,10.00
12442,25.16,14.6,16.04,16.0529139,10.00
12443,25.16,14.6,16.04,21.26979683,10.00
12444,25.16,14.6,16.04,22.14505484,10.00
12445,25.16,14.6,16.04,29.16493347,10.00
12446,25.16,29.8,35.01,28.02318647,10.00
12447,25.16,29.8,35.01,25.83352562,10.00
12448,25.16,29.8,35.01,21.57352153,10.00
12449,25.16,29.8,35.01,17.50367467,10.00
12450,25.16,29.8,35.01,28.51615509,10.00
12451,25.16,29.8,35.01,26.98628698,10.00
12452,25.16,29.8,35.01,21.98123859,10.00
12453,25.16,29.8,35.01,27.50838076,10.00
12454,25.16,29.8,35.01,16.35134094,10.00
12455,25.16,29.8,35.01,22.42743719,10.00
12456,25.16,29.8,35.01,20.74094541,10.00
12457,25.16,29.8,35.01,20.51207202,10.00
12458,25.16,29.8,35.01,20.50259845,10.00
12459,25.16,29.8,16.04,16.78553986,10.00
12460,25.16,29.8,16.04,10.53739938,10.00
12461,25.16,29.8,16.04,8.614406976,10.00
12462,25.16,29.8,16.04,22.02472539,10.00
12463,25.16,29.8,16.04,16.10955848,10.00
12464,25.16,29.8,16.04,21.50002302,10.00
12465,25.16,29.8,35.01,16.81391068,10.00
12466,25.16,29.8,35.01,12.98778745,10.00
12467,25.16,29.8,35.01,19.18604081,10.00
12468,25.16,29.8,35.01,22.86117427,10.00
12469,25.16,29.8,35.01,15.09927674,10.00
12470,25.16,29.8,35.01,14.4234268,10.00
12471,25.16,29.8,35.01,21.59448031,10.00
12472,25.16,29.8,35.01,17.34879352,10.00
12473,25.16,29.8,35.01,18.54095767,10.00
12474,25.16,29.8,35.01,13.54307596,10.00
12475,25.16,29.8,35.01,26.00662333,10.00
12476,25.16,29.8,35.01,13.09239072,10.00
12477,25.16,29.8,35.01,4.690049557,10.00
12478,25.16,29.8,35.01,13.61489564,10.00
12479,25.16,29.8,35.01,18.08292586,10.00
12480,25.16,14.6,16.04,9.713606599,10.00
12481,25.16,14.6,16.04,8.696891362,10.00
12482,25.16,14.6,16.04,12.9741083,10.00
12483,25.16,14.6,16.04,8.345045067,10.00
12484,25.16,14.6,16.04,18.25998033,10.00
12485,25.16,14.6,16.04,17.81108314,10.00
12486,25.16,14.6,16.04,17.26991275,10.00
12487,25.16,14.6,16.04,12.43499421,10.00
12488,25.16,14.6,16.04,8.700895598,10.00
12489,25.16,14.6,16.04,8.228334437,10.00
12490,25.16,14.6,16.04,15.11571087,10.00
12491,25.16,14.6,16.04,20.02802115,10.00
12492,25.16,14.6,16.04,20.54472593,10.00
12493,25.16,14.6,16.04,27.05730779,10.00
12494,25.16,29.8,35.01,25.99806999,10.00
12495,25.16,29.8,35.01,23.96664662,10.00
12496,25.16,29.8,35.01,20.0144949,10.00
12497,25.16,29.8,35.01,16.23875856,10.00
12498,25.16,29.8,35.01,26.45541386,10.00
12499,25.16,29.8,35.01,25.03610282,10.00
12500,25.16,29.8,35.01,20.39274798,10.00
12501,25.16,29.8,35.01,25.5204671,10.00
12502,25.16,29.8,35.01,15.16969909,10.00
12503,25.16,29.8,35.01,20.80670171,10.00
12504,25.16,29.8,35.01,19.24208551,10.00
12505,25.16,29.8,35.01,19.02975183,10.00
12506,25.16,29.8,35.01,19.02096288,10.00
12507,25.16,29.8,16.04,15.57252029,10.00
12508,25.16,29.8,16.04,9.775906352,10.00
12509,25.16,29.8,16.04,7.991880428,10.00
12510,25.16,29.8,16.04,20.43309217,10.00
12511,25.16,29.8,16.04,14.94538921,10.00
12512,25.16,29.8,16.04,19.94630782,10.00
12513,25.16,29.8,35.01,15.59884088,10.00
12514,25.16,29.8,35.01,12.0492153,10.00
12515,25.16,29.8,35.01,17.79954725,10.00
12516,25.16,29.8,35.01,21.20909445,10.00
12517,25.16,29.8,35.01,14.00811624,10.00
12518,25.16,29.8,35.01,13.3811071,10.00
12519,25.16,29.8,35.01,20.03393907,10.00
12520,25.16,29.8,35.01,16.09507001,10.00
12521,25.16,29.8,35.01,17.20108153,10.00
12522,25.16,29.8,35.01,12.56437547,10.00
12523,25.16,29.8,35.01,24.12723529,10.00
12524,25.16,29.8,35.01,12.32802929,10.00
12525,25.16,29.8,35.01,4.416234556,10.00
12526,25.16,29.8,35.01,12.82002927,10.00
12527,25.16,29.8,35.01,17.02720645,10.00
12528,25.16,14.6,16.04,9.485307013,10.00
12529,25.16,14.6,16.04,8.492487707,10.00
12530,25.16,14.6,16.04,12.66917691,10.00
12531,25.16,14.6,16.04,8.14891088,10.00
12532,25.16,14.6,16.04,17.83081471,10.00
12533,25.16,14.6,16.04,17.39246799,10.00
12534,25.16,14.6,16.04,16.86401677,10.00
12535,25.16,14.6,16.04,12.14273366,10.00
12536,25.16,14.6,16.04,8.496397831,10.00
12537,25.16,14.6,16.04,8.034943308,10.00
12538,25.16,14.6,16.04,14.76044525,10.00
12539,25.16,14.6,16.04,19.55730115,10.00
12540,25.16,14.6,16.04,19.93808913,10.00
12541,25.16,14.6,16.04,26.25836996,10.00
12542,25.16,29.8,35.01,25.23040892,10.00
12543,25.16,29.8,35.01,23.25896865,10.00
12544,25.16,29.8,35.01,19.42351455,10.00
12545,25.16,29.8,35.01,15.75926671,10.00
12546,25.16,29.8,35.01,25.67424852,10.00
12547,25.16,29.8,35.01,24.29684635,10.00
12548,25.16,29.8,35.01,19.79059872,10.00
12549,25.16,29.8,35.01,24.76690851,10.00
12550,25.16,29.8,35.01,14.72177402,10.00
12551,25.16,29.8,35.01,20.19232938,10.00
12552,25.16,29.8,35.01,18.67391257,10.00
12553,25.16,29.8,35.01,18.4678486,10.00
12554,25.16,29.8,35.01,18.45931916,10.00
12555,25.16,29.8,16.04,15.11270087,10.00
12556,25.16,29.8,16.04,9.48724713,10.00
12557,25.16,29.8,16.04,7.755899241,10.00
12558,25.16,29.8,16.04,19.82975165,10.00
12559,25.16,29.8,16.04,14.50408748,10.00
12560,25.16,29.8,16.04,19.35734087,10.00
12561,25.16,29.8,35.01,15.13824428,10.00
12562,25.16,29.8,35.01,11.69343068,10.00
12563,25.16,29.8,35.01,17.27396903,10.00
12564,25.16,29.8,35.01,20.58284043,10.00
12565,25.16,29.8,35.01,13.59448994,10.00
12566,25.16,29.8,35.01,12.98599489,10.00
12567,25.16,29.8,35.01,19.44238459,10.00
12568,25.16,29.8,35.01,15.61982095,10.00
12569,25.16,29.8,35.01,16.69317458,10.00
12570,25.16,29.8,35.01,12.1933794,10.00
12571,25.16,29.8,35.01,23.41481552,10.00
12572,25.16,29.8,35.01,12.03828275,10.00
12573,25.16,29.8,35.01,4.312439481,10.00
12574,25.16,29.8,35.01,12.51871921,10.00
12575,25.16,29.8,35.01,16.62701481,10.00
12576,25.16,14.6,16.04,9.568669016,10.00
12577,25.16,14.6,16.04,8.567124277,10.00
12578,25.16,14.6,16.04,12.78052048,10.00
12579,25.16,14.6,16.04,8.220527912,10.00
12580,25.16,14.6,16.04,17.98752155,10.00
12581,25.16,14.6,16.04,17.54532239,10.00
12582,25.16,14.6,16.04,17.01222686,10.00
12583,25.16,14.6,16.04,12.24945056,10.00
12584,25.16,14.6,16.04,8.571068765,10.00
12585,25.16,14.6,16.04,8.105558731,10.00
12586,25.16,14.6,16.04,14.89016801,10.00
12587,25.16,14.6,16.04,19.72918128,10.00
12588,25.16,14.6,16.04,20.15959833,10.00
12589,25.16,14.6,16.04,26.55009654,10.00
12590,25.16,29.8,35.01,25.51071501,10.00
12591,25.16,29.8,35.01,23.51737233,10.00
12592,25.16,29.8,35.01,19.63930691,10.00
12593,25.16,29.8,35.01,15.93434982,10.00
12594,25.16,29.8,35.01,25.9594856,10.00
12595,25.16,29.8,35.01,24.5667807,10.00
12596,25.16,29.8,35.01,20.01046932,10.00
12597,25.16,29.8,35.01,25.04206517,10.00
12598,25.16,29.8,35.01,14.88533074,10.00
12599,25.16,29.8,35.01,20.41666316,10.00
12600,25.16,29.8,35.01,18.88137696,10.00
12601,25.16,29.8,35.01,18.67302365,10.00
12602,25.16,29.8,35.01,18.66439945,10.00
12603,25.16,29.8,16.04,15.28060073,10.00
12604,25.16,29.8,16.04,9.592649033,10.00
12605,25.16,29.8,16.04,7.842066127,10.00
12606,25.16,29.8,16.04,20.05005723,10.00
12607,25.16,29.8,16.04,14.66522573,10.00
12608,25.16,29.8,16.04,19.57239805,10.00
12609,25.16,29.8,35.01,15.30642792,10.00
12610,25.16,29.8,35.01,11.82334296,10.00
12611,25.16,29.8,35.01,17.46588026,10.00
12612,25.16,29.8,35.01,20.81151272,10.00
12613,25.16,29.8,35.01,13.7455227,10.00
12614,25.16,29.8,35.01,13.13026736,10.00
12615,25.16,29.8,35.01,19.65838659,10.00
12616,25.16,29.8,35.01,15.79335483,10.00
12617,25.16,29.8,35.01,16.87863326,10.00
12618,25.16,29.8,35.01,12.32884603,10.00
12619,25.16,29.8,35.01,23.67495064,10.00
12620,25.16,29.8,35.01,12.14408168,10.00
12621,25.16,29.8,35.01,4.350339529,10.00
12622,25.16,29.8,35.01,12.62874048,10.00
12623,25.16,29.8,35.01,16.773142,10.00
12624,25.16,14.6,16.04,9.65811455,10.00
12625,25.16,14.6,16.04,8.64720762,10.00
12626,25.16,14.6,16.04,12.8999896,10.00
12627,25.16,14.6,16.04,8.297371358,10.00
12628,25.16,14.6,16.04,18.15566442,10.00
12629,25.16,14.6,16.04,17.70933169,10.00
12630,25.16,14.6,16.04,17.17125292,10.00
12631,25.16,14.6,16.04,12.36395538,10.00
12632,25.16,14.6,16.04,8.651188981,10.00
12633,25.16,14.6,16.04,8.181327474,10.00
12634,25.16,14.6,16.04,15.02935759,10.00
12635,25.16,14.6,16.04,19.91360475,10.00
12636,25.16,14.6,16.04,20.39727267,10.00
12637,25.16,14.6,16.04,26.86311253,10.00
12638,25.16,29.8,35.01,25.81147707,10.00
12639,25.16,29.8,35.01,23.7946336,10.00
12640,25.16,29.8,35.01,19.8708472,10.00
12641,25.16,29.8,35.01,16.12221001,10.00
12642,25.16,29.8,35.01,26.2655385,10.00
12643,25.16,29.8,35.01,24.85641412,10.00
12644,25.16,29.8,35.01,20.24638549,10.00
12645,25.16,29.8,35.01,25.33730202,10.00
12646,25.16,29.8,35.01,15.06082338,10.00
12647,25.16,29.8,35.01,20.6573682,10.00
12648,25.16,29.8,35.01,19.10398153,10.00
12649,25.16,29.8,35.01,18.89317181,10.00
12650,25.16,29.8,35.01,18.88444594,10.00
12651,25.16,29.8,16.04,15.46075346,10.00
12652,25.16,29.8,16.04,9.705742879,10.00
12653,25.16,29.8,16.04,7.934521237,10.00
12654,25.16,29.8,16.04,20.28644012,10.00
12655,25.16,29.8,16.04,14.83812341,10.00
12656,25.16,29.8,16.04,19.80314951,10.00
12657,25.16,29.8,35.01,15.48688514,10.00
12658,25.16,29.8,35.01,11.96273587,10.00
12659,25.16,29.8,35.01,17.67179664,10.00
12660,25.16,29.8,35.01,21.05687289,10.00
12661,25.16,29.8,35.01,13.90757742,10.00
12662,25.16,29.8,35.01,13.28506844,10.00
12663,25.16,29.8,35.01,19.89015182,10.00
12664,25.16,29.8,35.01,15.97955275,10.00
12665,25.16,29.8,35.01,17.07762622,10.00
12666,25.16,29.8,35.01,12.47419865,10.00
12667,25.16,29.8,35.01,23.9540697,10.00
12668,25.16,29.8,35.01,12.25760153,10.00
12669,25.16,29.8,35.01,4.391005419,10.00
12670,25.16,29.8,35.01,12.7467908,10.00
12671,25.16,29.8,35.01,16.92993315,10.00
12672,25.16,14.6,16.04,9.813460223,10.00
12673,25.16,14.6,16.04,8.78629339,10.00
12674,25.16,14.6,16.04,13.10747912,10.00
12675,25.16,14.6,16.04,8.430830196,10.00
12676,25.16,14.6,16.04,18.44768869,10.00
12677,25.16,14.6,16.04,17.99417695,10.00
12678,25.16,14.6,16.04,17.44744346,10.00
12679,25.16,14.6,16.04,12.56282307,10.00
12680,25.16,14.6,16.04,8.790338788,10.00
12681,25.16,14.6,16.04,8.312919808,10.00
12682,25.16,14.6,16.04,15.27109688,10.00
12683,25.16,14.6,16.04,20.23390457,10.00
12684,25.16,14.6,16.04,20.81005661,10.00
12685,25.16,14.6,16.04,27.40674705,10.00
12686,25.16,29.8,35.01,26.33382942,10.00
12687,25.16,29.8,35.01,24.27617066,10.00
12688,25.16,29.8,35.01,20.27297776,10.00
12689,25.16,29.8,35.01,16.4484786,10.00
12690,25.16,29.8,35.01,26.79707979,10.00
12691,25.16,29.8,35.01,25.35943866,10.00
12692,25.16,29.8,35.01,20.65611589,10.00
12693,25.16,29.8,35.01,25.85005839,10.00
12694,25.16,29.8,35.01,15.36561246,10.00
12695,25.16,29.8,35.01,21.07541575,10.00
12696,25.16,29.8,35.01,19.49059287,10.00
12697,25.16,29.8,35.01,19.27551695,10.00
12698,25.16,29.8,35.01,19.26661449,10.00
12699,25.16,29.8,16.04,15.77363602,10.00
12700,25.16,29.8,16.04,9.902160062,10.00
12701,25.16,29.8,16.04,8.09509383,10.00
12702,25.16,29.8,16.04,20.69698113,10.00
12703,25.16,29.8,16.04,15.13840567,10.00
12704,25.16,29.8,16.04,20.20391005,10.00
12705,25.16,29.8,35.01,15.80029653,10.00
12706,25.16,29.8,35.01,12.2048283,10.00
12707,25.16,29.8,35.01,18.02942454,10.00
12708,25.16,29.8,35.01,21.48300531,10.00
12709,25.16,29.8,35.01,14.18902802,10.00
12710,25.16,29.8,35.01,13.5539212,10.00
12711,25.16,29.8,35.01,20.29267305,10.00
12712,25.16,29.8,35.01,16.30293435,10.00
12713,25.16,29.8,35.01,17.42322977,10.00
12714,25.16,29.8,35.01,12.72664166,10.00
12715,25.16,29.8,35.01,24.4388333,10.00
12716,25.16,29.8,35.01,12.45475858,10.00
12717,25.16,29.8,35.01,4.461632423,10.00
12718,25.16,29.8,35.01,12.9518162,10.00
12719,25.16,29.8,35.01,17.20224218,10.00
12720,25.16,14.6,16.04,9.769591411,10.00
12721,25.16,14.6,16.04,8.747016291,10.00
12722,25.16,14.6,16.04,13.04888516,10.00
12723,25.16,14.6,16.04,8.393142113,10.00
12724,25.16,14.6,16.04,18.36522255,10.00
12725,25.16,14.6,16.04,17.91373813,10.00
12726,25.16,14.6,16.04,17.36944868,10.00
12727,25.16,14.6,16.04,12.50666387,10.00
12728,25.16,14.6,16.04,8.751043605,10.00
12729,25.16,14.6,16.04,8.275758816,10.00
12730,25.16,14.6,16.04,15.20283096,10.00
12731,25.16,14.6,16.04,20.14345356,10.00
12732,25.16,14.6,16.04,20.69348857,10.00
12733,25.16,14.6,16.04,27.25322748,10.00
12734,25.16,29.8,35.01,26.18631983,10.00
12735,25.16,29.8,35.01,24.1401871,10.00
12736,25.16,29.8,35.01,20.15941818,10.00
12737,25.16,29.8,35.01,16.35634205,10.00
12738,25.16,29.8,35.01,26.64697529,10.00
12739,25.16,29.8,35.01,25.21738714,10.00
12740,25.16,29.8,35.01,20.54041015,10.00
12741,25.16,29.8,35.01,25.70525866,10.00
12742,25.16,29.8,35.01,15.27954161,10.00
12743,25.16,29.8,35.01,20.95736129,10.00
12744,25.16,29.8,35.01,19.38141584,10.00
12745,25.16,29.8,35.01,19.16754467,10.00
12746,25.16,29.8,35.01,19.15869207,10.00
12747,25.16,29.8,16.04,15.68527961,10.00
12748,25.16,29.8,16.04,9.846692869,10.00
12749,25.16,29.8,16.04,8.049748964,10.00
12750,25.16,29.8,16.04,20.58104648,10.00
12751,25.16,29.8,16.04,15.05360752,10.00
12752,25.16,29.8,16.04,20.09073736,10.00
12753,25.16,29.8,35.01,15.71179078,10.00
12754,25.16,29.8,35.01,12.13646266,10.00
12755,25.16,29.8,35.01,17.92843228,10.00
12756,25.16,29.8,35.01,21.36266773,10.00
12757,25.16,29.8,35.01,14.10954783,10.00
12758,25.16,29.8,35.01,13.47799858,10.00
12759,25.16,29.8,35.01,20.17900315,10.00
12760,25.16,29.8,35.01,16.21161306,10.00
12761,25.16,29.8,35.01,17.32563312,10.00
12762,25.16,29.8,35.01,12.65535306,10.00
12763,25.16,29.8,35.01,24.30193858,10.00
12764,25.16,29.8,35.01,12.39908245,10.00
12765,25.16,29.8,35.01,4.441687724,10.00
12766,25.16,29.8,35.01,12.89391809,10.00
12767,25.16,29.8,35.01,17.12534353,10.00
12768,25.16,14.6,16.04,10.15421021,10.00
12769,25.16,14.6,16.04,9.091377351,10.00
12770,25.16,14.6,16.04,13.56260638,10.00
12771,25.16,14.6,16.04,8.72357151,10.00
12772,25.16,14.6,16.04,19.08824253,10.00
12773,25.16,14.6,16.04,18.61898362,10.00
12774,25.16,14.6,16.04,18.05326606,10.00
12775,25.16,14.6,16.04,12.9990384,10.00
12776,25.16,14.6,16.04,9.095563216,10.00
12777,25.16,14.6,16.04,8.601566953,10.00
12778,25.16,14.6,16.04,15.80135082,10.00
12779,25.16,14.6,16.04,20.93648067,10.00
12780,25.16,14.6,16.04,21.71549619,10.00
12781,25.16,14.6,16.04,28.59920673,10.00
12782,25.16,29.8,35.01,27.47960677,10.00
12783,25.16,29.8,35.01,25.33241987,10.00
12784,25.16,29.8,35.01,21.15504919,10.00
12785,25.16,29.8,35.01,17.16414718,10.00
12786,25.16,29.8,35.01,27.96301303,10.00
12787,25.16,29.8,35.01,26.46282054,10.00
12788,25.16,29.8,35.01,21.55485756,10.00
12789,25.16,29.8,35.01,26.974787,10.00
12790,25.16,29.8,35.01,16.03416584,10.00
12791,25.16,29.8,35.01,21.99240103,10.00
12792,25.16,29.8,35.01,20.33862296,10.00
12793,25.16,29.8,35.01,20.11418915,10.00
12794,25.16,29.8,35.01,20.10489934,10.00
12795,25.16,29.8,16.04,16.45994238,10.00
12796,25.16,29.8,16.04,10.3330002,10.00
12797,25.16,29.8,16.04,8.447309036,10.00
12798,25.16,29.8,16.04,21.59750082,10.00
12799,25.16,29.8,16.04,15.79707335,10.00
12800,25.16,29.8,16.04,21.08297637,10.00
12801,25.16,29.8,35.01,16.48776289,10.00
12802,25.16,29.8,35.01,12.73585688,10.00
12803,25.16,29.8,35.01,18.81387962,10.00
12804,25.16,29.8,35.01,22.41772469,10.00
12805,25.16,29.8,35.01,14.80638855,10.00
12806,25.16,29.8,35.01,14.14364841,10.00
12807,25.16,29.8,35.01,21.17560142,10.00
12808,25.16,29.8,35.01,17.01227034,10.00
12809,25.16,29.8,35.01,18.18130949,10.00
12810,25.16,29.8,35.01,13.28037418,10.00
12811,25.16,29.8,35.01,25.50215992,10.00
12812,25.16,29.8,35.01,12.88722161,10.00
12813,25.16,29.8,35.01,4.616552414,10.00
12814,25.16,29.8,35.01,13.40153842,10.00
12815,25.16,29.8,35.01,17.79955074,10.00
12816,25.16,14.6,16.04,10.27878363,10.00
12817,25.16,14.6,16.04,9.202911777,10.00
12818,25.16,14.6,16.04,13.72899454,10.00
12819,25.16,14.6,16.04,8.830593637,10.00
12820,25.16,14.6,16.04,19.32242005,10.00
12821,25.16,14.6,16.04,18.8474042,10.00
12822,25.16,14.6,16.04,18.27474633,10.00
12823,25.16,14.6,16.04,13.15851261,10.00
12824,25.16,14.6,16.04,9.207148996,10.00
12825,25.16,14.6,16.04,8.707092309,10.00
12826,25.16,14.6,16.04,15.99520424,10.00
12827,25.16,14.6,16.04,21.19333266,10.00
12828,25.16,14.6,16.04,22.04651223,10.00
12829,25.16,14.6,16.04,29.03515331,10.00
12830,25.16,29.8,35.01,27.89848693,10.00
12831,25.16,29.8,35.01,25.7185698,10.00
12832,25.16,29.8,35.01,21.47752217,10.00
12833,25.16,29.8,35.01,17.42578559,10.00
12834,25.16,29.8,35.01,28.3892619,10.00
12835,25.16,29.8,35.01,26.86620152,10.00
12836,25.16,29.8,35.01,21.88342493,10.00
12837,25.16,29.8,35.01,27.38597204,10.00
12838,25.16,29.8,35.01,16.2785796,10.00
12839,25.16,29.8,35.01,22.32763801,10.00
12840,25.16,29.8,35.01,20.6486509,10.00
12841,25.16,29.8,35.01,20.42079597,10.00
12842,25.16,29.8,35.01,20.41136456,10.00
12843,25.16,29.8,16.04,16.71084639,10.00
12844,25.16,29.8,16.04,10.49050932,10.00
12845,25.16,29.8,16.04,8.576073986,10.00
12846,25.16,29.8,16.04,21.92671822,10.00
12847,25.16,29.8,16.04,16.03787304,10.00
12848,25.16,29.8,16.04,21.40435072,10.00
12849,25.16,29.8,35.01,16.73909097,10.00
12850,25.16,29.8,35.01,12.92999349,10.00
12851,25.16,29.8,35.01,19.10066542,10.00
12852,25.16,29.8,35.01,22.75944502,10.00
12853,25.16,29.8,35.01,15.03208692,10.00
12854,25.16,29.8,35.01,14.35924443,10.00
12855,25.16,29.8,35.01,21.49838768,10.00
12856,25.16,29.8,35.01,17.27159365,10.00
12857,25.16,29.8,35.01,18.45845282,10.00
12858,25.16,29.8,35.01,13.48281104,10.00
12859,25.16,29.8,35.01,25.89089724,10.00
12860,25.16,29.8,35.01,13.04532404,10.00
12861,25.16,29.8,35.01,4.673188995,10.00
12862,25.16,29.8,35.01,13.56595057,10.00
12863,25.16,29.8,35.01,18.01791838,10.00
12864,25.16,14.6,16.04,9.880775146,10.00
12865,25.16,14.6,16.04,8.846562515,10.00
12866,25.16,14.6,16.04,13.1973892,10.00
12867,25.16,14.6,16.04,8.48866104,10.00
12868,25.16,14.6,16.04,18.57422966,10.00
12869,25.16,14.6,16.04,18.11760707,10.00
12870,25.16,14.6,16.04,17.56712329,10.00
12871,25.16,14.6,16.04,12.64899711,10.00
12872,25.16,14.6,16.04,8.850635662,10.00
12873,25.16,14.6,16.04,8.369941851,10.00
12874,25.16,14.6,16.04,15.37584817,10.00
12875,25.16,14.6,16.04,20.37269799,10.00
12876,25.16,14.6,16.04,20.98892557,10.00
12877,25.16,14.6,16.04,27.64231663,10.00
12878,25.16,29.8,35.01,26.56017694,10.00
12879,25.16,29.8,35.01,24.48483196,10.00
12880,25.16,29.8,35.01,20.44723036,10.00
12881,25.16,29.8,35.01,16.58985843,10.00
12882,25.16,29.8,35.01,27.02740909,10.00
12883,25.16,29.8,35.01,25.57741098,10.00
12884,25.16,29.8,35.01,20.83366169,10.00
12885,25.16,29.8,35.01,26.07224775,10.00
12886,25.16,29.8,35.01,15.49768472,10.00
12887,25.16,29.8,35.01,21.25656555,10.00
12888,25.16,29.8,35.01,19.65812063,10.00
12889,25.16,29.8,35.01,19.44119606,10.00
12890,25.16,29.8,35.01,19.43221708,10.00
12891,25.16,29.8,16.04,15.90921536,10.00
12892,25.16,29.8,16.04,9.987272232,10.00
12893,25.16,29.8,16.04,8.1646737,10.00
12894,25.16,29.8,16.04,20.87487817,10.00
12895,25.16,29.8,16.04,15.26852502,10.00
12896,25.16,29.8,16.04,20.377569,10.00
12897,25.16,29.8,35.01,15.93610503,10.00
12898,25.16,29.8,35.01,12.30973263,10.00
12899,25.16,29.8,35.01,18.1843931,10.00
12900,25.16,29.8,35.01,21.66765847,10.00
12901,25.16,29.8,35.01,14.31098717,10.00
12902,25.16,29.8,35.01,13.6704214,10.00
12903,25.16,29.8,35.01,20.46709494,10.00
12904,25.16,29.8,35.01,16.44306318,10.00
12905,25.16,29.8,35.01,17.57298789,10.00
12906,25.16,29.8,35.01,12.83603113,10.00
12907,25.16,29.8,35.01,24.64889274,10.00
12908,25.16,29.8,35.01,12.54019135,10.00
12909,25.16,29.8,35.01,4.49223676,10.00
12910,25.16,29.8,35.01,13.04065851,10.00
12911,25.16,29.8,35.01,17.32024007,10.00
12912,25.16,14.6,16.04,9.823505333,10.00
12913,25.16,14.6,16.04,8.795287086,10.00
12914,25.16,14.6,16.04,13.12089601,10.00
12915,25.16,14.6,16.04,8.439460038,10.00
12916,25.16,14.6,16.04,18.46657184,10.00
12917,25.16,14.6,16.04,18.01259588,10.00
12918,25.16,14.6,16.04,17.46530275,10.00
12919,25.16,14.6,16.04,12.57568244,10.00
12920,25.16,14.6,16.04,8.799336625,10.00
12921,25.16,14.6,16.04,8.321428956,10.00
12922,25.16,14.6,16.04,15.28672845,10.00
12923,25.16,14.6,16.04,20.2546161,10.00
12924,25.16,14.6,16.04,20.83674844,10.00
12925,25.16,14.6,16.04,27.44190006,10.00
12926,25.16,29.8,35.01,26.36760626,10.00
12927,25.16,29.8,35.01,24.30730827,10.00
12928,25.16,29.8,35.01,20.29898071,10.00
12929,25.16,29.8,35.01,16.46957609,10.00
12930,25.16,29.8,35.01,26.83145082,10.00
12931,25.16,29.8,35.01,25.39196571,10.00
12932,25.16,29.8,35.01,20.68261027,10.00
12933,25.16,29.8,35.01,25.88321473,10.00
12934,25.16,29.8,35.01,15.38532102,10.00
12935,25.16,29.8,35.01,21.10244794,10.00
12936,25.16,29.8,35.01,19.5155923,10.00
12937,25.16,29.8,35.01,19.30024051,10.00
12938,25.16,29.8,35.01,19.29132663,10.00
12939,25.16,29.8,16.04,15.79386793,10.00
12940,25.16,29.8,16.04,9.914860976,10.00
12941,25.16,29.8,16.04,8.105476928,10.00
12942,25.16,29.8,16.04,20.72352792,10.00
12943,25.16,29.8,16.04,15.15782281,10.00
12944,25.16,29.8,16.04,20.22982441,10.00
12945,25.16,29.8,35.01,15.82056263,10.00
12946,25.16,29.8,35.01,12.22048271,10.00
12947,25.16,29.8,35.01,18.05254982,10.00
12948,25.16,29.8,35.01,21.51056029,10.00
12949,25.16,29.8,35.01,14.20722745,10.00
12950,25.16,29.8,35.01,13.57130601,10.00
12951,25.16,29.8,35.01,20.31870126,10.00
12952,25.16,29.8,35.01,16.32384516,10.00
12953,25.16,29.8,35.01,17.44557751,10.00
12954,25.16,29.8,35.01,12.74296537,10.00
12955,25.16,29.8,35.01,24.47017955,10.00
12956,25.16,29.8,35.01,12.46750733,10.00
12957,25.16,29.8,35.01,4.466199374,10.00
12958,25.16,29.8,35.01,12.96507374,10.00
12959,25.16,29.8,35.01,17.21985049,10.00
12960,25.16,14.6,16.04,9.898362344,10.00
12961,25.16,14.6,16.04,8.862308875,10.00
12962,25.16,14.6,16.04,13.22087977,10.00
12963,25.16,14.6,16.04,8.503770357,10.00
12964,25.16,14.6,16.04,18.6072907,10.00
12965,25.16,14.6,16.04,18.14985535,10.00
12966,25.16,14.6,16.04,17.59839174,10.00
12967,25.16,14.6,16.04,12.67151158,10.00
12968,25.16,14.6,16.04,8.866389273,10.00
12969,25.16,14.6,16.04,8.384839855,10.00
12970,25.16,14.6,16.04,15.40321628,10.00
12971,25.16,14.6,16.04,20.40896019,10.00
12972,25.16,14.6,16.04,21.03565821,10.00
12973,25.16,14.6,16.04,27.7038633,10.00
12974,25.16,29.8,35.01,26.61931418,10.00
12975,25.16,29.8,35.01,24.53934836,10.00
12976,25.16,29.8,35.01,20.49275689,10.00
12977,25.16,29.8,35.01,16.62679638,10.00
12978,25.16,29.8,35.01,27.08758664,10.00
12979,25.16,29.8,35.01,25.63436006,10.00
12980,25.16,29.8,35.01,20.88004862,10.00
12981,25.16,29.8,35.01,26.1302986,10.00
12982,25.16,29.8,35.01,15.5321909,10.00
12983,25.16,29.8,35.01,21.3038941,10.00
12984,25.16,29.8,35.01,19.70189018,10.00
12985,25.16,29.8,35.01,19.48448262,10.00
12986,25.16,29.8,35.01,19.47548365,10.00
12987,25.16,29.8,16.04,15.94463783,10.00
12988,25.16,29.8,16.04,10.00950927,10.00
12989,25.16,29.8,16.04,8.182852655,10.00
12990,25.16,29.8,16.04,20.92135687,10.00
12991,25.16,29.8,16.04,15.30252096,10.00
12992,25.16,29.8,16.04,20.42294042,10.00
12993,25.16,29.8,35.01,15.97158737,10.00
12994,25.16,29.8,35.01,12.33714072,10.00
12995,25.16,29.8,35.01,18.22488134,10.00
12996,25.16,29.8,35.01,21.71590234,10.00
12997,25.16,29.8,35.01,14.34285112,10.00
12998,25.16,29.8,35.01,13.70085911,10.00
12999,25.16,29.8,35.01,20.5126657,10.00
13000,25.16,29.8,35.01,16.47967429,10.00
13001,25.16,29.8,35.01,17.61211481,10.00
13002,25.16,29.8,35.01,12.86461104,10.00
13003,25.16,29.8,35.01,24.70377443,10.00
13004,25.16,29.8,35.01,12.56251215,10.00
13005,25.16,29.8,35.01,4.500232677,10.00
13006,25.16,29.8,35.01,13.06387011,10.00
13007,25.16,29.8,35.01,17.35106908,10.00
13008,25.16,14.6,16.04,9.859133116,10.00
13009,25.16,14.6,16.04,8.827185739,10.00
13010,25.16,14.6,16.04,13.16848273,10.00
13011,25.16,14.6,16.04,8.470068181,10.00
13012,25.16,14.6,16.04,18.53354621,10.00
13013,25.16,14.6,16.04,18.07792377,10.00
13014,25.16,14.6,16.04,17.52864572,10.00
13015,25.16,14.6,16.04,12.62129179,10.00
13016,25.16,14.6,16.04,8.831249964,10.00
13017,25.16,14.6,16.04,8.351609025,10.00
13018,25.16,14.6,16.04,15.34217019,10.00
13019,25.16,14.6,16.04,20.32807532,10.00
13020,25.16,14.6,16.04,20.93141845,10.00
13021,25.16,14.6,16.04,27.56658002,10.00
13022,25.16,29.8,35.01,26.48740526,10.00
13023,25.16,29.8,35.01,24.41774648,10.00
13024,25.16,29.8,35.01,20.39120742,10.00
13025,25.16,29.8,35.01,16.54440423,10.00
13026,25.16,29.8,35.01,26.95335726,10.00
13027,25.16,29.8,35.01,25.50733197,10.00
13028,25.16,29.8,35.01,20.77657997,10.00
13029,25.16,29.8,35.01,26.00081294,10.00
13030,25.16,29.8,35.01,15.45522293,10.00
13031,25.16,29.8,35.01,21.19832513,10.00
13032,25.16,29.8,35.01,19.60425975,10.00
13033,25.16,29.8,35.01,19.38792953,10.00
13034,25.16,29.8,35.01,19.37897515,10.00
13035,25.16,29.8,16.04,15.86562604,10.00
13036,25.16,29.8,16.04,9.959908313,10.00
13037,25.16,29.8,16.04,8.14230348,10.00
13038,25.16,29.8,16.04,20.81768352,10.00
13039,25.16,29.8,16.04,15.2266911,10.00
13040,25.16,29.8,16.04,20.32173692,10.00
13041,25.16,29.8,35.01,15.89244203,10.00
13042,25.16,29.8,35.01,12.27600545,10.00
13043,25.16,29.8,35.01,18.13457006,10.00
13044,25.16,29.8,35.01,21.60829171,10.00
13045,25.16,29.8,35.01,14.27177679,10.00
13046,25.16,29.8,35.01,13.6329661,10.00
13047,25.16,29.8,35.01,20.41101757,10.00
13048,25.16,29.8,35.01,16.39801118,10.00
13049,25.16,29.8,35.01,17.52484003,10.00
13050,25.16,29.8,35.01,12.80086196,10.00
13051,25.16,29.8,35.01,24.58135775,10.00
13052,25.16,29.8,35.01,12.51272435,10.00
13053,25.16,29.8,35.01,4.482397338,10.00
13054,25.16,29.8,35.01,13.01209533,10.00
13055,25.16,29.8,35.01,17.28230326,10.00
13056,25.16,14.6,16.04,9.815001064,10.00
13057,25.16,14.6,16.04,8.787672953,10.00
13058,25.16,14.6,16.04,13.10953717,10.00
13059,25.16,14.6,16.04,8.432153947,10.00
13060,25.16,14.6,16.04,18.45058522,10.00
13061,25.16,14.6,16.04,17.99700227,10.00
13062,25.16,14.6,16.04,17.45018293,10.00
13063,25.16,14.6,16.04,12.5647956,10.00
13064,25.16,14.6,16.04,8.791718986,10.00
13065,25.16,14.6,16.04,8.314225045,10.00
13066,25.16,14.6,16.04,15.27349464,10.00
13067,25.16,14.6,16.04,20.23708155,10.00
13068,25.16,14.6,16.04,20.81415093,10.00
13069,25.16,14.6,16.04,27.41213925,10.00
13070,25.16,29.8,35.01,26.33901052,10.00
13071,25.16,29.8,35.01,24.28094693,10.00
13072,25.16,29.8,35.01,20.27696641,10.00
13073,25.16,29.8,35.01,16.45171479,10.00
13074,25.16,29.8,35.01,26.80235204,10.00
13075,25.16,29.8,35.01,25.36442805,10.00
13076,25.16,29.8,35.01,20.66017992,10.00
13077,25.16,29.8,35.01,25.85514432,10.00
13078,25.16,29.8,35.01,15.3686356,10.00
13079,25.16,29.8,35.01,21.07956227,10.00
13080,25.16,29.8,35.01,19.49442759,10.00
13081,25.16,29.8,35.01,19.27930935,10.00
13082,25.16,29.8,35.01,19.27040514,10.00
13083,25.16,29.8,16.04,15.77673943,10.00
13084,25.16,29.8,16.04,9.904108283,10.00
13085,25.16,29.8,16.04,8.096686517,10.00
13086,25.16,29.8,16.04,20.7010532,10.00
13087,25.16,29.8,16.04,15.14138411,10.00
13088,25.16,29.8,16.04,20.20788511,10.00
13089,25.16,29.8,35.01,15.80340519,10.00
13090,25.16,29.8,35.01,12.20722957,10.00
13091,25.16,29.8,35.01,18.03297178,10.00
13092,25.16,29.8,35.01,21.48723203,10.00
13093,25.16,29.8,35.01,14.19181967,10.00
13094,25.16,29.8,35.01,13.55658789,10.00
13095,25.16,29.8,35.01,20.29666558,10.00
13096,25.16,29.8,35.01,16.30614191,10.00
13097,25.16,29.8,35.01,17.42665774,10.00
13098,25.16,29.8,35.01,12.72914559,10.00
13099,25.16,29.8,35.01,24.44364157,10.00
13100,25.16,29.8,35.01,12.45671414,10.00
13101,25.16,29.8,35.01,4.462332958,10.00
13102,25.16,29.8,35.01,12.9538498,10.00
13103,25.16,29.8,35.01,17.20494316,10.00
13104,25.16,14.6,16.04,10.01924226,10.00
13105,25.16,14.6,16.04,8.970536392,10.00
13106,25.16,14.6,16.04,13.38233465,10.00
13107,25.16,14.6,16.04,8.607619361,10.00
13108,25.16,14.6,16.04,18.83452503,10.00
13109,25.16,14.6,16.04,18.37150343,10.00
13110,25.16,14.6,16.04,17.81330528,10.00
13111,25.16,14.6,16.04,12.82625751,10.00
13112,25.16,14.6,16.04,8.97466662,10.00
13113,25.16,14.6,16.04,8.487236466,10.00
13114,25.16,14.6,16.04,15.5913221,10.00
13115,25.16,14.6,16.04,20.65819672,10.00
13116,25.16,14.6,16.04,21.35685988,10.00
13117,25.16,14.6,16.04,28.12688439,10.00
13118,25.16,29.8,35.01,27.02577487,10.00
13119,25.16,29.8,35.01,24.91404925,10.00
13120,25.16,29.8,35.01,20.80566879,10.00
13121,25.16,29.8,35.01,16.88067742,10.00
13122,25.16,29.8,35.01,27.50119757,10.00
13123,25.16,29.8,35.01,26.0257811,10.00
13124,25.16,29.8,35.01,21.19887423,10.00
13125,25.16,29.8,35.01,26.52929232,10.00
13126,25.16,29.8,35.01,15.76935798,10.00
13127,25.16,29.8,35.01,21.62919157,10.00
13128,25.16,29.8,35.01,20.00272602,10.00
13129,25.16,29.8,35.01,19.78199878,10.00
13130,25.16,29.8,35.01,19.7728624,10.00
13131,25.16,29.8,16.04,16.18810273,10.00
13132,25.16,29.8,16.04,10.16234837,10.00
13133,25.16,29.8,16.04,8.307799824,10.00
13134,25.16,29.8,16.04,21.24081323,10.00
13135,25.16,29.8,16.04,15.53618113,10.00
13136,25.16,29.8,16.04,20.73478627,10.00
13137,25.16,29.8,35.01,16.21546377,10.00
13138,25.16,29.8,35.01,12.52552133,10.00
13139,25.16,29.8,35.01,18.50316416,10.00
13140,25.16,29.8,35.01,22.04749092,10.00
13141,25.16,29.8,35.01,14.56185771,10.00
13142,25.16,29.8,35.01,13.91006287,10.00
13143,25.16,29.8,35.01,20.82588159,10.00
13144,25.16,29.8,35.01,16.73130886,10.00
13145,25.16,29.8,35.01,17.88104106,10.00
13146,25.16,29.8,35.01,13.06104581,10.00
13147,25.16,29.8,35.01,25.080986,10.00
13148,25.16,29.8,35.01,12.71592697,10.00
13149,25.16,29.8,35.01,4.555190027,10.00
13150,25.16,29.8,35.01,13.22340757,10.00
13151,25.16,29.8,35.01,17.5629623,10.00
13152,25.16,14.6,16.04,9.355119189,10.00
13153,25.16,14.6,16.04,8.375926535,10.00
13154,25.16,14.6,16.04,12.4952898,10.00
13155,25.16,14.6,16.04,8.037065372,10.00
13156,25.16,14.6,16.04,17.58608305,10.00
13157,25.16,14.6,16.04,17.15375272,10.00
13158,25.16,14.6,16.04,16.63255461,10.00
13159,25.16,14.6,16.04,11.9760721,10.00
13160,25.16,14.6,16.04,8.379782992,10.00
13161,25.16,14.6,16.04,7.924662029,10.00
13162,25.16,14.6,16.04,14.55785504,10.00
13163,25.16,14.6,16.04,19.2888731,10.00
13164,25.16,14.6,16.04,19.59215452,10.00
13165,25.16,14.6,16.04,25.80277571,10.00
13166,25.16,29.8,35.01,24.79265025,10.00
13167,25.16,29.8,35.01,22.85541533,10.00
13168,25.16,29.8,35.01,19.08650805,10.00
13169,25.16,29.8,35.01,15.48583651,10.00
13170,25.16,29.8,35.01,25.22878904,10.00
13171,25.16,29.8,35.01,23.8752854,10.00
13172,25.16,29.8,35.01,19.44722314,10.00
13173,25.16,29.8,35.01,24.33719177,10.00
13174,25.16,29.8,35.01,14.46634478,10.00
13175,25.16,29.8,35.01,19.8419836,10.00
13176,25.16,29.8,35.01,18.34991199,10.00
13177,25.16,29.8,35.01,18.14742332,10.00
13178,25.16,29.8,35.01,18.13904187,10.00
13179,25.16,29.8,16.04,14.85048888,10.00
13180,25.16,29.8,16.04,9.322639226,10.00
13181,25.16,29.8,16.04,7.621330984,10.00
13182,25.16,29.8,16.04,19.48569675,10.00
13183,25.16,29.8,16.04,14.25243519,10.00
13184,25.16,29.8,16.04,19.02148251,10.00
13185,25.16,29.8,35.01,14.87558909,10.00
13186,25.16,29.8,35.01,11.49054453,10.00
13187,25.16,29.8,35.01,16.97425808,10.00
13188,25.16,29.8,35.01,20.22571911,10.00
13189,25.16,29.8,35.01,13.35861957,10.00
13190,25.16,29.8,35.01,12.76068218,10.00
13191,25.16,29.8,35.01,19.10505068,10.00
13192,25.16,29.8,35.01,15.34881019,10.00
13193,25.16,29.8,35.01,16.40354067,10.00
13194,25.16,29.8,35.01,11.98181892,10.00
13195,25.16,29.8,35.01,23.00855819,10.00
13196,25.16,29.8,35.01,11.87305479,10.00
13197,25.16,29.8,35.01,4.253250347,10.00
13198,25.16,29.8,35.01,12.34689717,10.00
13199,25.16,29.8,35.01,16.39880555,10.00
13200,25.16,14.6,16.04,9.985319371,10.00
13201,25.16,14.6,16.04,8.940164181,10.00
13202,25.16,14.6,16.04,13.33702509,10.00
13203,25.16,14.6,16.04,8.578475905,10.00
13204,25.16,14.6,16.04,18.77075558,10.00
13205,25.16,14.6,16.04,18.30930167,10.00
13206,25.16,14.6,16.04,17.75299345,10.00
13207,25.16,14.6,16.04,12.78283069,10.00
13208,25.16,14.6,16.04,8.944280425,10.00
13209,25.16,14.6,16.04,8.4585006,10.00
13210,25.16,14.6,16.04,15.5385334,10.00
13211,25.16,14.6,16.04,20.58825273,10.00
13212,25.16,14.6,16.04,21.2667201,10.00
13213,25.16,14.6,16.04,28.00817072,10.00
13214,25.16,29.8,35.01,26.91170859,10.00
13215,25.16,29.8,35.01,24.80889582,10.00
13216,25.16,29.8,35.01,20.71785539,10.00
13217,25.16,29.8,35.01,16.80943003,10.00
13218,25.16,29.8,35.01,27.3851247,10.00
13219,25.16,29.8,35.01,25.91593544,10.00
13220,25.16,29.8,35.01,21.10940125,10.00
13221,25.16,29.8,35.01,26.41732152,10.00
13222,25.16,29.8,35.01,15.70280108,10.00
13223,25.16,29.8,35.01,21.53790237,10.00
13224,25.16,29.8,35.01,19.91830156,10.00
13225,25.16,29.8,35.01,19.69850594,10.00
13226,25.16,29.8,35.01,19.68940811,10.00
13227,25.16,29.8,16.04,16.11977845,10.00
13228,25.16,29.8,16.04,10.11945668,10.00
13229,25.16,29.8,16.04,8.272735527,10.00
13230,25.16,29.8,16.04,21.15116324,10.00
13231,25.16,29.8,16.04,15.47060838,10.00
13232,25.16,29.8,16.04,20.64727204,10.00
13233,25.16,29.8,35.01,16.14702401,10.00
13234,25.16,29.8,35.01,12.47265552,10.00
13235,25.16,29.8,35.01,18.42506882,10.00
13236,25.16,29.8,35.01,21.95443622,10.00
13237,25.16,29.8,35.01,14.50039724,10.00
13238,25.16,29.8,35.01,13.8513534,10.00
13239,25.16,29.8,35.01,20.73798288,10.00
13240,25.16,29.8,35.01,16.6606919,10.00
13241,25.16,29.8,35.01,17.80557149,10.00
13242,25.16,29.8,35.01,13.00591973,10.00
13243,25.16,29.8,35.01,24.97512799,10.00
13244,25.16,29.8,35.01,12.67287371,10.00
13245,25.16,29.8,35.01,4.539767182,10.00
13246,25.16,29.8,35.01,13.1786361,10.00
13247,25.16,29.8,35.01,17.50349807,10.00
13248,25.16,14.6,16.04,9.731076298,10.00
13249,25.16,14.6,16.04,8.712532522,10.00
13250,25.16,14.6,16.04,12.99744193,10.00
13251,25.16,14.6,16.04,8.360053439,10.00
13252,25.16,14.6,16.04,18.29282048,10.00
13253,25.16,14.6,16.04,17.84311596,10.00
13254,25.16,14.6,16.04,17.3009723,10.00
13255,25.16,14.6,16.04,12.45735826,10.00
13256,25.16,14.6,16.04,8.716543959,10.00
13257,25.16,14.6,16.04,8.243132908,10.00
13258,25.16,14.6,16.04,15.14289613,10.00
13259,25.16,14.6,16.04,20.06404109,10.00
13260,25.16,14.6,16.04,20.59114635,10.00
13261,25.16,14.6,16.04,27.11844326,10.00
13262,25.16,29.8,35.01,26.05681213,10.00
13263,25.16,29.8,35.01,24.0207988,10.00
13264,25.16,29.8,35.01,20.05971727,10.00
13265,25.16,29.8,35.01,16.27544973,10.00
13266,25.16,29.8,35.01,26.51518937,10.00
13267,25.16,29.8,35.01,25.09267142,10.00
13268,25.16,29.8,35.01,20.43882501,10.00
13269,25.16,29.8,35.01,25.57813011,10.00
13270,25.16,29.8,35.01,15.20397474,10.00
13271,25.16,29.8,35.01,20.85371406,10.00
13272,25.16,29.8,35.01,19.28556264,10.00
13273,25.16,29.8,35.01,19.0727492,10.00
13274,25.16,29.8,35.01,19.06394038,10.00
13275,25.16,29.8,16.04,15.60770611,10.00
13276,25.16,29.8,16.04,9.797994827,10.00
13277,25.16,29.8,16.04,8.009937931,10.00
13278,25.16,29.8,16.04,20.47926036,10.00
13279,25.16,29.8,16.04,14.97915804,10.00
13280,25.16,29.8,16.04,19.99137612,10.00
13281,25.16,29.8,35.01,15.63408617,10.00
13282,25.16,29.8,35.01,12.07644028,10.00
13283,25.16,29.8,35.01,17.83976499,10.00
13284,25.16,29.8,35.01,21.257016,10.00
13285,25.16,29.8,35.01,14.03976731,10.00
13286,25.16,29.8,35.01,13.41134146,10.00
13287,25.16,29.8,35.01,20.07920538,10.00
13288,25.16,29.8,35.01,16.13143652,10.00
13289,25.16,29.8,35.01,17.23994705,10.00
13290,25.16,29.8,35.01,12.59276444,10.00
13291,25.16,29.8,35.01,24.18175033,10.00
13292,25.16,29.8,35.01,12.35020097,10.00
13293,25.16,29.8,35.01,4.424177052,10.00
13294,25.16,29.8,35.01,12.8430858,10.00
13295,25.16,29.8,35.01,17.05782949,10.00
13296,25.16,14.6,16.04,9.716801097,10.00
13297,25.16,14.6,16.04,8.699751495,10.00
13298,25.16,14.6,16.04,12.97837507,10.00
13299,25.16,14.6,16.04,8.347789488,10.00
13300,25.16,14.6,16.04,18.26598546,10.00
13301,25.16,14.6,16.04,17.81694064,10.00
13302,25.16,14.6,16.04,17.27559228,10.00
13303,25.16,14.6,16.04,12.43908369,10.00
13304,25.16,14.6,16.04,8.703757047,10.00
13305,25.16,14.6,16.04,8.231040476,10.00
13306,25.16,14.6,16.04,15.12068195,10.00
13307,25.16,14.6,16.04,20.03460773,10.00
13308,25.16,14.6,16.04,20.55321434,10.00
13309,25.16,14.6,16.04,27.06848698,10.00
13310,25.16,29.8,35.01,26.00881154,10.00
13311,25.16,29.8,35.01,23.97654885,10.00
13312,25.16,29.8,35.01,20.02276423,10.00
13313,25.16,29.8,35.01,16.24546788,10.00
13314,25.16,29.8,35.01,26.46634437,10.00
13315,25.16,29.8,35.01,25.04644692,10.00
13316,25.16,29.8,35.01,20.40117359,10.00
13317,25.16,29.8,35.01,25.53101132,10.00
13318,25.16,29.8,35.01,15.17596671,10.00
13319,25.16,29.8,35.01,20.81529836,10.00
13320,25.16,29.8,35.01,19.25003571,10.00
13321,25.16,29.8,35.01,19.0376143,10.00
13322,25.16,29.8,35.01,19.02882172,10.00
13323,25.16,29.8,16.04,15.57895435,10.00
13324,25.16,29.8,16.04,9.779945436,10.00
13325,25.16,29.8,16.04,7.995182412,10.00
13326,25.16,29.8,16.04,20.44153446,10.00
13327,25.16,29.8,16.04,14.95156416,10.00
13328,25.16,29.8,16.04,19.95454898,10.00
13329,25.16,29.8,35.01,15.60528581,10.00
13330,25.16,29.8,35.01,12.05419364,10.00
13331,25.16,29.8,35.01,17.80690144,10.00
13332,25.16,29.8,35.01,21.21785736,10.00
13333,25.16,29.8,35.01,14.01390394,10.00
13334,25.16,29.8,35.01,13.38663574,10.00
13335,25.16,29.8,35.01,20.04221644,10.00
13336,25.16,29.8,35.01,16.10171997,10.00
13337,25.16,29.8,35.01,17.20818846,10.00
13338,25.16,29.8,35.01,12.56956666,10.00
13339,25.16,29.8,35.01,24.13720388,10.00
13340,25.16,29.8,35.01,12.33208359,10.00
13341,25.16,29.8,35.01,4.417686916,10.00
13342,25.16,29.8,35.01,12.82424537,10.00
13343,25.16,29.8,35.01,17.03280616,10.00
13344,25.16,14.6,16.04,9.541047645,10.00
13345,25.16,14.6,16.04,8.542394013,10.00
13346,25.16,14.6,16.04,12.74362763,10.00
13347,25.16,14.6,16.04,8.196798148,10.00
13348,25.16,14.6,16.04,17.93559792,10.00
13349,25.16,14.6,16.04,17.49467524,10.00
13350,25.16,14.6,16.04,16.96311856,10.00
13351,25.16,14.6,16.04,12.21409072,10.00
13352,25.16,14.6,16.04,8.546327114,10.00
13353,25.16,14.6,16.04,8.082160843,10.00
13354,25.16,14.6,16.04,14.84718535,10.00
13355,25.16,14.6,16.04,19.67223009,10.00
13356,25.16,14.6,16.04,20.08620292,10.00
13357,25.16,14.6,16.04,26.45343513,10.00
13358,25.16,29.8,35.01,25.4178377,10.00
13359,25.16,29.8,35.01,23.43175222,10.00
13360,25.16,29.8,35.01,19.56780574,10.00
13361,25.16,29.8,35.01,15.87633735,10.00
13362,25.16,29.8,35.01,25.86497445,10.00
13363,25.16,29.8,35.01,24.47733999,10.00
13364,25.16,29.8,35.01,19.93761686,10.00
13365,25.16,29.8,35.01,24.95089409,10.00
13366,25.16,29.8,35.01,14.83113745,10.00
13367,25.16,29.8,35.01,20.34233185,10.00
13368,25.16,29.8,35.01,18.8126352,10.00
13369,25.16,29.8,35.01,18.60504045,10.00
13370,25.16,29.8,35.01,18.59644765,10.00
13371,25.16,29.8,16.04,15.22496838,10.00
13372,25.16,29.8,16.04,9.557724907,10.00
13373,25.16,29.8,16.04,7.813515379,10.00
13374,25.16,29.8,16.04,19.97706064,10.00
13375,25.16,29.8,16.04,14.61183379,10.00
13376,25.16,29.8,16.04,19.50114047,10.00
13377,25.16,29.8,35.01,15.25070154,10.00
13378,25.16,29.8,35.01,11.78029751,10.00
13379,25.16,29.8,35.01,17.40229192,10.00
13380,25.16,29.8,35.01,20.73574388,10.00
13381,25.16,29.8,35.01,13.69547914,10.00
13382,25.16,29.8,35.01,13.08246377,10.00
13383,25.16,29.8,35.01,19.58681595,10.00
13384,25.16,29.8,35.01,15.73585569,10.00
13385,25.16,29.8,35.01,16.81718293,10.00
13386,25.16,29.8,35.01,12.28396019,10.00
13387,25.16,29.8,35.01,23.58875683,10.00
13388,25.16,29.8,35.01,12.109026,10.00
13389,25.16,29.8,35.01,4.337781634,10.00
13390,25.16,29.8,35.01,12.59228576,10.00
13391,25.16,29.8,35.01,16.72472385,10.00
13392,25.16,14.6,16.04,9.666727908,10.00
13393,25.16,14.6,16.04,8.654919426,10.00
13394,25.16,14.6,16.04,12.91149415,10.00
13395,25.16,14.6,16.04,8.304771171,10.00
13396,25.16,14.6,16.04,18.17185611,10.00
13397,25.16,14.6,16.04,17.72512534,10.00
13398,25.16,14.6,16.04,17.18656669,10.00
13399,25.16,14.6,16.04,12.37498187,10.00
13400,25.16,14.6,16.04,8.658904337,10.00
13401,25.16,14.6,16.04,8.188623796,10.00
13402,25.16,14.6,16.04,15.04276117,10.00
13403,25.16,14.6,16.04,19.93136422,10.00
13404,25.16,14.6,16.04,20.42016005,10.00
13405,25.16,14.6,16.04,26.89325511,10.00
13406,25.16,29.8,35.01,25.84043963,10.00
13407,25.16,29.8,35.01,23.8213331,10.00
13408,25.16,29.8,35.01,19.89314389,10.00
13409,25.16,29.8,35.01,16.14030043,10.00
13410,25.16,29.8,35.01,26.29501056,10.00
13411,25.16,29.8,35.01,24.88430502,10.00
13412,25.16,29.8,35.01,20.26910356,10.00
13413,25.16,29.8,35.01,25.36573252,10.00
13414,25.16,29.8,35.01,15.07772284,10.00
13415,25.16,29.8,35.01,20.68054743,10.00
13416,25.16,29.8,35.01,19.12541774,10.00
13417,25.16,29.8,35.01,18.91437148,10.00
13418,25.16,29.8,35.01,18.90563581,10.00
13419,25.16,29.8,16.04,15.47810167,10.00
13420,25.16,29.8,16.04,9.716633505,10.00
13421,25.16,29.8,16.04,7.94342441,10.00
13422,25.16,29.8,16.04,20.30920314,10.00
13423,25.16,29.8,16.04,14.85477298,10.00
13424,25.16,29.8,16.04,19.82537024,10.00
13425,25.16,29.8,35.01,15.50426267,10.00
13426,25.16,29.8,35.01,11.97615903,10.00
13427,25.16,29.8,35.01,17.69162582,10.00
13428,25.16,29.8,35.01,21.0805004,10.00
13429,25.16,29.8,35.01,13.92318284,10.00
13430,25.16,29.8,35.01,13.29997536,10.00
13431,25.16,29.8,35.01,19.91247017,10.00
13432,25.16,29.8,35.01,15.99748309,10.00
13433,25.16,29.8,35.01,17.09678869,10.00
13434,25.16,29.8,35.01,12.4881957,10.00
13435,25.16,29.8,35.01,23.9809481,10.00
13436,25.16,29.8,35.01,12.26853318,10.00
13437,25.16,29.8,35.01,4.394921433,10.00
13438,25.16,29.8,35.01,12.75815872,10.00
13439,25.16,29.8,35.01,16.9450317,10.00
13440,25.16,14.6,16.04,9.395832355,10.00
13441,25.16,14.6,16.04,8.412378288,10.00
13442,25.16,14.6,16.04,12.54966889,10.00
13443,25.16,14.6,16.04,8.072042412,10.00
13444,25.16,14.6,16.04,17.6626171,10.00
13445,25.16,14.6,16.04,17.22840528,10.00
13446,25.16,14.6,16.04,16.70493893,10.00
13447,25.16,14.6,16.04,12.02819156,10.00
13448,25.16,14.6,16.04,8.416251527,10.00
13449,25.16,14.6,16.04,7.959149893,10.00
13450,25.16,14.6,16.04,14.62121034,10.00
13451,25.16,14.6,16.04,19.37281763,10.00
13452,25.16,14.6,16.04,19.7003374,10.00
13453,25.16,14.6,16.04,25.94525204,10.00
13454,25.16,29.8,35.01,24.92954893,10.00
13455,25.16,29.8,35.01,22.98161709,10.00
13456,25.16,29.8,35.01,19.19189887,10.00
13457,25.16,29.8,35.01,15.57134535,10.00
13458,25.16,29.8,35.01,25.36809597,10.00
13459,25.16,29.8,35.01,24.00711863,10.00
13460,25.16,29.8,35.01,19.55460574,10.00
13461,25.16,29.8,35.01,24.47157553,10.00
13462,25.16,29.8,35.01,14.54622424,10.00
13463,25.16,29.8,35.01,19.95154597,10.00
13464,25.16,29.8,35.01,18.45123552,10.00
13465,25.16,29.8,35.01,18.24762876,10.00
13466,25.16,29.8,35.01,18.23920103,10.00
13467,25.16,29.8,16.04,14.93248948,10.00
13468,25.16,29.8,16.04,9.374116458,10.00
13469,25.16,29.8,16.04,7.663414026,10.00
13470,25.16,29.8,16.04,19.59329179,10.00
13471,25.16,29.8,16.04,14.3311335,10.00
13472,25.16,29.8,16.04,19.12651427,10.00
13473,25.16,29.8,35.01,14.95772829,10.00
13474,25.16,29.8,35.01,11.55399238,10.00
13475,25.16,29.8,35.01,17.0679856,10.00
13476,25.16,29.8,35.01,20.33740036,10.00
13477,25.16,29.8,35.01,13.43238246,10.00
13478,25.16,29.8,35.01,12.83114341,10.00
13479,25.16,29.8,35.01,19.21054389,10.00
13480,25.16,29.8,35.01,15.4335624,10.00
13481,25.16,29.8,35.01,16.49411683,10.00
13482,25.16,29.8,35.01,12.04797946,10.00
13483,25.16,29.8,35.01,23.13560557,10.00
13484,25.16,29.8,35.01,11.92472593,10.00
13485,25.16,29.8,35.01,4.27176035,10.00
13486,25.16,29.8,35.01,12.40063045,10.00
13487,25.16,29.8,35.01,16.4701726,10.00
13488,25.16,14.6,16.04,10.09546836,10.00
13489,25.16,14.6,16.04,9.038783963,10.00
13490,25.16,14.6,16.04,13.48414705,10.00
13491,25.16,14.6,16.04,8.67310587,10.00
13492,25.16,14.6,16.04,18.97781753,10.00
13493,25.16,14.6,16.04,18.51127327,10.00
13494,25.16,14.6,16.04,17.94882837,10.00
13495,25.16,14.6,16.04,12.92383929,10.00
13496,25.16,14.6,16.04,9.042945614,10.00
13497,25.16,14.6,16.04,8.551807106,10.00
13498,25.16,14.6,16.04,15.70994041,10.00
13499,25.16,14.6,16.04,20.81536366,10.00
13500,25.16,14.6,16.04,21.55940757,10.00
13501,25.16,14.6,16.04,28.39363875,10.00
13502,25.16,29.8,35.01,27.28208635,10.00
13503,25.16,29.8,35.01,25.15033319,10.00
13504,25.16,29.8,35.01,21.002989,10.00
13505,25.16,29.8,35.01,17.04077316,10.00
13506,25.16,29.8,35.01,27.76201794,10.00
13507,25.16,29.8,35.01,26.27260867,10.00
13508,25.16,29.8,35.01,21.39992359,10.00
13509,25.16,29.8,35.01,26.78089517,10.00
13510,25.16,29.8,35.01,15.91891401,10.00
13511,25.16,29.8,35.01,21.83432205,10.00
13512,25.16,29.8,35.01,20.19243116,10.00
13513,25.16,29.8,35.01,19.96961055,10.00
13514,25.16,29.8,35.01,19.96038752,10.00
13515,25.16,29.8,16.04,16.34163011,10.00
13516,25.16,29.8,16.04,10.25872772,10.00
13517,25.16,29.8,16.04,8.386590699,10.00
13518,25.16,29.8,16.04,21.44226034,10.00
13519,25.16,29.8,16.04,15.68352571,10.00
13520,25.16,29.8,16.04,20.93143424,10.00
13521,25.16,29.8,35.01,16.36925064,10.00
13522,25.16,29.8,35.01,12.64431292,10.00
13523,25.16,29.8,35.01,18.6786475,10.00
13524,25.16,29.8,35.01,22.25658853,10.00
13525,25.16,29.8,35.01,14.69996185,10.00
13526,25.16,29.8,35.01,14.04198541,10.00
13527,25.16,29.8,35.01,21.02339351,10.00
13528,25.16,29.8,35.01,16.88998799,10.00
13529,25.16,29.8,35.01,18.05062421,10.00
13530,25.16,29.8,35.01,13.1849163,10.00
13531,25.16,29.8,35.01,25.31885317,10.00
13532,25.16,29.8,35.01,12.81266936,10.00
13533,25.16,29.8,35.01,4.589845776,10.00
13534,25.16,29.8,35.01,13.32401086,10.00
13535,25.16,29.8,35.01,17.69658079,10.00
13536,25.16,14.6,16.04,9.903244153,10.00
13537,25.16,14.6,16.04,8.866679709,10.00
13538,25.16,14.6,16.04,13.22740023,10.00
13539,25.16,14.6,16.04,8.507964362,10.00
13540,25.16,14.6,16.04,18.61646769,10.00
13541,25.16,14.6,16.04,18.15880674,10.00
13542,25.16,14.6,16.04,17.60707115,10.00
13543,25.16,14.6,16.04,12.67776108,10.00
13544,25.16,14.6,16.04,8.870762119,10.00
13545,25.16,14.6,16.04,8.388975204,10.00
13546,25.16,14.6,16.04,15.41081305,10.00
13547,25.16,14.6,16.04,20.41902576,10.00
13548,25.16,14.6,16.04,21.04863013,10.00
13549,25.16,14.6,16.04,27.72094726,10.00
13550,25.16,29.8,35.01,26.63572934,10.00
13551,25.16,29.8,35.01,24.55448089,10.00
13552,25.16,29.8,35.01,20.50539403,10.00
13553,25.16,29.8,35.01,16.63704952,10.00
13554,25.16,29.8,35.01,27.10429057,10.00
13555,25.16,29.8,35.01,25.65016783,10.00
13556,25.16,29.8,35.01,20.89292459,10.00
13557,25.16,29.8,35.01,26.1464122,10.00
13558,25.16,29.8,35.01,15.54176904,10.00
13559,25.16,29.8,35.01,21.31703144,10.00
13560,25.16,29.8,35.01,19.71403962,10.00
13561,25.16,29.8,35.01,19.49649799,10.00
13562,25.16,29.8,35.01,19.48749347,10.00
13563,25.16,29.8,16.04,15.95447031,10.00
13564,25.16,29.8,16.04,10.01568177,10.00
13565,25.16,29.8,16.04,8.187898722,10.00
13566,25.16,29.8,16.04,20.93425831,10.00
13567,25.16,29.8,16.04,15.31195747,10.00
13568,25.16,29.8,16.04,20.43553451,10.00
13569,25.16,29.8,35.01,15.98143647,10.00
13570,25.16,29.8,35.01,12.34474858,10.00
13571,25.16,29.8,35.01,18.23611996,10.00
13572,25.16,29.8,35.01,21.72929374,10.00
13573,25.16,29.8,35.01,14.35169584,10.00
13574,25.16,29.8,35.01,13.70930793,10.00
13575,25.16,29.8,35.01,20.52531511,10.00
13576,25.16,29.8,35.01,16.4898367,10.00
13577,25.16,29.8,35.01,17.62297556,10.00
13578,25.16,29.8,35.01,12.87254418,10.00
13579,25.16,29.8,35.01,24.71900835,10.00
13580,25.16,29.8,35.01,12.5687079,10.00
13581,25.16,29.8,35.01,4.502452163,10.00
13582,25.16,29.8,35.01,13.07031313,10.00
13583,25.16,29.8,35.01,17.35962652,10.00
13584,25.16,14.6,16.04,10.05745426,10.00
13585,25.16,14.6,16.04,9.004748775,10.00
13586,25.16,14.6,16.04,13.43337302,10.00
13587,25.16,14.6,16.04,8.640447628,10.00
13588,25.16,14.6,16.04,18.9063573,10.00
13589,25.16,14.6,16.04,18.4415698,10.00
13590,25.16,14.6,16.04,17.88124276,10.00
13591,25.16,14.6,16.04,12.87517508,10.00
13592,25.16,14.6,16.04,9.008894755,10.00
13593,25.16,14.6,16.04,8.51960561,10.00
13594,25.16,14.6,16.04,15.65078524,10.00
13595,25.16,14.6,16.04,20.73698422,10.00
13596,25.16,14.6,16.04,21.45839667,10.00
13597,25.16,14.6,16.04,28.26060787,10.00
13598,25.16,29.8,35.01,27.15426335,10.00
13599,25.16,29.8,35.01,25.03249796,10.00
13600,25.16,29.8,35.01,20.90458505,10.00
13601,25.16,29.8,35.01,16.96093312,10.00
13602,25.16,29.8,35.01,27.63194635,10.00
13603,25.16,29.8,35.01,26.14951531,10.00
13604,25.16,29.8,35.01,21.29965991,10.00
13605,25.16,29.8,35.01,26.65542037,10.00
13606,25.16,29.8,35.01,15.84433014,10.00
13607,25.16,29.8,35.01,21.7320231,10.00
13608,25.16,29.8,35.01,20.09782486,10.00
13609,25.16,29.8,35.01,19.87604822,10.00
13610,25.16,29.8,35.01,19.8668684,10.00
13611,25.16,29.8,16.04,16.26506573,10.00
13612,25.16,29.8,16.04,10.21066316,10.00
13613,25.16,29.8,16.04,8.347297546,10.00
13614,25.16,29.8,16.04,21.3417983,10.00
13615,25.16,29.8,16.04,15.6100447,10.00
13616,25.16,29.8,16.04,20.83336554,10.00
13617,25.16,29.8,35.01,16.29255685,10.00
13618,25.16,29.8,35.01,12.58507134,10.00
13619,25.16,29.8,35.01,18.59113364,10.00
13620,25.16,29.8,35.01,22.15231117,10.00
13621,25.16,29.8,35.01,14.63108906,10.00
13622,25.16,29.8,35.01,13.9761954,10.00
13623,25.16,29.8,35.01,20.92489396,10.00
13624,25.16,29.8,35.01,16.81085442,10.00
13625,25.16,29.8,35.01,17.96605279,10.00
13626,25.16,29.8,35.01,13.12314186,10.00
13627,25.16,29.8,35.01,25.20022838,10.00
13628,25.16,29.8,35.01,12.76442375,10.00
13629,25.16,29.8,35.01,4.57256289,10.00
13630,25.16,29.8,35.01,13.27383982,10.00
13631,25.16,29.8,35.01,17.629945,10.00
13632,25.16,14.6,16.04,9.802137034,10.00
13633,25.16,14.6,16.04,8.77615539,10.00
13634,25.16,14.6,16.04,13.09235515,10.00
13635,25.16,14.6,16.04,8.421102345,10.00
13636,25.16,14.6,16.04,18.42640296,10.00
13637,25.16,14.6,16.04,17.9734145,10.00
13638,25.16,14.6,16.04,17.42731185,10.00
13639,25.16,14.6,16.04,12.54832755,10.00
13640,25.16,14.6,16.04,8.78019612,10.00
13641,25.16,14.6,16.04,8.303328006,10.00
13642,25.16,14.6,16.04,15.25347643,10.00
13643,25.16,14.6,16.04,20.21055783,10.00
13644,25.16,14.6,16.04,20.77996868,10.00
13645,25.16,14.6,16.04,27.36712138,10.00
13646,25.16,29.8,35.01,26.29575501,10.00
13647,25.16,29.8,35.01,24.24107129,10.00
13648,25.16,29.8,35.01,20.24366635,10.00
13649,25.16,29.8,35.01,16.4246968,10.00
13650,25.16,29.8,35.01,26.7583356,10.00
13651,25.16,29.8,35.01,25.32277306,10.00
13652,25.16,29.8,35.01,20.62625053,10.00
13653,25.16,29.8,35.01,25.81268344,10.00
13654,25.16,29.8,35.01,15.3433963,10.00
13655,25.16,29.8,35.01,21.04494415,10.00
13656,25.16,29.8,35.01,19.46241266,10.00
13657,25.16,29.8,35.01,19.24764771,10.00
13658,25.16,29.8,35.01,19.23875812,10.00
13659,25.16,29.8,16.04,15.75082992,10.00
13660,25.16,29.8,16.04,9.887843159,10.00
13661,25.16,29.8,16.04,8.08338965,10.00
13662,25.16,29.8,16.04,20.66705668,10.00
13663,25.16,29.8,16.04,15.11651802,10.00
13664,25.16,29.8,16.04,20.17469851,10.00
13665,25.16,29.8,35.01,15.77745189,10.00
13666,25.16,29.8,35.01,12.18718212,10.00
13667,25.16,29.8,35.01,18.00335695,10.00
13668,25.16,29.8,35.01,21.4519444,10.00
13669,25.16,29.8,35.01,14.16851301,10.00
13670,25.16,29.8,35.01,13.53432445,10.00
13671,25.16,29.8,35.01,20.26333317,10.00
13672,25.16,29.8,35.01,16.27936298,10.00
13673,25.16,29.8,35.01,17.39803863,10.00
13674,25.16,29.8,35.01,12.70824102,10.00
13675,25.16,29.8,35.01,24.40349875,10.00
13676,25.16,29.8,35.01,12.44038774,10.00
13677,25.16,29.8,35.01,4.456484402,10.00
13678,25.16,29.8,35.01,12.93687184,10.00
13679,25.16,29.8,35.01,17.1823935,10.00
13680,25.16,14.6,16.04,9.757525799,10.00
13681,25.16,14.6,16.04,8.736213576,10.00
13682,25.16,14.6,16.04,13.03276956,10.00
13683,25.16,14.6,16.04,8.382776439,10.00
13684,25.16,14.6,16.04,18.34254119,10.00
13685,25.16,14.6,16.04,17.89161435,10.00
13686,25.16,14.6,16.04,17.34799712,10.00
13687,25.16,14.6,16.04,12.49121792,10.00
13688,25.16,14.6,16.04,8.740235916,10.00
13689,25.16,14.6,16.04,8.265538112,10.00
13690,25.16,14.6,16.04,15.1840552,10.00
13691,25.16,14.6,16.04,20.11857605,10.00
13692,25.16,14.6,16.04,20.66142787,10.00
13693,25.16,14.6,16.04,27.21100369,10.00
13694,25.16,29.8,35.01,26.14574901,10.00
13695,25.16,29.8,35.01,24.10278638,10.00
13696,25.16,29.8,35.01,20.12818492,10.00
13697,25.16,29.8,35.01,16.33100095,10.00
13698,25.16,29.8,35.01,26.60569078,10.00
13699,25.16,29.8,35.01,25.1783175,10.00
13700,25.16,29.8,35.01,20.50858662,10.00
13701,25.16,29.8,35.01,25.66543315,10.00
13702,25.16,29.8,35.01,15.25586881,10.00
13703,25.16,29.8,35.01,20.92489177,10.00
13704,25.16,29.8,35.01,19.35138795,10.00
13705,25.16,29.8,35.01,19.13784813,10.00
13706,25.16,29.8,35.01,19.12900925,10.00
13707,25.16,29.8,16.04,15.66097819,10.00
13708,25.16,29.8,16.04,9.831437255,10.00
13709,25.16,29.8,16.04,8.037277379,10.00
13710,25.16,29.8,16.04,20.54915999,10.00
13711,25.16,29.8,16.04,15.03028477,10.00
13712,25.16,29.8,16.04,20.05961051,10.00
13713,25.16,29.8,35.01,15.68744829,10.00
13714,25.16,29.8,35.01,12.11765947,10.00
13715,25.16,29.8,35.01,17.90065552,10.00
13716,25.16,29.8,35.01,21.32957026,10.00
13717,25.16,29.8,35.01,14.08768772,10.00
13718,25.16,29.8,35.01,13.45711693,10.00
13719,25.16,29.8,35.01,20.14773954,10.00
13720,25.16,29.8,35.01,16.18649619,10.00
13721,25.16,29.8,35.01,17.29879028,10.00
13722,25.16,29.8,35.01,12.63574595,10.00
13723,25.16,29.8,35.01,24.26428726,10.00
13724,25.16,29.8,35.01,12.38376937,10.00
13725,25.16,29.8,35.01,4.436202164,10.00
13726,25.16,29.8,35.01,12.87799388,10.00
13727,25.16,29.8,35.01,17.10419343,10.00
13728,25.16,14.6,16.04,9.998491412,10.00
13729,25.16,14.6,16.04,8.951957516,10.00
13730,25.16,14.6,16.04,13.3546185,10.00
13731,25.16,14.6,16.04,8.589792122,10.00
13732,25.16,14.6,16.04,18.79551685,10.00
13733,25.16,14.6,16.04,18.33345421,10.00
13734,25.16,14.6,16.04,17.77641215,10.00
13735,25.16,14.6,16.04,12.79969305,10.00
13736,25.16,14.6,16.04,8.956079189,10.00
13737,25.16,14.6,16.04,8.469658552,10.00
13738,25.16,14.6,16.04,15.55903091,10.00
13739,25.16,14.6,16.04,20.61541153,10.00
13740,25.16,14.6,16.04,21.3017208,10.00
13741,25.16,14.6,16.04,28.05426648,10.00
13742,25.16,29.8,35.01,26.9559998,10.00
13743,25.16,29.8,35.01,24.84972622,10.00
13744,25.16,29.8,35.01,20.75195277,10.00
13745,25.16,29.8,35.01,16.83709493,10.00
13746,25.16,29.8,35.01,27.43019505,10.00
13747,25.16,29.8,35.01,25.95858781,10.00
13748,25.16,29.8,35.01,21.14414303,10.00
13749,25.16,29.8,35.01,26.46079906,10.00
13750,25.16,29.8,35.01,15.7286447,10.00
13751,25.16,29.8,35.01,21.57334938,10.00
13752,25.16,29.8,35.01,19.95108304,10.00
13753,25.16,29.8,35.01,19.73092567,10.00
13754,25.16,29.8,35.01,19.72181288,10.00
13755,25.16,29.8,16.04,16.14630833,10.00
13756,25.16,29.8,16.04,10.13611125,10.00
13757,25.16,29.8,16.04,8.286350768,10.00
13758,25.16,29.8,16.04,21.18597376,10.00
13759,25.16,29.8,16.04,15.49606985,10.00
13760,25.16,29.8,16.04,20.68125325,10.00
13761,25.16,29.8,35.01,16.17359873,10.00
13762,25.16,29.8,35.01,12.49318297,10.00
13763,25.16,29.8,35.01,18.45539274,10.00
13764,25.16,29.8,35.01,21.99056877,10.00
13765,25.16,29.8,35.01,14.52426194,10.00
13766,25.16,29.8,35.01,13.87414991,10.00
13767,25.16,29.8,35.01,20.77211339,10.00
13768,25.16,29.8,35.01,16.68811201,10.00
13769,25.16,29.8,35.01,17.83487584,10.00
13770,25.16,29.8,35.01,13.02732483,10.00
13771,25.16,29.8,35.01,25.01623198,10.00
13772,25.16,29.8,35.01,12.68959101,10.00
13773,25.16,29.8,35.01,4.545755774,10.00
13774,25.16,29.8,35.01,13.19602058,10.00
13775,25.16,29.8,35.01,17.52658765,10.00
13776,25.16,14.6,16.04,9.618258111,10.00
13777,25.16,14.6,16.04,8.611522922,10.00
13778,25.16,14.6,16.04,12.84675482,10.00
13779,25.16,14.6,16.04,8.26313034,10.00
13780,25.16,14.6,16.04,18.08074088,10.00
13781,25.16,14.6,16.04,17.63625005,10.00
13782,25.16,14.6,16.04,17.10039178,10.00
13783,25.16,14.6,16.04,12.31293266,10.00
13784,25.16,14.6,16.04,8.615487852,10.00
13785,25.16,14.6,16.04,8.147565338,10.00
13786,25.16,14.6,16.04,14.96733548,10.00
13787,25.16,14.6,16.04,19.83142666,10.00
13788,25.16,14.6,16.04,20.29136629,10.00
13789,25.16,14.6,16.04,26.72363432,10.00
13790,25.16,29.8,35.01,25.67745915,10.00
13791,25.16,29.8,35.01,23.6710875,10.00
13792,25.16,29.8,35.01,19.76767412,10.00
13793,25.16,29.8,35.01,16.03850054,10.00
13794,25.16,29.8,35.01,26.12916301,10.00
13795,25.16,29.8,35.01,24.72735506,10.00
13796,25.16,29.8,35.01,20.14126254,10.00
13797,25.16,29.8,35.01,25.2057461,10.00
13798,25.16,29.8,35.01,14.98262482,10.00
13799,25.16,29.8,35.01,20.55011135,10.00
13800,25.16,29.8,35.01,19.00479016,10.00
13801,25.16,29.8,35.01,18.795075,10.00
13802,25.16,29.8,35.01,18.78639443,10.00
13803,25.16,29.8,16.04,15.38047839,10.00
13804,25.16,29.8,16.04,9.655348882,10.00
13805,25.16,29.8,16.04,7.893323748,10.00
13806,25.16,29.8,16.04,20.18110921,10.00
13807,25.16,29.8,16.04,14.76108116,10.00
13808,25.16,29.8,16.04,19.70032792,10.00
13809,25.16,29.8,35.01,15.40647439,10.00
13810,25.16,29.8,35.01,11.90062316,10.00
13811,25.16,29.8,35.01,17.58004143,10.00
13812,25.16,29.8,35.01,20.94754175,10.00
13813,25.16,29.8,35.01,13.83536673,10.00
13814,25.16,29.8,35.01,13.21608993,10.00
13815,25.16,29.8,35.01,19.7868785,10.00
13816,25.16,29.8,35.01,15.89658398,10.00
13817,25.16,29.8,35.01,16.98895605,10.00
13818,25.16,29.8,35.01,12.40943032,10.00
13819,25.16,29.8,35.01,23.82969578,10.00
13820,25.16,29.8,35.01,12.20701771,10.00
13821,25.16,29.8,35.01,4.372884922,10.00
13822,25.16,29.8,35.01,12.69418822,10.00
13823,25.16,29.8,35.01,16.86006787,10.00
13824,25.16,14.6,16.04,9.471163886,10.00
13825,25.16,14.6,16.04,8.47982493,10.00
13826,25.16,14.6,16.04,12.65028645,10.00
13827,25.16,14.6,16.04,8.136760395,10.00
13828,25.16,14.6,16.04,17.80422796,10.00
13829,25.16,14.6,16.04,17.36653484,10.00
13830,25.16,14.6,16.04,16.83887157,10.00
13831,25.16,14.6,16.04,12.12462816,10.00
13832,25.16,14.6,16.04,8.483729223,10.00
13833,25.16,14.6,16.04,8.022962755,10.00
13834,25.16,14.6,16.04,14.73843659,10.00
13835,25.16,14.6,16.04,19.52814011,10.00
13836,25.16,14.6,16.04,19.90050806,10.00
13837,25.16,14.6,16.04,26.20887587,10.00
13838,25.16,29.8,35.01,25.18285243,10.00
13839,25.16,29.8,35.01,23.2151281,10.00
13840,25.16,29.8,35.01,19.3869034,10.00
13841,25.16,29.8,35.01,15.72956226,10.00
13842,25.16,29.8,35.01,25.62585544,10.00
13843,25.16,29.8,35.01,24.25104952,10.00
13844,25.16,29.8,35.01,19.75329566,10.00
13845,25.16,29.8,35.01,24.72022566,10.00
13846,25.16,29.8,35.01,14.69402512,10.00
13847,25.16,29.8,35.01,20.1542691,10.00
13848,25.16,29.8,35.01,18.63871434,10.00
13849,25.16,29.8,35.01,18.43303878,10.00
13850,25.16,29.8,35.01,18.42452542,10.00
13851,25.16,29.8,16.04,15.08421513,10.00
13852,25.16,29.8,16.04,9.469364731,10.00
13853,25.16,29.8,16.04,7.74128024,10.00
13854,25.16,29.8,16.04,19.79237479,10.00
13855,25.16,29.8,16.04,14.4767489,10.00
13856,25.16,29.8,16.04,19.32085445,10.00
13857,25.16,29.8,35.01,15.10971038,10.00
13858,25.16,29.8,35.01,11.67138988,10.00
13859,25.16,29.8,35.01,17.24140953,10.00
13860,25.16,29.8,35.01,20.54404408,10.00
13861,25.16,29.8,35.01,13.56886585,10.00
13862,25.16,29.8,35.01,12.96151775,10.00
13863,25.16,29.8,35.01,19.40573787,10.00
13864,25.16,29.8,35.01,15.59037933,10.00
13865,25.16,29.8,35.01,16.66170981,10.00
13866,25.16,29.8,35.01,12.17039625,10.00
13867,25.16,29.8,35.01,23.37068122,10.00
13868,25.16,29.8,35.01,12.02033299,10.00
13869,25.16,29.8,35.01,4.306009391,10.00
13870,25.16,29.8,35.01,12.50005309,10.00
13871,25.16,29.8,35.01,16.60222299,10.00
13872,25.16,14.6,16.04,9.962820637,10.00
13873,25.16,14.6,16.04,8.920020371,10.00
13874,25.16,14.6,16.04,13.30697435,10.00
13875,25.16,14.6,16.04,8.559147044,10.00
13876,25.16,14.6,16.04,18.72846167,10.00
13877,25.16,14.6,16.04,18.26804749,10.00
13878,25.16,14.6,16.04,17.71299274,10.00
13879,25.16,14.6,16.04,12.75402866,10.00
13880,25.16,14.6,16.04,8.92412734,10.00
13881,25.16,14.6,16.04,8.439442065,10.00
13882,25.16,14.6,16.04,15.50352227,10.00
13883,25.16,14.6,16.04,20.54186367,10.00
13884,25.16,14.6,16.04,21.20693654,10.00
13885,25.16,14.6,16.04,27.92943606,10.00
13886,25.16,29.8,35.01,26.83605624,10.00
13887,25.16,29.8,35.01,24.73915475,10.00
13888,25.16,29.8,35.01,20.65961477,10.00
13889,25.16,29.8,35.01,16.7621765,10.00
13890,25.16,29.8,35.01,27.30814151,10.00
13891,25.16,29.8,35.01,25.84308233,10.00
13892,25.16,29.8,35.01,21.05005994,10.00
13893,25.16,29.8,35.01,26.34305895,10.00
13894,25.16,29.8,35.01,15.65865843,10.00
13895,25.16,29.8,35.01,21.47735649,10.00
13896,25.16,29.8,35.01,19.86230859,10.00
13897,25.16,29.8,35.01,19.64313084,10.00
13898,25.16,29.8,35.01,19.63405859,10.00
13899,25.16,29.8,16.04,16.07446363,10.00
13900,25.16,29.8,16.04,10.09100955,10.00
13901,25.16,29.8,16.04,8.249479778,10.00
13902,25.16,29.8,16.04,21.09170454,10.00
13903,25.16,29.8,16.04,15.42711846,10.00
13904,25.16,29.8,16.04,20.58922984,10.00
13905,25.16,29.8,35.01,16.1016326,10.00
13906,25.16,29.8,35.01,12.43759324,10.00
13907,25.16,29.8,35.01,18.37327353,10.00
13908,25.16,29.8,35.01,21.89271941,10.00
13909,25.16,29.8,35.01,14.45963471,10.00
13910,25.16,29.8,35.01,13.81241542,10.00
13911,25.16,29.8,35.01,20.67968568,10.00
13912,25.16,29.8,35.01,16.6138565,10.00
13913,25.16,29.8,35.01,17.75551768,10.00
13914,25.16,29.8,35.01,12.96935838,10.00
13915,25.16,29.8,35.01,24.90491962,10.00
13916,25.16,29.8,35.01,12.64431943,10.00
13917,25.16,29.8,35.01,4.529538264,10.00
13918,25.16,29.8,35.01,13.14894224,10.00
13919,25.16,29.8,35.01,17.46405952,10.00
13920,25.16,14.6,16.04,9.476850455,10.00
13921,25.16,14.6,16.04,8.48491629,10.00
13922,25.16,14.6,16.04,12.65788179,10.00
13923,25.16,14.6,16.04,8.141645777,10.00
13924,25.16,14.6,16.04,17.81491778,10.00
13925,25.16,14.6,16.04,17.37696186,10.00
13926,25.16,14.6,16.04,16.84898177,10.00
13927,25.16,14.6,16.04,12.13190789,10.00
13928,25.16,14.6,16.04,8.488822928,10.00
13929,25.16,14.6,16.04,8.027779811,10.00
13930,25.16,14.6,16.04,14.74728568,10.00
13931,25.16,14.6,16.04,19.53986498,10.00
13932,25.16,14.6,16.04,19.91561839,10.00
13933,25.16,14.6,16.04,26.2287761,10.00
13934,25.16,29.8,35.01,25.20197361,10.00
13935,25.16,29.8,35.01,23.2327552,10.00
13936,25.16,29.8,35.01,19.40162376,10.00
13937,25.16,29.8,35.01,15.74150561,10.00
13938,25.16,29.8,35.01,25.64531299,10.00
13939,25.16,29.8,35.01,24.26946319,10.00
13940,25.16,29.8,35.01,19.76829421,10.00
13941,25.16,29.8,35.01,24.73899557,10.00
13942,25.16,29.8,35.01,14.7051822,10.00
13943,25.16,29.8,35.01,20.16957211,10.00
13944,25.16,29.8,35.01,18.6528666,10.00
13945,25.16,29.8,35.01,18.44703487,10.00
13946,25.16,29.8,35.01,18.43851504,10.00
13947,25.16,29.8,16.04,15.09566847,10.00
13948,25.16,29.8,16.04,9.47655476,10.00
13949,25.16,29.8,16.04,7.747158145,10.00
13950,25.16,29.8,16.04,19.80740301,10.00
13951,25.16,29.8,16.04,14.487741,10.00
13952,25.16,29.8,16.04,19.33552465,10.00
13953,25.16,29.8,35.01,15.12118309,10.00
13954,25.16,29.8,35.01,11.68025189,10.00
13955,25.16,29.8,35.01,17.25450083,10.00
13956,25.16,29.8,35.01,20.55964304,10.00
13957,25.16,29.8,35.01,13.57916861,10.00
13958,25.16,29.8,35.01,12.97135935,10.00
13959,25.16,29.8,35.01,19.42047252,10.00
13960,25.16,29.8,35.01,15.60221701,10.00
13961,25.16,29.8,35.01,16.67436094,10.00
13962,25.16,29.8,35.01,12.17963715,10.00
13963,25.16,29.8,35.01,23.38842643,10.00
13964,25.16,29.8,35.01,12.0275501,10.00
13965,25.16,29.8,35.01,4.308594756,10.00
13966,25.16,29.8,35.01,12.50755823,10.00
13967,25.16,29.8,35.01,16.61219111,10.00
13968,25.16,14.6,16.04,9.446092854,10.00
13969,25.16,14.6,16.04,8.457378062,10.00
13970,25.16,14.6,16.04,12.61679999,10.00
13971,25.16,14.6,16.04,8.115221651,10.00
13972,25.16,14.6,16.04,17.75709855,10.00
13973,25.16,14.6,16.04,17.32056404,10.00
13974,25.16,14.6,16.04,16.79429755,10.00
13975,25.16,14.6,16.04,12.09253317,10.00
13976,25.16,14.6,16.04,8.46127202,10.00
13977,25.16,14.6,16.04,8.001725243,10.00
13978,25.16,14.6,16.04,14.69942261,10.00
13979,25.16,14.6,16.04,19.47644735,10.00
13980,25.16,14.6,16.04,19.83388941,10.00
13981,25.16,14.6,16.04,26.12113942,10.00
13982,25.16,29.8,35.01,25.09855068,10.00
13983,25.16,29.8,35.01,23.13741347,10.00
13984,25.16,29.8,35.01,19.32200409,10.00
13985,25.16,29.8,35.01,15.6769062,10.00
13986,25.16,29.8,35.01,25.5400707,10.00
13987,25.16,29.8,35.01,24.16986706,10.00
13988,25.16,29.8,35.01,19.68716981,10.00
13989,25.16,29.8,35.01,24.63747259,10.00
13990,25.16,29.8,35.01,14.64483562,10.00
13991,25.16,29.8,35.01,20.08680096,10.00
13992,25.16,29.8,35.01,18.57631965,10.00
13993,25.16,29.8,35.01,18.3713326,10.00
13994,25.16,29.8,35.01,18.36284774,10.00
13995,25.16,29.8,16.04,15.03371943,10.00
13996,25.16,29.8,16.04,9.437665223,10.00
13997,25.16,29.8,16.04,7.715365642,10.00
13998,25.16,29.8,16.04,19.72611812,10.00
13999,25.16,29.8,16.04,14.42828674,10.00
14000,25.16,29.8,16.04,19.25617624,10.00
14001,25.16,29.8,35.01,15.05912933,10.00
14002,25.16,29.8,35.01,11.6323189,10.00
14003,25.16,29.8,35.01,17.18369244,10.00
14004,25.16,29.8,35.01,20.47527114,10.00
14005,25.16,29.8,35.01,13.52344291,10.00
14006,25.16,29.8,35.01,12.91812796,10.00
14007,25.16,29.8,35.01,19.3407755,10.00
14008,25.16,29.8,35.01,15.5381892,10.00
14009,25.16,29.8,35.01,16.60593332,10.00
14010,25.16,29.8,35.01,12.12965481,10.00
14011,25.16,29.8,35.01,23.29244586,10.00
14012,25.16,29.8,35.01,11.98851407,10.00
14013,25.16,29.8,35.01,4.294610993,10.00
14014,25.16,29.8,35.01,12.46696432,10.00
14015,25.16,29.8,35.01,16.5582754,10.00
14016,25.16,14.6,16.04,10.13405321,10.00
14017,25.16,14.6,16.04,9.073330173,10.00
14018,25.16,14.6,16.04,13.53568343,10.00
14019,25.16,14.6,16.04,8.706254459,10.00
14020,25.16,14.6,16.04,19.0503507,10.00
14021,25.16,14.6,16.04,18.58202331,10.00
14022,25.16,14.6,16.04,18.01742875,10.00
14023,25.16,14.6,16.04,12.97323417,10.00
14024,25.16,14.6,16.04,9.077507729,10.00
14025,25.16,14.6,16.04,8.584492091,10.00
14026,25.16,14.6,16.04,15.76998376,10.00
14027,25.16,14.6,16.04,20.89491993,10.00
14028,25.16,14.6,16.04,21.6619351,10.00
14029,25.16,14.6,16.04,28.52866703,10.00
14030,25.16,29.8,35.01,27.41182855,10.00
14031,25.16,29.8,35.01,25.26993767,10.00
14032,25.16,29.8,35.01,21.10287044,10.00
14033,25.16,29.8,35.01,17.12181195,10.00
14034,25.16,29.8,35.01,27.89404249,10.00
14035,25.16,29.8,35.01,26.39755022,10.00
14036,25.16,29.8,35.01,21.50169268,10.00
14037,25.16,29.8,35.01,26.90825392,10.00
14038,25.16,29.8,35.01,15.99461771,10.00
14039,25.16,29.8,35.01,21.93815696,10.00
14040,25.16,29.8,35.01,20.28845792,10.00
14041,25.16,29.8,35.01,20.06457767,10.00
14042,25.16,29.8,35.01,20.05531078,10.00
14043,25.16,29.8,16.04,16.41934407,10.00
14044,25.16,29.8,16.04,10.30751394,10.00
14045,25.16,29.8,16.04,8.426473819,10.00
14046,25.16,29.8,16.04,21.54423077,10.00
14047,25.16,29.8,16.04,15.75811,10.00
14048,25.16,29.8,16.04,21.03097539,10.00
14049,25.16,29.8,35.01,16.44709596,10.00
14050,25.16,29.8,35.01,12.70444399,10.00
14051,25.16,29.8,35.01,18.76747535,10.00
14052,25.16,29.8,35.01,22.36243156,10.00
14053,25.16,29.8,35.01,14.76986872,10.00
14054,25.16,29.8,35.01,14.10876322,10.00
14055,25.16,29.8,35.01,21.12337198,10.00
14056,25.16,29.8,35.01,16.97030972,10.00
14057,25.16,29.8,35.01,18.13646544,10.00
14058,25.16,29.8,35.01,13.24761825,10.00
14059,25.16,29.8,35.01,25.43925905,10.00
14060,25.16,29.8,35.01,12.86163935,10.00
14061,25.16,29.8,35.01,4.607388154,10.00
14062,25.16,29.8,35.01,13.3749352,10.00
14063,25.16,29.8,35.01,17.76421707,10.00
14064,25.16,14.6,16.04,9.763076454,10.00
14065,25.16,14.6,16.04,8.741183249,10.00
14066,25.16,14.6,16.04,13.04018337,10.00
14067,25.16,14.6,16.04,8.387545056,10.00
14068,25.16,14.6,16.04,18.35297551,10.00
14069,25.16,14.6,16.04,17.90179216,10.00
14070,25.16,14.6,16.04,17.35786568,10.00
14071,25.16,14.6,16.04,12.49832366,10.00
14072,25.16,14.6,16.04,8.745207877,10.00
14073,25.16,14.6,16.04,8.270240037,10.00
14074,25.16,14.6,16.04,15.19269279,10.00
14075,25.16,14.6,16.04,20.13002068,10.00
14076,25.16,14.6,16.04,20.67617705,10.00
14077,25.16,14.6,16.04,27.23042829,10.00
14078,25.16,29.8,35.01,26.16441318,10.00
14079,25.16,29.8,35.01,24.11999218,10.00
14080,25.16,29.8,35.01,20.14255344,10.00
14081,25.16,29.8,35.01,16.34265885,10.00
14082,25.16,29.8,35.01,26.62468327,10.00
14083,25.16,29.8,35.01,25.19629107,10.00
14084,25.16,29.8,35.01,20.52322669,10.00
14085,25.16,29.8,35.01,25.68375445,10.00
14086,25.16,29.8,35.01,15.26675922,10.00
14087,25.16,29.8,35.01,20.93982902,10.00
14088,25.16,29.8,35.01,19.36520196,10.00
14089,25.16,29.8,35.01,19.15150971,10.00
14090,25.16,29.8,35.01,19.14266452,10.00
14091,25.16,29.8,16.04,15.6721578,10.00
14092,25.16,29.8,16.04,9.838455436,10.00
14093,25.16,29.8,16.04,8.043014798,10.00
14094,25.16,29.8,16.04,20.56382902,10.00
14095,25.16,29.8,16.04,15.04101415,10.00
14096,25.16,29.8,16.04,20.07393008,10.00
14097,25.16,29.8,35.01,15.69864679,10.00
14098,25.16,29.8,35.01,12.12630968,10.00
14099,25.16,29.8,35.01,17.91343392,10.00
14100,25.16,29.8,35.01,21.34479639,10.00
14101,25.16,29.8,35.01,14.09774423,10.00
14102,25.16,29.8,35.01,13.46672331,10.00
14103,25.16,29.8,35.01,20.16212203,10.00
14104,25.16,29.8,35.01,16.19805094,10.00
14105,25.16,29.8,35.01,17.31113904,10.00
14106,25.16,29.8,35.01,12.64476599,10.00
14107,25.16,29.8,35.01,24.28160834,10.00
14108,25.16,29.8,35.01,12.39081399,10.00
14109,25.16,29.8,35.01,4.438725737,10.00
14110,25.16,29.8,35.01,12.88531964,10.00
14111,25.16,29.8,35.01,17.11392331,10.00
14112,25.16,14.6,16.04,9.622348093,10.00
14113,25.16,14.6,16.04,8.615184809,10.00
14114,25.16,14.6,16.04,12.85221766,10.00
14115,25.16,14.6,16.04,8.26664408,10.00
14116,25.16,14.6,16.04,18.08842937,10.00
14117,25.16,14.6,16.04,17.64374953,10.00
14118,25.16,14.6,16.04,17.1076634,10.00
14119,25.16,14.6,16.04,12.3181685,10.00
14120,25.16,14.6,16.04,8.619151425,10.00
14121,25.16,14.6,16.04,8.151029936,10.00
14122,25.16,14.6,16.04,14.97370006,10.00
14123,25.16,14.6,16.04,19.8398596,10.00
14124,25.16,14.6,16.04,20.30223417,10.00
14125,25.16,14.6,16.04,26.73794727,10.00
14126,25.16,29.8,35.01,25.69121178,10.00
14127,25.16,29.8,35.01,23.68376553,10.00
14128,25.16,29.8,35.01,19.77826152,10.00
14129,25.16,29.8,35.01,16.04709063,10.00
14130,25.16,29.8,35.01,26.14315757,10.00
14131,25.16,29.8,35.01,24.74059882,10.00
14132,25.16,29.8,35.01,20.15205003,10.00
14133,25.16,29.8,35.01,25.21924609,10.00
14134,25.16,29.8,35.01,14.99064939,10.00
14135,25.16,29.8,35.01,20.56111782,10.00
14136,25.16,29.8,35.01,19.01496896,10.00
14137,25.16,29.8,35.01,18.80514149,10.00
14138,25.16,29.8,35.01,18.79645627,10.00
14139,25.16,29.8,16.04,15.38871605,10.00
14140,25.16,29.8,16.04,9.660520206,10.00
14141,25.16,29.8,16.04,7.897551345,10.00
14142,25.16,29.8,16.04,20.19191804,10.00
14143,25.16,29.8,16.04,14.76898707,10.00
14144,25.16,29.8,16.04,19.71087925,10.00
14145,25.16,29.8,35.01,15.41472597,10.00
14146,25.16,29.8,35.01,11.90699703,10.00
14147,25.16,29.8,35.01,17.58945715,10.00
14148,25.16,29.8,35.01,20.95876107,10.00
14149,25.16,29.8,35.01,13.84277683,10.00
14150,25.16,29.8,35.01,13.22316836,10.00
14151,25.16,29.8,35.01,19.79747619,10.00
14152,25.16,29.8,35.01,15.90509805,10.00
14153,25.16,29.8,35.01,16.99805519,10.00
14154,25.16,29.8,35.01,12.41607671,10.00
14155,25.16,29.8,35.01,23.84245876,10.00
14156,25.16,29.8,35.01,12.21220851,10.00
14157,25.16,29.8,35.01,4.374744408,10.00
14158,25.16,29.8,35.01,12.69958619,10.00
14159,25.16,29.8,35.01,16.86723729,10.00
14160,25.16,14.6,16.04,9.894194597,10.00
14161,25.16,14.6,16.04,8.858577363,10.00
14162,25.16,14.6,16.04,13.21531307,10.00
14163,25.16,14.6,16.04,8.500189808,10.00
14164,25.16,14.6,16.04,18.59945602,10.00
14165,25.16,14.6,16.04,18.14221327,10.00
14166,25.16,14.6,16.04,17.59098186,10.00
14167,25.16,14.6,16.04,12.66617618,10.00
14168,25.16,14.6,16.04,8.862656042,10.00
14169,25.16,14.6,16.04,8.381309383,10.00
14170,25.16,14.6,16.04,15.39673069,10.00
14171,25.16,14.6,16.04,20.40036691,10.00
14172,25.16,14.6,16.04,21.02458369,10.00
14173,25.16,14.6,16.04,27.6892782,10.00
14174,25.16,29.8,35.01,26.60530006,10.00
14175,25.16,29.8,35.01,24.52642927,10.00
14176,25.16,29.8,35.01,20.48196819,10.00
14177,25.16,29.8,35.01,16.61804297,10.00
14178,25.16,29.8,35.01,27.073326,10.00
14179,25.16,29.8,35.01,25.62086448,10.00
14180,25.16,29.8,35.01,20.86905602,10.00
14181,25.16,29.8,35.01,26.11654193,10.00
14182,25.16,29.8,35.01,15.52401376,10.00
14183,25.16,29.8,35.01,21.29267836,10.00
14184,25.16,29.8,35.01,19.69151784,10.00
14185,25.16,29.8,35.01,19.47422474,10.00
14186,25.16,29.8,35.01,19.4652305,10.00
14187,25.16,29.8,16.04,15.93624355,10.00
14188,25.16,29.8,16.04,10.00423962,10.00
14189,25.16,29.8,16.04,8.178544676,10.00
14190,25.16,29.8,16.04,20.91034253,10.00
14191,25.16,29.8,16.04,15.29446473,10.00
14192,25.16,29.8,16.04,20.41218848,10.00
14193,25.16,29.8,35.01,15.9631789,10.00
14194,25.16,29.8,35.01,12.33064565,10.00
14195,25.16,29.8,35.01,18.21528659,10.00
14196,25.16,29.8,35.01,21.70446969,10.00
14197,25.16,29.8,35.01,14.33530012,10.00
14198,25.16,29.8,35.01,13.6936461,10.00
14199,25.16,29.8,35.01,20.50186652,10.00
14200,25.16,29.8,35.01,16.47099833,10.00
14201,25.16,29.8,35.01,17.60284266,10.00
14202,25.16,29.8,35.01,12.85783828,10.00
14203,25.16,29.8,35.01,24.69076878,10.00
14204,25.16,29.8,35.01,12.55722265,10.00
14205,25.16,29.8,35.01,4.498337835,10.00
14206,25.16,29.8,35.01,13.05836952,10.00
14207,25.16,29.8,35.01,17.34376334,10.00
14208,25.16,14.6,16.04,9.449104336,10.00
14209,25.16,14.6,16.04,8.460074335,10.00
14210,25.16,14.6,16.04,12.62082232,10.00
14211,25.16,14.6,16.04,8.117808841,10.00
14212,25.16,14.6,16.04,17.76275964,10.00
14213,25.16,14.6,16.04,17.32608596,10.00
14214,25.16,14.6,16.04,16.79965169,10.00
14215,25.16,14.6,16.04,12.09638835,10.00
14216,25.16,14.6,16.04,8.463969535,10.00
14217,25.16,14.6,16.04,8.004276251,10.00
14218,25.16,14.6,16.04,14.70410889,10.00
14219,25.16,14.6,16.04,19.48265658,10.00
14220,25.16,14.6,16.04,19.84189151,10.00
14221,25.16,14.6,16.04,26.13167814,10.00
14222,25.16,29.8,35.01,25.10867683,10.00
14223,25.16,29.8,35.01,23.1467484,10.00
14224,25.16,29.8,35.01,19.32979966,10.00
14225,25.16,29.8,35.01,15.68323114,10.00
14226,25.16,29.8,35.01,25.55037499,10.00
14227,25.16,29.8,35.01,24.17961853,10.00
14228,25.16,29.8,35.01,19.69511271,10.00
14229,25.16,29.8,35.01,24.64741272,10.00
14230,25.16,29.8,35.01,14.65074416,10.00
14231,25.16,29.8,35.01,20.0949051,10.00
14232,25.16,29.8,35.01,18.58381437,10.00
14233,25.16,29.8,35.01,18.37874462,10.00
14234,25.16,29.8,35.01,18.37025634,10.00
14235,25.16,29.8,16.04,15.03978487,10.00
14236,25.16,29.8,16.04,9.441472905,10.00
14237,25.16,29.8,16.04,7.718478452,10.00
14238,25.16,29.8,16.04,19.73407674,10.00
14239,25.16,29.8,16.04,14.43410792,10.00
14240,25.16,29.8,16.04,19.26394526,10.00
14241,25.16,29.8,35.01,15.06520503,10.00
14242,25.16,29.8,35.01,11.63701203,10.00
14243,25.16,29.8,35.01,17.1906253,10.00
14244,25.16,29.8,35.01,20.483532,10.00
14245,25.16,29.8,35.01,13.52889903,10.00
14246,25.16,29.8,35.01,12.92333985,10.00
14247,25.16,29.8,35.01,19.34857865,10.00
14248,25.16,29.8,35.01,15.54445818,10.00
14249,25.16,29.8,35.01,16.61263308,10.00
14250,25.16,29.8,35.01,12.13454859,10.00
14251,25.16,29.8,35.01,23.30184334,10.00
14252,25.16,29.8,35.01,11.9923361,10.00
14253,25.16,29.8,35.01,4.295980145,10.00
14254,25.16,29.8,35.01,12.47093887,10.00
14255,25.16,29.8,35.01,16.56355429,10.00
14256,25.16,14.6,16.04,9.861490223,10.00
14257,25.16,14.6,16.04,8.829296129,10.00
14258,25.16,14.6,16.04,13.17163103,10.00
14259,25.16,14.6,16.04,8.472093192,10.00
14260,25.16,14.6,16.04,18.53797718,10.00
14261,25.16,14.6,16.04,18.08224581,10.00
14262,25.16,14.6,16.04,17.53283644,10.00
14263,25.16,14.6,16.04,12.62430927,10.00
14264,25.16,14.6,16.04,8.833361326,10.00
14265,25.16,14.6,16.04,8.353605715,10.00
14266,25.16,14.6,16.04,15.34583818,10.00
14267,25.16,14.6,16.04,20.33293533,10.00
14268,25.16,14.6,16.04,20.93768175,10.00
14269,25.16,14.6,16.04,27.57482875,10.00
14270,25.16,29.8,35.01,26.49533107,10.00
14271,25.16,29.8,35.01,24.42505298,10.00
14272,25.16,29.8,35.01,20.39730907,10.00
14273,25.16,29.8,35.01,16.5493548,10.00
14274,25.16,29.8,35.01,26.9614225,10.00
14275,25.16,29.8,35.01,25.51496451,10.00
14276,25.16,29.8,35.01,20.78279693,10.00
14277,25.16,29.8,35.01,26.00859315,10.00
14278,25.16,29.8,35.01,15.45984759,10.00
14279,25.16,29.8,35.01,21.20466829,10.00
14280,25.16,29.8,35.01,19.61012592,10.00
14281,25.16,29.8,35.01,19.39373097,10.00
14282,25.16,29.8,35.01,19.38477391,10.00
14283,25.16,29.8,16.04,15.8703735,10.00
14284,25.16,29.8,16.04,9.96288861,10.00
14285,25.16,29.8,16.04,8.144739897,10.00
14286,25.16,29.8,16.04,20.82391279,10.00
14287,25.16,29.8,16.04,15.23124737,10.00
14288,25.16,29.8,16.04,20.32781778,10.00
14289,25.16,29.8,35.01,15.89719751,10.00
14290,25.16,29.8,35.01,12.27967879,10.00
14291,25.16,29.8,35.01,18.13999646,10.00
14292,25.16,29.8,35.01,21.61475754,10.00
14293,25.16,29.8,35.01,14.27604733,10.00
14294,25.16,29.8,35.01,13.63704548,10.00
14295,25.16,29.8,35.01,20.41712515,10.00
14296,25.16,29.8,35.01,16.40291794,10.00
14297,25.16,29.8,35.01,17.53008397,10.00
14298,25.16,29.8,35.01,12.80469235,10.00
14299,25.16,29.8,35.01,24.58871321,10.00
14300,25.16,29.8,35.01,12.51571588,10.00
14301,25.16,29.8,35.01,4.483468982,10.00
14302,25.16,29.8,35.01,13.01520625,10.00
14303,25.16,29.8,35.01,17.28643509,10.00
14304,25.16,14.6,16.04,10.38741162,10.00
14305,25.16,14.6,16.04,9.300169763,10.00
14306,25.16,14.6,16.04,13.87408496,10.00
14307,25.16,14.6,16.04,8.923916899,10.00
14308,25.16,14.6,16.04,19.52662277,10.00
14309,25.16,14.6,16.04,19.04658687,10.00
14310,25.16,14.6,16.04,18.46787705,10.00
14311,25.16,14.6,16.04,13.29757408,10.00
14312,25.16,14.6,16.04,9.30445176,10.00
14313,25.16,14.6,16.04,8.799110387,10.00
14314,25.16,14.6,16.04,16.16424436,10.00
14315,25.16,14.6,16.04,21.41730751,10.00
14316,25.16,14.6,16.04,22.33515811,10.00
14317,25.16,14.6,16.04,29.41529858,10.00
14318,25.16,29.8,35.01,28.2637503,10.00
14319,25.16,29.8,35.01,26.05529241,10.00
14320,25.16,29.8,35.01,21.7587185,10.00
14321,25.16,29.8,35.01,17.65393421,10.00
14322,25.16,29.8,35.01,28.76095079,10.00
14323,25.16,29.8,35.01,27.2179496,10.00
14324,25.16,29.8,35.01,22.16993558,10.00
14325,25.16,29.8,35.01,27.74452527,10.00
14326,25.16,29.8,35.01,16.49170833,10.00
14327,25.16,29.8,35.01,22.61996456,10.00
14328,25.16,29.8,35.01,20.91899516,10.00
14329,25.16,29.8,35.01,20.68815702,10.00
14330,25.16,29.8,35.01,20.67860213,10.00
14331,25.16,29.8,16.04,16.9296346,10.00
14332,25.16,29.8,16.04,10.62785723,10.00
14333,25.16,29.8,16.04,8.688356982,10.00
14334,25.16,29.8,16.04,22.21379569,10.00
14335,25.16,29.8,16.04,16.24785029,10.00
14336,25.16,29.8,16.04,21.68458904,10.00
14337,25.16,29.8,35.01,16.95824897,10.00
14338,25.16,29.8,35.01,13.09928056,10.00
14339,25.16,29.8,35.01,19.35074255,10.00
14340,25.16,29.8,35.01,23.05742504,10.00
14341,25.16,29.8,35.01,15.22889583,10.00
14342,25.16,29.8,35.01,14.54724409,10.00
14343,25.16,29.8,35.01,21.77985719,10.00
14344,25.16,29.8,35.01,17.49772349,10.00
14345,25.16,29.8,35.01,18.70012173,10.00
14346,25.16,29.8,35.01,13.65933592,10.00
14347,25.16,29.8,35.01,26.22987607,10.00
14348,25.16,29.8,35.01,13.18318931,10.00
14349,25.16,29.8,35.01,4.722576075,10.00
14350,25.16,29.8,35.01,13.70931791,10.00
14351,25.16,29.8,35.01,18.2083349,10.00
14352,25.16,14.6,16.04,9.964627056,10.00
14353,25.16,14.6,16.04,8.921637714,10.00
14354,25.16,14.6,16.04,13.30938712,10.00
14355,25.16,14.6,16.04,8.560698955,10.00
14356,25.16,14.6,16.04,18.73185744,10.00
14357,25.16,14.6,16.04,18.27135978,10.00
14358,25.16,14.6,16.04,17.71620439,10.00
14359,25.16,14.6,16.04,12.75634117,10.00
14360,25.16,14.6,16.04,8.925745427,10.00
14361,25.16,14.6,16.04,8.440972271,10.00
14362,25.16,14.6,16.04,15.50633331,10.00
14363,25.16,14.6,16.04,20.54558823,10.00
14364,25.16,14.6,16.04,21.21173655,10.00
14365,25.16,14.6,16.04,27.93575765,10.00
14366,25.16,29.8,35.01,26.84213035,10.00
14367,25.16,29.8,35.01,24.74475424,10.00
14368,25.16,29.8,35.01,20.6642909,10.00
14369,25.16,29.8,35.01,16.76597048,10.00
14370,25.16,29.8,35.01,27.31432247,10.00
14371,25.16,29.8,35.01,25.8489317,10.00
14372,25.16,29.8,35.01,21.05482444,10.00
14373,25.16,29.8,35.01,26.34902147,10.00
14374,25.16,29.8,35.01,15.66220264,10.00
14375,25.16,29.8,35.01,21.48221771,10.00
14376,25.16,29.8,35.01,19.86680426,10.00
14377,25.16,29.8,35.01,19.6475769,10.00
14378,25.16,29.8,35.01,19.6385026,10.00
14379,25.16,29.8,16.04,16.07810195,10.00
14380,25.16,29.8,16.04,10.09329357,10.00
14381,25.16,29.8,16.04,8.251346977,10.00
14382,25.16,29.8,16.04,21.09647846,10.00
14383,25.16,29.8,16.04,15.43061026,10.00
14384,25.16,29.8,16.04,20.59389003,10.00
14385,25.16,29.8,35.01,16.10527706,10.00
14386,25.16,29.8,35.01,12.44040838,10.00
14387,25.16,29.8,35.01,18.37743216,10.00
14388,25.16,29.8,35.01,21.89767464,10.00
14389,25.16,29.8,35.01,14.46290753,10.00
14390,25.16,29.8,35.01,13.81554174,10.00
14391,25.16,29.8,35.01,20.68436635,10.00
14392,25.16,29.8,35.01,16.6176169,10.00
14393,25.16,29.8,35.01,17.75953649,10.00
14394,25.16,29.8,35.01,12.97229388,10.00
14395,25.16,29.8,35.01,24.91055663,10.00
14396,25.16,29.8,35.01,12.64661205,10.00
14397,25.16,29.8,35.01,4.530359541,10.00
14398,25.16,29.8,35.01,13.15132636,10.00
14399,25.16,29.8,35.01,17.46722603,10.00
14400,25.16,14.6,16.04,9.632320858,10.00
14401,25.16,14.6,16.04,8.624113733,10.00
14402,25.16,14.6,16.04,12.86553791,10.00
14403,25.16,14.6,16.04,8.275211771,10.00
14404,25.16,14.6,16.04,18.10717653,10.00
14405,25.16,14.6,16.04,17.66203581,10.00
14406,25.16,14.6,16.04,17.12539407,10.00
14407,25.16,14.6,16.04,12.33093526,10.00
14408,25.16,14.6,16.04,8.628084461,10.00
14409,25.16,14.6,16.04,8.159477802,10.00
14410,25.16,14.6,16.04,14.98921905,10.00
14411,25.16,14.6,16.04,19.86042197,10.00
14412,25.16,14.6,16.04,20.32873377,10.00
14413,25.16,14.6,16.04,26.77284712,10.00
14414,25.16,29.8,35.01,25.72474536,10.00
14415,25.16,29.8,35.01,23.71467889,10.00
14416,25.16,29.8,35.01,19.80407719,10.00
14417,25.16,29.8,35.01,16.06803617,10.00
14418,25.16,29.8,35.01,26.17728106,10.00
14419,25.16,29.8,35.01,24.77289161,10.00
14420,25.16,29.8,35.01,20.1783536,10.00
14421,25.16,29.8,35.01,25.25216364,10.00
14422,25.16,29.8,35.01,15.01021601,10.00
14423,25.16,29.8,35.01,20.58795532,10.00
14424,25.16,29.8,35.01,19.03978835,10.00
14425,25.16,29.8,35.01,18.82968699,10.00
14426,25.16,29.8,35.01,18.82099044,10.00
14427,25.16,29.8,16.04,15.40880225,10.00
14428,25.16,29.8,16.04,9.673129649,10.00
14429,25.16,29.8,16.04,7.907859664,10.00
14430,25.16,29.8,16.04,20.21827364,10.00
14431,25.16,29.8,16.04,14.78826436,10.00
14432,25.16,29.8,16.04,19.73660698,10.00
14433,25.16,29.8,35.01,15.43484612,10.00
14434,25.16,29.8,35.01,11.9225387,10.00
14435,25.16,29.8,35.01,17.61241588,10.00
14436,25.16,29.8,35.01,20.9861176,10.00
14437,25.16,29.8,35.01,13.86084519,10.00
14438,25.16,29.8,35.01,13.24042797,10.00
14439,25.16,29.8,35.01,19.82331695,10.00
14440,25.16,29.8,35.01,15.92585826,10.00
14441,25.16,29.8,35.01,17.02024199,10.00
14442,25.16,29.8,35.01,12.43228285,10.00
14443,25.16,29.8,35.01,23.87357925,10.00
14444,25.16,29.8,35.01,12.22486545,10.00
14445,25.16,29.8,35.01,4.379278468,10.00
14446,25.16,29.8,35.01,12.71274825,10.00
14447,25.16,29.8,35.01,16.88471879,10.00
14448,25.16,14.6,16.04,9.923032403,10.00
14449,25.16,14.6,16.04,8.88439674,10.00
14450,25.16,14.6,16.04,13.25383067,10.00
14451,25.16,14.6,16.04,8.524964622,10.00
14452,25.16,14.6,16.04,18.65366634,10.00
14453,25.16,14.6,16.04,18.19509091,10.00
14454,25.16,14.6,16.04,17.64225287,10.00
14455,25.16,14.6,16.04,12.70309326,10.00
14456,25.16,14.6,16.04,8.888487307,10.00
14457,25.16,14.6,16.04,8.405737705,10.00
14458,25.16,14.6,16.04,15.44160629,10.00
14459,25.16,14.6,16.04,20.45982621,10.00
14460,25.16,14.6,16.04,21.1012114,10.00
14461,25.16,14.6,16.04,27.79019654,10.00
14462,25.16,29.8,35.01,26.70226766,10.00
14463,25.16,29.8,35.01,24.61582007,10.00
14464,25.16,29.8,35.01,20.55661824,10.00
14465,25.16,29.8,35.01,16.67861028,10.00
14466,25.16,29.8,35.01,27.17199939,10.00
14467,25.16,29.8,35.01,25.71424413,10.00
14468,25.16,29.8,35.01,20.94511689,10.00
14469,25.16,29.8,35.01,26.21172816,10.00
14470,25.16,29.8,35.01,15.5805937,10.00
14471,25.16,29.8,35.01,21.37028319,10.00
14472,25.16,29.8,35.01,19.76328696,10.00
14473,25.16,29.8,35.01,19.5452019,10.00
14474,25.16,29.8,35.01,19.53617488,10.00
14475,25.16,29.8,16.04,15.99432593,10.00
14476,25.16,29.8,16.04,10.0407018,10.00
14477,25.16,29.8,16.04,8.208352789,10.00
14478,25.16,29.8,16.04,20.98655387,10.00
14479,25.16,29.8,16.04,15.35020804,10.00
14480,25.16,29.8,16.04,20.48658421,10.00
14481,25.16,29.8,35.01,16.02135945,10.00
14482,25.16,29.8,35.01,12.37558681,10.00
14483,25.16,29.8,35.01,18.28167534,10.00
14484,25.16,29.8,35.01,21.78357536,10.00
14485,25.16,29.8,35.01,14.38754759,10.00
14486,25.16,29.8,35.01,13.74355495,10.00
14487,25.16,29.8,35.01,20.57658909,10.00
14488,25.16,29.8,35.01,16.53102971,10.00
14489,25.16,29.8,35.01,17.66699925,10.00
14490,25.16,29.8,35.01,12.90470089,10.00
14491,25.16,29.8,35.01,24.78075853,10.00
14492,25.16,29.8,35.01,12.59382217,10.00
14493,25.16,29.8,35.01,4.511448776,10.00
14494,25.16,29.8,35.01,13.09642969,10.00
14495,25.16,29.8,35.01,17.3943138,10.00
14496,25.16,14.6,16.04,9.902211974,10.00
14497,25.16,14.6,16.04,8.865755568,10.00
14498,25.16,14.6,16.04,13.22602158,10.00
14499,25.16,14.6,16.04,8.507077608,10.00
14500,25.16,14.6,16.04,18.61452737,10.00
14501,25.16,14.6,16.04,18.15691411,10.00
14502,25.16,14.6,16.04,17.60523603,10.00
14503,25.16,14.6,16.04,12.67643973,10.00
14504,25.16,14.6,16.04,8.869837552,10.00
14505,25.16,14.6,16.04,8.388100852,10.00
14506,25.16,14.6,16.04,15.40920683,10.00
14507,25.16,14.6,16.04,20.41689756,10.00
14508,25.16,14.6,16.04,21.04588743,10.00
14509,25.16,14.6,16.04,27.71733513,10.00
14510,25.16,29.8,35.01,26.63225862,10.00
14511,25.16,29.8,35.01,24.55128136,10.00
14512,25.16,29.8,35.01,20.50272211,10.00
14513,25.16,29.8,35.01,16.63488166,10.00
14514,25.16,29.8,35.01,27.1007588,10.00
14515,25.16,29.8,35.01,25.64682554,10.00
14516,25.16,29.8,35.01,20.89020218,10.00
14517,25.16,29.8,35.01,26.14300524,10.00
14518,25.16,29.8,35.01,15.5397439,10.00
14519,25.16,29.8,35.01,21.31425376,10.00
14520,25.16,29.8,35.01,19.71147081,10.00
14521,25.16,29.8,35.01,19.49395754,10.00
14522,25.16,29.8,35.01,19.48495419,10.00
14523,25.16,29.8,16.04,15.95239139,10.00
14524,25.16,29.8,16.04,10.0143767,10.00
14525,25.16,29.8,16.04,8.186831814,10.00
14526,25.16,29.8,16.04,20.93153051,10.00
14527,25.16,29.8,16.04,15.30996228,10.00
14528,25.16,29.8,16.04,20.43287169,10.00
14529,25.16,29.8,35.01,15.97935404,10.00
14530,25.16,29.8,35.01,12.34314002,10.00
14531,25.16,29.8,35.01,18.23374374,10.00
14532,25.16,29.8,35.01,21.72646235,10.00
14533,25.16,29.8,35.01,14.34982577,10.00
14534,25.16,29.8,35.01,13.70752157,10.00
14535,25.16,29.8,35.01,20.5226406,10.00
14536,25.16,29.8,35.01,16.48768802,10.00
14537,25.16,29.8,35.01,17.62067924,10.00
14538,25.16,29.8,35.01,12.87086685,10.00
14539,25.16,29.8,35.01,24.71578739,10.00
14540,25.16,29.8,35.01,12.56739791,10.00
14541,25.16,29.8,35.01,4.501982889,10.00
14542,25.16,29.8,35.01,13.06895086,10.00
14543,25.16,29.8,35.01,17.35781719,10.00
14544,25.16,14.6,16.04,10.54209194,10.00
14545,25.16,14.6,16.04,9.438659821,10.00
14546,25.16,14.6,16.04,14.0806858,10.00
14547,25.16,14.6,16.04,9.056804126,10.00
14548,25.16,14.6,16.04,19.81739629,10.00
14549,25.16,14.6,16.04,19.33021212,10.00
14550,25.16,14.6,16.04,18.74288465,10.00
14551,25.16,14.6,16.04,13.49559002,10.00
14552,25.16,14.6,16.04,9.443005583,10.00
14553,25.16,14.6,16.04,8.930139104,10.00
14554,25.16,14.6,16.04,16.40494827,10.00
14555,25.16,14.6,16.04,21.73623547,10.00
14556,25.16,14.6,16.04,22.74617408,10.00
14557,25.16,14.6,16.04,29.95660469,10.00
14558,25.16,29.8,35.01,28.78386539,10.00
14559,25.16,29.8,35.01,26.53476703,10.00
14560,25.16,29.8,35.01,22.15912671,10.00
14561,25.16,29.8,35.01,17.97880538,10.00
14562,25.16,29.8,35.01,29.29021546,10.00
14563,25.16,29.8,35.01,27.71881966,10.00
14564,25.16,29.8,35.01,22.57791109,10.00
14565,25.16,29.8,35.01,28.25508547,10.00
14566,25.16,29.8,35.01,16.79519198,10.00
14567,25.16,29.8,35.01,23.0362216,10.00
14568,25.16,29.8,35.01,21.30395062,10.00
14569,25.16,29.8,35.01,21.06886455,10.00
14570,25.16,29.8,35.01,21.05913383,10.00
14571,25.16,29.8,16.04,17.24117707,10.00
14572,25.16,29.8,16.04,10.82343315,10.00
14573,25.16,29.8,16.04,8.848241835,10.00
14574,25.16,29.8,16.04,22.62257833,10.00
14575,25.16,29.8,16.04,16.54684642,10.00
14576,25.16,29.8,16.04,22.08363311,10.00
14577,25.16,29.8,35.01,17.27031801,10.00
14578,25.16,29.8,35.01,13.34033609,10.00
14579,25.16,29.8,35.01,19.70683872,10.00
14580,25.16,29.8,35.01,23.4817323,10.00
14581,25.16,29.8,35.01,15.50914097,10.00
14582,25.16,29.8,35.01,14.81494534,10.00
14583,25.16,29.8,35.01,22.18065441,10.00
14584,25.16,29.8,35.01,17.81972004,10.00
14585,25.16,29.8,35.01,19.04424504,10.00
14586,25.16,29.8,35.01,13.9106977,10.00
14587,25.16,29.8,35.01,26.71256341,10.00
14588,25.16,29.8,35.01,13.37950193,10.00
14589,25.16,29.8,35.01,4.792900581,10.00
14590,25.16,29.8,35.01,13.91346518,10.00
14591,25.16,29.8,35.01,18.47947763,10.00
14592,25.16,14.6,16.04,9.85557326,10.00
14593,25.16,14.6,16.04,8.823998489,10.00
14594,25.16,14.6,16.04,13.16372796,10.00
14595,25.16,14.6,16.04,8.467009877,10.00
14596,25.16,14.6,16.04,18.52685427,10.00
14597,25.16,14.6,16.04,18.07139634,10.00
14598,25.16,14.6,16.04,17.52231662,10.00
14599,25.16,14.6,16.04,12.6167346,10.00
14600,25.16,14.6,16.04,8.828061248,10.00
14601,25.16,14.6,16.04,8.348593493,10.00
14602,25.16,14.6,16.04,15.33663057,10.00
14603,25.16,14.6,16.04,20.32073542,10.00
14604,25.16,14.6,16.04,20.92195921,10.00
14605,25.16,14.6,16.04,27.55412225,10.00
14606,25.16,29.8,35.01,26.47543519,10.00
14607,25.16,29.8,35.01,24.40671171,10.00
14608,25.16,29.8,35.01,20.38199231,10.00
14609,25.16,29.8,35.01,16.53692755,10.00
14610,25.16,29.8,35.01,26.94117661,10.00
14611,25.16,29.8,35.01,25.4958048,10.00
14612,25.16,29.8,35.01,20.76719071,10.00
14613,25.16,29.8,35.01,25.98906276,10.00
14614,25.16,29.8,35.01,15.44823848,10.00
14615,25.16,29.8,35.01,21.18874528,10.00
14616,25.16,29.8,35.01,19.59540028,10.00
14617,25.16,29.8,35.01,19.37916782,10.00
14618,25.16,29.8,35.01,19.37021749,10.00
14619,25.16,29.8,16.04,15.85845611,10.00
14620,25.16,29.8,16.04,9.955407273,10.00
14621,25.16,29.8,16.04,8.138623845,10.00
14622,25.16,29.8,16.04,20.80827568,10.00
14623,25.16,29.8,16.04,15.21980992,10.00
14624,25.16,29.8,16.04,20.31255321,10.00
14625,25.16,29.8,35.01,15.88525998,10.00
14626,25.16,29.8,35.01,12.27045773,10.00
14627,25.16,29.8,35.01,18.12637476,10.00
14628,25.16,29.8,35.01,21.59852658,10.00
14629,25.16,29.8,35.01,14.26532715,10.00
14630,25.16,29.8,35.01,13.62680515,10.00
14631,25.16,29.8,35.01,20.40179351,10.00
14632,25.16,29.8,35.01,16.39060066,10.00
14633,25.16,29.8,35.01,17.51692028,10.00
14634,25.16,29.8,35.01,12.79507705,10.00
14635,25.16,29.8,35.01,24.57024905,10.00
14636,25.16,29.8,35.01,12.50820636,10.00
14637,25.16,29.8,35.01,4.48077887,10.00
14638,25.16,29.8,35.01,13.00739703,10.00
14639,25.16,29.8,35.01,17.2760631,10.00
14640,25.16,14.6,16.04,10.33601308,10.00
14641,25.16,14.6,16.04,9.254151071,10.00
14642,25.16,14.6,16.04,13.80543383,10.00
14643,25.16,14.6,16.04,8.879759966,10.00
14644,25.16,14.6,16.04,19.43000199,10.00
14645,25.16,14.6,16.04,18.95234139,10.00
14646,25.16,14.6,16.04,18.37649511,10.00
14647,25.16,14.6,16.04,13.23177561,10.00
14648,25.16,14.6,16.04,9.258411881,10.00
14649,25.16,14.6,16.04,8.755571016,10.00
14650,25.16,14.6,16.04,16.08426116,10.00
14651,25.16,14.6,16.04,21.31133133,10.00
14652,25.16,14.6,16.04,22.19858212,10.00
14653,25.16,14.6,16.04,29.23542864,10.00
14654,25.16,29.8,35.01,28.0909219,10.00
14655,25.16,29.8,35.01,25.89596838,10.00
14656,25.16,29.8,35.01,21.62566734,10.00
14657,25.16,29.8,35.01,17.54598317,10.00
14658,25.16,29.8,35.01,28.58508208,10.00
14659,25.16,29.8,35.01,27.05151611,10.00
14660,25.16,29.8,35.01,22.0343699,10.00
14661,25.16,29.8,35.01,27.57487184,10.00
14662,25.16,29.8,35.01,16.39086411,10.00
14663,25.16,29.8,35.01,22.48164702,10.00
14664,25.16,29.8,35.01,20.79107878,10.00
14665,25.16,29.8,35.01,20.56165218,10.00
14666,25.16,29.8,35.01,20.55215572,10.00
14667,25.16,29.8,16.04,16.82611254,10.00
14668,25.16,29.8,16.04,10.56286955,10.00
14669,25.16,29.8,16.04,8.635229041,10.00
14670,25.16,29.8,16.04,22.07796181,10.00
14671,25.16,29.8,16.04,16.14849723,10.00
14672,25.16,29.8,16.04,21.55199118,10.00
14673,25.16,29.8,35.01,16.85455194,10.00
14674,25.16,29.8,35.01,13.01918051,10.00
14675,25.16,29.8,35.01,19.23241579,10.00
14676,25.16,29.8,35.01,22.9164325,10.00
14677,25.16,29.8,35.01,15.13577352,10.00
14678,25.16,29.8,35.01,14.45828997,10.00
14679,25.16,29.8,35.01,21.64667678,10.00
14680,25.16,29.8,35.01,17.39072766,10.00
14681,25.16,29.8,35.01,18.58577341,10.00
14682,25.16,29.8,35.01,13.57581122,10.00
14683,25.16,29.8,35.01,26.06948449,10.00
14684,25.16,29.8,35.01,13.11795683,10.00
14685,25.16,29.8,35.01,4.699208032,10.00
14686,25.16,29.8,35.01,13.64148207,10.00
14687,25.16,29.8,35.01,18.11823722,10.00
14688,25.16,14.6,16.04,9.792414254,10.00
14689,25.16,14.6,16.04,8.767450285,10.00
14690,25.16,14.6,16.04,13.07936879,10.00
14691,25.16,14.6,16.04,8.412749419,10.00
14692,25.16,14.6,16.04,18.40812574,10.00
14693,25.16,14.6,16.04,17.95558659,10.00
14694,25.16,14.6,16.04,17.41002563,10.00
14695,25.16,14.6,16.04,12.53588081,10.00
14696,25.16,14.6,16.04,8.771487008,10.00
14697,25.16,14.6,16.04,8.295091901,10.00
14698,25.16,14.6,16.04,15.23834645,10.00
14699,25.16,14.6,16.04,20.19051089,10.00
14700,25.16,14.6,16.04,20.75413334,10.00
14701,25.16,14.6,16.04,27.33309636,10.00
14702,25.16,29.8,35.01,26.26306201,10.00
14703,25.16,29.8,35.01,24.21093284,10.00
14704,25.16,29.8,35.01,20.21849779,10.00
14705,25.16,29.8,35.01,16.40427629,10.00
14706,25.16,29.8,35.01,26.72506748,10.00
14707,25.16,29.8,35.01,25.29128974,10.00
14708,25.16,29.8,35.01,20.60060631,10.00
14709,25.16,29.8,35.01,25.78059103,10.00
14710,25.16,29.8,35.01,15.32432015,10.00
14711,25.16,29.8,35.01,21.01877937,10.00
14712,25.16,29.8,35.01,19.43821542,10.00
14713,25.16,29.8,35.01,19.22371748,10.00
14714,25.16,29.8,35.01,19.21483894,10.00
14715,25.16,29.8,16.04,15.73124722,10.00
14716,25.16,29.8,16.04,9.875549794,10.00
14717,25.16,29.8,16.04,8.073339727,10.00
14718,25.16,29.8,16.04,20.64136173,10.00
14719,25.16,29.8,16.04,15.09772394,10.00
14720,25.16,29.8,16.04,20.14961569,10.00
14721,25.16,29.8,35.01,15.75783608,10.00
14722,25.16,29.8,35.01,12.17203003,10.00
14723,25.16,29.8,35.01,17.98097372,10.00
14724,25.16,29.8,35.01,21.42527361,10.00
14725,25.16,29.8,35.01,14.15089757,10.00
14726,25.16,29.8,35.01,13.51749748,10.00
14727,25.16,29.8,35.01,20.23814016,10.00
14728,25.16,29.8,35.01,16.25912316,10.00
14729,25.16,29.8,35.01,17.37640798,10.00
14730,25.16,29.8,35.01,12.69244111,10.00
14731,25.16,29.8,35.01,24.37315835,10.00
14732,25.16,29.8,35.01,12.42804807,10.00
14733,25.16,29.8,35.01,4.452063996,10.00
14734,25.16,29.8,35.01,12.9240397,10.00
14735,25.16,29.8,35.01,17.16535022,10.00
14736,25.16,14.6,16.04,10.02211557,10.00
14737,25.16,14.6,16.04,8.973108955,10.00
14738,25.16,14.6,16.04,13.38617243,10.00
14739,25.16,14.6,16.04,8.610087847,10.00
14740,25.16,14.6,16.04,18.83992638,10.00
14741,25.16,14.6,16.04,18.37677199,10.00
14742,25.16,14.6,16.04,17.81841377,10.00
14743,25.16,14.6,16.04,12.82993581,10.00
14744,25.16,14.6,16.04,8.977240367,10.00
14745,25.16,14.6,16.04,8.489670429,10.00
14746,25.16,14.6,16.04,15.59579336,10.00
14747,25.16,14.6,16.04,20.66412106,10.00
14748,25.16,14.6,16.04,21.36449483,10.00
14749,25.16,14.6,16.04,28.13693958,10.00
14750,25.16,29.8,35.01,27.03543642,10.00
14751,25.16,29.8,35.01,24.92295587,10.00
14752,25.16,29.8,35.01,20.81310669,10.00
14753,25.16,29.8,35.01,16.88671216,10.00
14754,25.16,29.8,35.01,27.51102908,10.00
14755,25.16,29.8,35.01,26.03508516,10.00
14756,25.16,29.8,35.01,21.2064527,10.00
14757,25.16,29.8,35.01,26.53877638,10.00
14758,25.16,29.8,35.01,15.77499543,10.00
14759,25.16,29.8,35.01,21.63692388,10.00
14760,25.16,29.8,35.01,20.00987688,10.00
14761,25.16,29.8,35.01,19.78907073,10.00
14762,25.16,29.8,35.01,19.77993108,10.00
14763,25.16,29.8,16.04,16.19388988,10.00
14764,25.16,29.8,16.04,10.16598135,10.00
14765,25.16,29.8,16.04,8.310769812,10.00
14766,25.16,29.8,16.04,21.24840669,10.00
14767,25.16,29.8,16.04,15.54173522,10.00
14768,25.16,29.8,16.04,20.74219883,10.00
14769,25.16,29.8,35.01,16.2212607,10.00
14770,25.16,29.8,35.01,12.52999913,10.00
14771,25.16,29.8,35.01,18.50977893,10.00
14772,25.16,29.8,35.01,22.05537276,10.00
14773,25.16,29.8,35.01,14.56706349,10.00
14774,25.16,29.8,35.01,13.91503564,10.00
14775,25.16,29.8,35.01,20.83332672,10.00
14776,25.16,29.8,35.01,16.7372902,10.00
14777,25.16,29.8,35.01,17.88743343,10.00
14778,25.16,29.8,35.01,13.06571505,10.00
14779,25.16,29.8,35.01,25.0899523,10.00
14780,25.16,29.8,35.01,12.71957363,10.00
14781,25.16,29.8,35.01,4.55649636,10.00
14782,25.16,29.8,35.01,13.22719977,10.00
14783,25.16,29.8,35.01,17.56799899,10.00
14784,25.16,14.6,16.04,9.452232443,10.00
14785,25.16,14.6,16.04,8.462875025,10.00
14786,25.16,14.6,16.04,12.62500042,10.00
14787,25.16,14.6,16.04,8.120496225,10.00
14788,25.16,14.6,16.04,17.76863997,10.00
14789,25.16,14.6,16.04,17.33182173,10.00
14790,25.16,14.6,16.04,16.80521318,10.00
14791,25.16,14.6,16.04,12.10039284,10.00
14792,25.16,14.6,16.04,8.466771514,10.00
14793,25.16,14.6,16.04,8.00692605,10.00
14794,25.16,14.6,16.04,14.70897665,10.00
14795,25.16,14.6,16.04,19.48910627,10.00
14796,25.16,14.6,16.04,19.8502035,10.00
14797,25.16,14.6,16.04,26.142625,10.00
14798,25.16,29.8,35.01,25.11919514,10.00
14799,25.16,29.8,35.01,23.15644483,10.00
14800,25.16,29.8,35.01,19.33789713,10.00
14801,25.16,29.8,35.01,15.68980103,10.00
14802,25.16,29.8,35.01,25.56107833,10.00
14803,25.16,29.8,35.01,24.18974765,10.00
14804,25.16,29.8,35.01,19.70336322,10.00
14805,25.16,29.8,35.01,24.6577378,10.00
14806,25.16,29.8,35.01,14.65688153,10.00
14807,25.16,29.8,35.01,20.10332308,10.00
14808,25.16,29.8,35.01,18.59159934,10.00
14809,25.16,29.8,35.01,18.38644369,10.00
14810,25.16,29.8,35.01,18.37795185,10.00
14811,25.16,29.8,16.04,15.0460852,10.00
14812,25.16,29.8,16.04,9.445428045,10.00
14813,25.16,29.8,16.04,7.72171181,10.00
14814,25.16,29.8,16.04,19.74234356,10.00
14815,25.16,29.8,16.04,14.44015453,10.00
14816,25.16,29.8,16.04,19.27201514,10.00
14817,25.16,29.8,35.01,15.07151601,10.00
14818,25.16,29.8,35.01,11.6418869,10.00
14819,25.16,29.8,35.01,17.19782665,10.00
14820,25.16,29.8,35.01,20.49211279,10.00
14821,25.16,29.8,35.01,13.53456644,10.00
14822,25.16,29.8,35.01,12.92875359,10.00
14823,25.16,29.8,35.01,19.35668399,10.00
14824,25.16,29.8,35.01,15.55096993,10.00
14825,25.16,29.8,35.01,16.6195923,10.00
14826,25.16,29.8,35.01,12.13963189,10.00
14827,25.16,29.8,35.01,23.31160474,10.00
14828,25.16,29.8,35.01,11.99630614,10.00
14829,25.16,29.8,35.01,4.297402321,10.00
14830,25.16,29.8,35.01,12.47506735,10.00
14831,25.16,29.8,35.01,16.56903762,10.00
14832,25.16,14.6,16.04,10.1230484,10.00
14833,25.16,14.6,16.04,9.063477226,10.00
14834,25.16,14.6,16.04,13.5209847,10.00
14835,25.16,14.6,16.04,8.696800129,10.00
14836,25.16,14.6,16.04,19.02966347,10.00
14837,25.16,14.6,16.04,18.56184465,10.00
14838,25.16,14.6,16.04,17.99786319,10.00
14839,25.16,14.6,16.04,12.95914622,10.00
14840,25.16,14.6,16.04,9.067650246,10.00
14841,25.16,14.6,16.04,8.575169986,10.00
14842,25.16,14.6,16.04,15.75285876,10.00
14843,25.16,14.6,16.04,20.87222963,10.00
14844,25.16,14.6,16.04,21.63269316,10.00
14845,25.16,14.6,16.04,28.49015553,10.00
14846,25.16,29.8,35.01,27.37482469,10.00
14847,25.16,29.8,35.01,25.2358252,10.00
14848,25.16,29.8,35.01,21.07438319,10.00
14849,25.16,29.8,35.01,17.09869883,10.00
14850,25.16,29.8,35.01,27.85638769,10.00
14851,25.16,29.8,35.01,26.36191556,10.00
14852,25.16,29.8,35.01,21.47266706,10.00
14853,25.16,29.8,35.01,26.87192985,10.00
14854,25.16,29.8,35.01,15.97302621,10.00
14855,25.16,29.8,35.01,21.90854213,10.00
14856,25.16,29.8,35.01,20.26107007,10.00
14857,25.16,29.8,35.01,20.03749204,10.00
14858,25.16,29.8,35.01,20.02823766,10.00
14859,25.16,29.8,16.04,16.39717923,10.00
14860,25.16,29.8,16.04,10.29359959,10.00
14861,25.16,29.8,16.04,8.415098729,10.00
14862,25.16,29.8,16.04,21.51514772,10.00
14863,25.16,29.8,16.04,15.73683777,10.00
14864,25.16,29.8,16.04,21.00258519,10.00
14865,25.16,29.8,35.01,16.42489365,10.00
14866,25.16,29.8,35.01,12.68729397,10.00
14867,25.16,29.8,35.01,18.7421407,10.00
14868,25.16,29.8,35.01,22.332244,10.00
14869,25.16,29.8,35.01,14.74993054,10.00
14870,25.16,29.8,35.01,14.08971748,10.00
14871,25.16,29.8,35.01,21.09485706,10.00
14872,25.16,29.8,35.01,16.94740111,10.00
14873,25.16,29.8,35.01,18.11198261,10.00
14874,25.16,29.8,35.01,13.22973498,10.00
14875,25.16,29.8,35.01,25.40491801,10.00
14876,25.16,29.8,35.01,12.84767259,10.00
14877,25.16,29.8,35.01,4.602384881,10.00
14878,25.16,29.8,35.01,13.36041103,10.00
14879,25.16,29.8,35.01,17.74492648,10.00
14880,25.16,14.6,16.04,9.891870409,10.00
14881,25.16,14.6,16.04,8.856496446,10.00
14882,25.16,14.6,16.04,13.21220873,10.00
14883,25.16,14.6,16.04,8.498193078,10.00
14884,25.16,14.6,16.04,18.59508693,10.00
14885,25.16,14.6,16.04,18.13795159,10.00
14886,25.16,14.6,16.04,17.58684966,10.00
14887,25.16,14.6,16.04,12.66320085,10.00
14888,25.16,14.6,16.04,8.860574167,10.00
14889,25.16,14.6,16.04,8.379340578,10.00
14890,25.16,14.6,16.04,15.39311393,10.00
14891,25.16,14.6,16.04,20.39557478,10.00
14892,25.16,14.6,16.04,21.01840786,10.00
14893,25.16,14.6,16.04,27.68114467,10.00
14894,25.16,29.8,35.01,26.59748494,10.00
14895,25.16,29.8,35.01,24.51922481,10.00
14896,25.16,29.8,35.01,20.47595176,10.00
14897,25.16,29.8,35.01,16.61316154,10.00
14898,25.16,29.8,35.01,27.0653734,10.00
14899,25.16,29.8,35.01,25.61333853,10.00
14900,25.16,29.8,35.01,20.86292589,10.00
14901,25.16,29.8,35.01,26.10887038,10.00
14902,25.16,29.8,35.01,15.51945369,10.00
14903,25.16,29.8,35.01,21.28642379,10.00
14904,25.16,29.8,35.01,19.68573359,10.00
14905,25.16,29.8,35.01,19.46850432,10.00
14906,25.16,29.8,35.01,19.45951273,10.00
14907,25.16,29.8,16.04,15.93156239,10.00
14908,25.16,29.8,16.04,10.00130095,10.00
14909,25.16,29.8,16.04,8.176142286,10.00
14910,25.16,29.8,16.04,20.90420026,10.00
14911,25.16,29.8,16.04,15.28997209,10.00
14912,25.16,29.8,16.04,20.40619254,10.00
14913,25.16,29.8,35.01,15.95848983,10.00
14914,25.16,29.8,35.01,12.32702361,10.00
14915,25.16,29.8,35.01,18.20993598,10.00
14916,25.16,29.8,35.01,21.69809416,10.00
14917,25.16,29.8,35.01,14.33108923,10.00
14918,25.16,29.8,35.01,13.68962369,10.00
14919,25.16,29.8,35.01,20.49584424,10.00
14920,25.16,29.8,35.01,16.46616009,10.00
14921,25.16,29.8,35.01,17.59767195,10.00
14922,25.16,29.8,35.01,12.85406139,10.00
14923,25.16,29.8,35.01,24.68351604,10.00
14924,25.16,29.8,35.01,12.55427291,10.00
14925,25.16,29.8,35.01,4.497281157,10.00
14926,25.16,29.8,35.01,13.05530205,10.00
14927,25.16,29.8,35.01,17.33968922,10.00
14928,25.16,14.6,16.04,9.606432967,10.00
14929,25.16,14.6,16.04,8.600935507,10.00
14930,25.16,14.6,16.04,12.83096041,10.00
14931,25.16,14.6,16.04,8.252971255,10.00
14932,25.16,14.6,16.04,18.05851156,10.00
14933,25.16,14.6,16.04,17.61456721,10.00
14934,25.16,14.6,16.04,17.07936775,10.00
14935,25.16,14.6,16.04,12.29779456,10.00
14936,25.16,14.6,16.04,8.604895563,10.00
14937,25.16,14.6,16.04,8.137548334,10.00
14938,25.16,14.6,16.04,14.94893393,10.00
14939,25.16,14.6,16.04,19.80704496,10.00
14940,25.16,14.6,16.04,20.25994456,10.00
14941,25.16,14.6,16.04,26.68225205,10.00
14942,25.16,29.8,35.01,25.63769691,10.00
14943,25.16,29.8,35.01,23.63443218,10.00
14944,25.16,29.8,35.01,19.73706334,10.00
14945,25.16,29.8,35.01,16.01366449,10.00
14946,25.16,29.8,35.01,26.0887013,10.00
14947,25.16,29.8,35.01,24.68906408,10.00
14948,25.16,29.8,35.01,20.11007325,10.00
14949,25.16,29.8,35.01,25.16671433,10.00
14950,25.16,29.8,35.01,14.95942382,10.00
14951,25.16,29.8,35.01,20.51828895,10.00
14952,25.16,29.8,35.01,18.97536073,10.00
14953,25.16,29.8,35.01,18.76597032,10.00
14954,25.16,29.8,35.01,18.7573032,10.00
14955,25.16,29.8,16.04,15.35666131,10.00
14956,25.16,29.8,16.04,9.640397315,10.00
14957,25.16,29.8,16.04,7.881100723,10.00
14958,25.16,29.8,16.04,20.14985822,10.00
14959,25.16,29.8,16.04,14.73822322,10.00
14960,25.16,29.8,16.04,19.66982143,10.00
14961,25.16,29.8,35.01,15.38261705,10.00
14962,25.16,29.8,35.01,11.88219472,10.00
14963,25.16,29.8,35.01,17.55281826,10.00
14964,25.16,29.8,35.01,20.91510392,10.00
14965,25.16,29.8,35.01,13.81394229,10.00
14966,25.16,29.8,35.01,13.19562446,10.00
14967,25.16,29.8,35.01,19.75623799,10.00
14968,25.16,29.8,35.01,15.87196769,10.00
14969,25.16,29.8,35.01,16.96264819,10.00
14970,25.16,29.8,35.01,12.39021398,10.00
14971,25.16,29.8,35.01,23.79279485,10.00
14972,25.16,29.8,35.01,12.19200982,10.00
14973,25.16,29.8,35.01,4.36750869,10.00
14974,25.16,29.8,35.01,12.67858138,10.00
14975,25.16,29.8,35.01,16.8393393,10.00
14976,25.16,14.6,16.04,9.769367619,10.00
14977,25.16,14.6,16.04,8.746815923,10.00
14978,25.16,14.6,16.04,13.04858625,10.00
14979,25.16,14.6,16.04,8.392949852,10.00
14980,25.16,14.6,16.04,18.36480186,10.00
14981,25.16,14.6,16.04,17.91332778,10.00
14982,25.16,14.6,16.04,17.3690508,10.00
14983,25.16,14.6,16.04,12.50637738,10.00
14984,25.16,14.6,16.04,8.750843145,10.00
14985,25.16,14.6,16.04,8.275569243,10.00
14986,25.16,14.6,16.04,15.20248271,10.00
14987,25.16,14.6,16.04,20.14299214,10.00
14988,25.16,14.6,16.04,20.69289391,10.00
14989,25.16,14.6,16.04,27.25244432,10.00
14990,25.16,29.8,35.01,26.18556732,10.00
14991,25.16,29.8,35.01,24.13949339,10.00
14992,25.16,29.8,35.01,20.15883887,10.00
14993,25.16,29.8,35.01,16.35587202,10.00
14994,25.16,29.8,35.01,26.64620955,10.00
14995,25.16,29.8,35.01,25.21666248,10.00
14996,25.16,29.8,35.01,20.53981989,10.00
14997,25.16,29.8,35.01,25.70451998,10.00
14998,25.16,29.8,35.01,15.27910253,10.00
14999,25.16,29.8,35.01,20.95675905,10.00
15000,25.16,29.8,35.01,19.38085888,10.00
15001,25.16,29.8,35.01,19.16699386,10.00
15002,25.16,29.8,35.01,19.15814152,10.00
15003,25.16,29.8,16.04,15.68482887,10.00
15004,25.16,29.8,16.04,9.846409909,10.00
15005,25.16,29.8,16.04,8.049517642,10.00
15006,25.16,29.8,16.04,20.58045505,10.00
15007,25.16,29.8,16.04,15.05317493,10.00
15008,25.16,29.8,16.04,20.09016002,10.00
15009,25.16,29.8,35.01,15.71133928,10.00
15010,25.16,29.8,35.01,12.1361139,10.00
15011,25.16,29.8,35.01,17.92791708,10.00
15012,25.16,29.8,35.01,21.36205384,10.00
15013,25.16,29.8,35.01,14.10914237,10.00
15014,25.16,29.8,35.01,13.47761127,10.00
15015,25.16,29.8,35.01,20.17842327,10.00
15016,25.16,29.8,35.01,16.2111472,10.00
15017,25.16,29.8,35.01,17.32513524,10.00
15018,25.16,29.8,35.01,12.65498939,10.00
15019,25.16,29.8,35.01,24.30124023,10.00
15020,25.16,29.8,35.01,12.39879842,10.00
15021,25.16,29.8,35.01,4.441585978,10.00
15022,25.16,29.8,35.01,12.89362273,10.00
15023,25.16,29.8,35.01,17.12495124,10.00
15024,25.16,14.6,16.04,10.17478963,10.00
15025,25.16,14.6,16.04,9.109802748,10.00
15026,25.16,14.6,16.04,13.59009357,10.00
15027,25.16,14.6,16.04,8.741251479,10.00
15028,25.16,14.6,16.04,19.12692847,10.00
15029,25.16,14.6,16.04,18.65671852,10.00
15030,25.16,14.6,16.04,18.08985442,10.00
15031,25.16,14.6,16.04,13.02538341,10.00
15032,25.16,14.6,16.04,9.113997097,10.00
15033,25.16,14.6,16.04,8.618999657,10.00
15034,25.16,14.6,16.04,15.83337525,10.00
15035,25.16,14.6,16.04,20.97891241,10.00
15036,25.16,14.6,16.04,21.77017978,10.00
15037,25.16,14.6,16.04,28.67122476,10.00
15038,25.16,29.8,35.01,27.54880543,10.00
15039,25.16,29.8,35.01,25.39621153,10.00
15040,25.16,29.8,35.01,21.20832147,10.00
15041,25.16,29.8,35.01,17.20736963,10.00
15042,25.16,29.8,35.01,28.033429,10.00
15043,25.16,29.8,35.01,26.52945875,10.00
15044,25.16,29.8,35.01,21.60913662,10.00
15045,25.16,29.8,35.01,27.04271444,10.00
15046,25.16,29.8,35.01,16.0745428,10.00
15047,25.16,29.8,35.01,22.04778191,10.00
15048,25.16,29.8,35.01,20.38983933,10.00
15049,25.16,29.8,35.01,20.16484035,10.00
15050,25.16,29.8,35.01,20.15552715,10.00
15051,25.16,29.8,16.04,16.50139152,10.00
15052,25.16,29.8,16.04,10.35902058,10.00
15053,25.16,29.8,16.04,8.468580902,10.00
15054,25.16,29.8,16.04,21.65188727,10.00
15055,25.16,29.8,16.04,15.83685327,10.00
15056,25.16,29.8,16.04,21.13606716,10.00
15057,25.16,29.8,35.01,16.52928208,10.00
15058,25.16,29.8,35.01,12.76792809,10.00
15059,25.16,29.8,35.01,18.86125641,10.00
15060,25.16,29.8,35.01,22.47417662,10.00
15061,25.16,29.8,35.01,14.84367374,10.00
15062,25.16,29.8,35.01,14.1792647,10.00
15063,25.16,29.8,35.01,21.22892545,10.00
15064,25.16,29.8,35.01,17.05511034,10.00
15065,25.16,29.8,35.01,18.22709334,10.00
15066,25.16,29.8,35.01,13.31381659,10.00
15067,25.16,29.8,35.01,25.56637901,10.00
15068,25.16,29.8,35.01,12.91334,10.00
15069,25.16,29.8,35.01,4.625908732,10.00
15070,25.16,29.8,35.01,13.42869917,10.00
15071,25.16,29.8,35.01,17.8356249,10.00
15072,25.16,14.6,16.04,9.92321642,10.00
15073,25.16,14.6,16.04,8.884561496,10.00
15074,25.16,14.6,16.04,13.25407645,10.00
15075,25.16,14.6,16.04,8.525122713,10.00
15076,25.16,14.6,16.04,18.65401226,10.00
15077,25.16,14.6,16.04,18.19542833,10.00
15078,25.16,14.6,16.04,17.64258003,10.00
15079,25.16,14.6,16.04,12.70332883,10.00
15080,25.16,14.6,16.04,8.888652139,10.00
15081,25.16,14.6,16.04,8.405893585,10.00
15082,25.16,14.6,16.04,15.44189265,10.00
15083,25.16,14.6,16.04,20.46020562,10.00
15084,25.16,14.6,16.04,21.10170037,10.00
15085,25.16,14.6,16.04,27.79084051,10.00
15086,25.16,29.8,35.01,26.70288641,10.00
15087,25.16,29.8,35.01,24.61639048,10.00
15088,25.16,29.8,35.01,20.55709459,10.00
15089,25.16,29.8,35.01,16.67899677,10.00
15090,25.16,29.8,35.01,27.17262904,10.00
15091,25.16,29.8,35.01,25.71483999,10.00
15092,25.16,29.8,35.01,20.94560224,10.00
15093,25.16,29.8,35.01,26.21233555,10.00
15094,25.16,29.8,35.01,15.58095474,10.00
15095,25.16,29.8,35.01,21.3707784,10.00
15096,25.16,29.8,35.01,19.76374493,10.00
15097,25.16,29.8,35.01,19.54565481,10.00
15098,25.16,29.8,35.01,19.53662758,10.00
15099,25.16,29.8,16.04,15.99469656,10.00
15100,25.16,29.8,16.04,10.04093446,10.00
15101,25.16,29.8,16.04,8.208542997,10.00
15102,25.16,29.8,16.04,20.98704018,10.00
15103,25.16,29.8,16.04,15.35056375,10.00
15104,25.16,29.8,16.04,20.48705893,10.00
15105,25.16,29.8,35.01,16.02173071,10.00
15106,25.16,29.8,35.01,12.37587359,10.00
15107,25.16,29.8,35.01,18.28209897,10.00
15108,25.16,29.8,35.01,21.78408014,10.00
15109,25.16,29.8,35.01,14.38788099,10.00
15110,25.16,29.8,35.01,13.74387342,10.00
15111,25.16,29.8,35.01,20.57706591,10.00
15112,25.16,29.8,35.01,16.53141278,10.00
15113,25.16,29.8,35.01,17.66740864,10.00
15114,25.16,29.8,35.01,12.90499992,10.00
15115,25.16,29.8,35.01,24.78133276,10.00
15116,25.16,29.8,35.01,12.59405572,10.00
15117,25.16,29.8,35.01,4.511532438,10.00
15118,25.16,29.8,35.01,13.09667255,10.00
15119,25.16,29.8,35.01,17.39463637,10.00
15120,25.16,14.6,16.04,9.633741847,10.00
15121,25.16,14.6,16.04,8.625385989,10.00
15122,25.16,14.6,16.04,12.86743588,10.00
15123,25.16,14.6,16.04,8.276432555,10.00
15124,25.16,14.6,16.04,18.10984775,10.00
15125,25.16,14.6,16.04,17.66464137,10.00
15126,25.16,14.6,16.04,17.12792046,10.00
15127,25.16,14.6,16.04,12.33275436,10.00
15128,25.16,14.6,16.04,8.629357302,10.00
15129,25.16,14.6,16.04,8.160681513,10.00
15130,25.16,14.6,16.04,14.99143031,10.00
15131,25.16,14.6,16.04,19.86335184,10.00
15132,25.16,14.6,16.04,20.33250961,10.00
15133,25.16,14.6,16.04,26.77781989,10.00
15134,25.16,29.8,35.01,25.72952346,10.00
15135,25.16,29.8,35.01,23.71908364,10.00
15136,25.16,29.8,35.01,19.80775559,10.00
15137,25.16,29.8,35.01,16.07102064,10.00
15138,25.16,29.8,35.01,26.18214322,10.00
15139,25.16,29.8,35.01,24.77749292,10.00
15140,25.16,29.8,35.01,20.18210151,10.00
15141,25.16,29.8,35.01,25.25685396,10.00
15142,25.16,29.8,35.01,15.013004,10.00
15143,25.16,29.8,35.01,20.59177932,10.00
15144,25.16,29.8,35.01,19.04332479,10.00
15145,25.16,29.8,35.01,18.83318441,10.00
15146,25.16,29.8,35.01,18.82448624,10.00
15147,25.16,29.8,16.04,15.41166427,10.00
15148,25.16,29.8,16.04,9.674926331,10.00
15149,25.16,29.8,16.04,7.909328466,10.00
15150,25.16,29.8,16.04,20.22202897,10.00
15151,25.16,29.8,16.04,14.79101113,10.00
15152,25.16,29.8,16.04,19.74027285,10.00
15153,25.16,29.8,35.01,15.43771298,10.00
15154,25.16,29.8,35.01,11.92475318,10.00
15155,25.16,29.8,35.01,17.6156872,10.00
15156,25.16,29.8,35.01,20.99001555,10.00
15157,25.16,29.8,35.01,13.8634197,10.00
15158,25.16,29.8,35.01,13.24288724,10.00
15159,25.16,29.8,35.01,19.82699892,10.00
15160,25.16,29.8,35.01,15.92881632,10.00
15161,25.16,29.8,35.01,17.02340332,10.00
15162,25.16,29.8,35.01,12.43459202,10.00
15163,25.16,29.8,35.01,23.87801352,10.00
15164,25.16,29.8,35.01,12.2266689,10.00
15165,25.16,29.8,35.01,4.379924513,10.00
15166,25.16,29.8,35.01,12.71462368,10.00
15167,25.16,29.8,35.01,16.88720967,10.00
15168,25.16,14.6,16.04,10.37556947,10.00
15169,25.16,14.6,16.04,9.289567127,10.00
15170,25.16,14.6,16.04,13.85826785,10.00
15171,25.16,14.6,16.04,8.91374321,10.00
15172,25.16,14.6,16.04,19.50436149,10.00
15173,25.16,14.6,16.04,19.02487286,10.00
15174,25.16,14.6,16.04,18.44682279,10.00
15175,25.16,14.6,16.04,13.28241422,10.00
15176,25.16,14.6,16.04,9.293844243,10.00
15177,25.16,14.6,16.04,8.789078983,10.00
15178,25.16,14.6,16.04,16.14581636,10.00
15179,25.16,14.6,16.04,21.39289077,10.00
15180,25.16,14.6,16.04,22.30369122,10.00
15181,25.16,14.6,16.04,29.37385682,10.00
15182,25.16,29.8,35.01,28.22393091,10.00
15183,25.16,29.8,35.01,26.0185844,10.00
15184,25.16,29.8,35.01,21.72806372,10.00
15185,25.16,29.8,35.01,17.62906246,10.00
15186,25.16,29.8,35.01,28.72043091,10.00
15187,25.16,29.8,35.01,27.17960358,10.00
15188,25.16,29.8,35.01,22.13870146,10.00
15189,25.16,29.8,35.01,27.70543738,10.00
15190,25.16,29.8,35.01,16.46847397,10.00
15191,25.16,29.8,35.01,22.58809641,10.00
15192,25.16,29.8,35.01,20.88952342,10.00
15193,25.16,29.8,35.01,20.6590105,10.00
15194,25.16,29.8,35.01,20.64946907,10.00
15195,25.16,29.8,16.04,16.90578328,10.00
15196,25.16,29.8,16.04,10.61288417,10.00
15197,25.16,29.8,16.04,8.676116386,10.00
15198,25.16,29.8,16.04,22.18249978,10.00
15199,25.16,29.8,16.04,16.2249595,10.00
15200,25.16,29.8,16.04,21.6540387,10.00
15201,25.16,29.8,35.01,16.93435734,10.00
15202,25.16,29.8,35.01,13.08082563,10.00
15203,25.16,29.8,35.01,19.32348024,10.00
15204,25.16,29.8,35.01,23.02494057,10.00
15205,25.16,29.8,35.01,15.20744059,10.00
15206,25.16,29.8,35.01,14.5267492,10.00
15207,25.16,29.8,35.01,21.74917263,10.00
15208,25.16,29.8,35.01,17.47307182,10.00
15209,25.16,29.8,35.01,18.67377605,10.00
15210,25.16,29.8,35.01,13.64009196,10.00
15211,25.16,29.8,35.01,26.1929221,10.00
15212,25.16,29.8,35.01,13.16815985,10.00
15213,25.16,29.8,35.01,4.717192114,10.00
15214,25.16,29.8,35.01,13.69368864,10.00
15215,25.16,29.8,35.01,18.18757654,10.00
15216,25.16,14.6,16.04,9.977786256,10.00
15217,25.16,14.6,16.04,8.933419551,10.00
15218,25.16,14.6,16.04,13.32696338,10.00
15219,25.16,14.6,16.04,8.572004139,10.00
15220,25.16,14.6,16.04,18.75659457,10.00
15221,25.16,14.6,16.04,18.29548878,10.00
15222,25.16,14.6,16.04,17.73960026,10.00
15223,25.16,14.6,16.04,12.77318708,10.00
15224,25.16,14.6,16.04,8.937532689,10.00
15225,25.16,14.6,16.04,8.452119346,10.00
15226,25.16,14.6,16.04,15.52681083,10.00
15227,25.16,14.6,16.04,20.57272056,10.00
15228,25.16,14.6,16.04,21.24670313,10.00
15229,25.16,14.6,16.04,27.98180847,10.00
15230,25.16,29.8,35.01,26.88637837,10.00
15231,25.16,29.8,35.01,24.78554484,10.00
15232,25.16,29.8,35.01,20.69835504,10.00
15233,25.16,29.8,35.01,16.79360842,10.00
15234,25.16,29.8,35.01,27.35934888,10.00
15235,25.16,29.8,35.01,25.89154248,10.00
15236,25.16,29.8,35.01,21.08953236,10.00
15237,25.16,29.8,35.01,26.39245663,10.00
15238,25.16,29.8,35.01,15.68802106,10.00
15239,25.16,29.8,35.01,21.51763016,10.00
15240,25.16,29.8,35.01,19.89955377,10.00
15241,25.16,29.8,35.01,19.67996503,10.00
15242,25.16,29.8,35.01,19.67087577,10.00
15243,25.16,29.8,16.04,16.10460596,10.00
15244,25.16,29.8,16.04,10.1099319,10.00
15245,25.16,29.8,16.04,8.264948945,10.00
15246,25.16,29.8,16.04,21.13125504,10.00
15247,25.16,29.8,16.04,15.45604691,10.00
15248,25.16,29.8,16.04,20.62783812,10.00
15249,25.16,29.8,35.01,16.13182588,10.00
15250,25.16,29.8,35.01,12.46091583,10.00
15251,25.16,29.8,35.01,18.40772652,10.00
15252,25.16,29.8,35.01,21.93377196,10.00
15253,25.16,29.8,35.01,14.48674897,10.00
15254,25.16,29.8,35.01,13.83831603,10.00
15255,25.16,29.8,35.01,20.71846358,10.00
15256,25.16,29.8,35.01,16.64501029,10.00
15257,25.16,29.8,35.01,17.78881227,10.00
15258,25.16,29.8,35.01,12.99367812,10.00
15259,25.16,29.8,35.01,24.95162054,10.00
15260,25.16,29.8,35.01,12.66331305,10.00
15261,25.16,29.8,35.01,4.536342295,10.00
15262,25.16,29.8,35.01,13.16869389,10.00
15263,25.16,29.8,35.01,17.4902931,10.00
15264,25.16,14.6,16.04,10.27750045,10.00
15265,25.16,14.6,16.04,9.201762906,10.00
15266,25.16,14.6,16.04,13.72728064,10.00
15267,25.16,14.6,16.04,8.829491246,10.00
15268,25.16,14.6,16.04,19.32000788,10.00
15269,25.16,14.6,16.04,18.84505133,10.00
15270,25.16,14.6,16.04,18.27246495,10.00
15271,25.16,14.6,16.04,13.15686993,10.00
15272,25.16,14.6,16.04,9.205999596,10.00
15273,25.16,14.6,16.04,8.706005335,10.00
15274,25.16,14.6,16.04,15.99320744,10.00
15275,25.16,14.6,16.04,21.19068693,10.00
15276,25.16,14.6,16.04,22.04310257,10.00
15277,25.16,14.6,16.04,29.0306628,10.00
15278,25.16,29.8,35.01,27.89417222,10.00
15279,25.16,29.8,35.01,25.71459222,10.00
15280,25.16,29.8,35.01,21.4742005,10.00
15281,25.16,29.8,35.01,17.42309056,10.00
15282,25.16,29.8,35.01,28.38487129,10.00
15283,25.16,29.8,35.01,26.86204645,10.00
15284,25.16,29.8,35.01,21.88004049,10.00
15285,25.16,29.8,35.01,27.38173659,10.00
15286,25.16,29.8,35.01,16.276062,10.00
15287,25.16,29.8,35.01,22.32418487,10.00
15288,25.16,29.8,35.01,20.64545742,10.00
15289,25.16,29.8,35.01,20.41763774,10.00
15290,25.16,29.8,35.01,20.40820778,10.00
15291,25.16,29.8,16.04,16.70826193,10.00
15292,25.16,29.8,16.04,10.48888689,10.00
15293,25.16,29.8,16.04,8.57474763,10.00
15294,25.16,29.8,16.04,21.92332709,10.00
15295,25.16,29.8,16.04,16.03539266,10.00
15296,25.16,29.8,16.04,21.40104037,10.00
15297,25.16,29.8,35.01,16.73650214,10.00
15298,25.16,29.8,35.01,12.92799377,10.00
15299,25.16,29.8,35.01,19.09771136,10.00
15300,25.16,29.8,35.01,22.7559251,10.00
15301,25.16,29.8,35.01,15.0297621,10.00
15302,25.16,29.8,35.01,14.35702366,10.00
15303,25.16,29.8,35.01,21.49506279,10.00
15304,25.16,29.8,35.01,17.26892246,10.00
15305,25.16,29.8,35.01,18.45559808,10.00
15306,25.16,29.8,35.01,13.48072582,10.00
15307,25.16,29.8,35.01,25.88689302,10.00
15308,25.16,29.8,35.01,13.04369549,10.00
15309,25.16,29.8,35.01,4.672605604,10.00
15310,25.16,29.8,35.01,13.56425703,10.00
15311,25.16,29.8,35.01,18.01566907,10.00
15312,25.16,14.6,16.04,10.44438245,10.00
15313,25.16,14.6,16.04,9.351177508,10.00
15314,25.16,14.6,16.04,13.95017882,10.00
15315,25.16,14.6,16.04,8.972861047,10.00
15316,25.16,14.6,16.04,19.63371856,10.00
15317,25.16,14.6,16.04,19.15104985,10.00
15318,25.16,14.6,16.04,18.56916604,10.00
15319,25.16,14.6,16.04,13.37050601,10.00
15320,25.16,14.6,16.04,9.355482991,10.00
15321,25.16,14.6,16.04,8.847370021,10.00
15322,25.16,14.6,16.04,16.25289884,10.00
15323,25.16,14.6,16.04,21.53477296,10.00
15324,25.16,14.6,16.04,22.48654081,10.00
15325,25.16,14.6,16.04,29.61466888,10.00
15326,25.16,29.8,35.01,28.45531567,10.00
15327,25.16,29.8,35.01,26.23188934,10.00
15328,25.16,29.8,35.01,21.90619421,10.00
15329,25.16,29.8,35.01,17.77358862,10.00
15330,25.16,29.8,35.01,28.95588607,10.00
15331,25.16,29.8,35.01,27.40242676,10.00
15332,25.16,29.8,35.01,22.32019843,10.00
15333,25.16,29.8,35.01,27.93257144,10.00
15334,25.16,29.8,35.01,16.60348543,10.00
15335,25.16,29.8,35.01,22.77327761,10.00
15336,25.16,29.8,35.01,21.06077942,10.00
15337,25.16,29.8,35.01,20.82837671,10.00
15338,25.16,29.8,35.01,20.81875706,10.00
15339,25.16,29.8,16.04,17.04437987,10.00
15340,25.16,29.8,16.04,10.69989047,10.00
15341,25.16,29.8,16.04,8.747244718,10.00
15342,25.16,29.8,16.04,22.36435582,10.00
15343,25.16,29.8,16.04,16.35797457,10.00
15344,25.16,29.8,16.04,21.83156233,10.00
15345,25.16,29.8,35.01,17.07318818,10.00
15346,25.16,29.8,35.01,13.18806454,10.00
15347,25.16,29.8,35.01,19.48189754,10.00
15348,25.16,29.8,35.01,23.21370309,10.00
15349,25.16,29.8,35.01,15.33211387,10.00
15350,25.16,29.8,35.01,14.64584205,10.00
15351,25.16,29.8,35.01,21.92747618,10.00
15352,25.16,29.8,35.01,17.61631914,10.00
15353,25.16,29.8,35.01,18.82686696,10.00
15354,25.16,29.8,35.01,13.75191583,10.00
15355,25.16,29.8,35.01,26.40765629,10.00
15356,25.16,29.8,35.01,13.25549388,10.00
15357,25.16,29.8,35.01,4.748477534,10.00
15358,25.16,29.8,35.01,13.78450809,10.00
15359,25.16,29.8,35.01,18.30820041,10.00
15360,25.16,14.6,16.04,10.02955228,10.00
15361,25.16,14.6,16.04,8.979767265,10.00
15362,25.16,14.6,16.04,13.39610536,10.00
15363,25.16,14.6,16.04,8.616476784,10.00
15364,25.16,14.6,16.04,18.85390616,10.00
15365,25.16,14.6,16.04,18.3904081,10.00
15366,25.16,14.6,16.04,17.83163555,10.00
15367,25.16,14.6,16.04,12.839456,10.00
15368,25.16,14.6,16.04,8.983901743,10.00
15369,25.16,14.6,16.04,8.495970013,10.00
15370,25.16,14.6,16.04,15.6073659,10.00
15371,25.16,14.6,16.04,20.67945444,10.00
15372,25.16,14.6,16.04,21.38425561,10.00
15373,25.16,14.6,16.04,28.16296444,10.00
15374,25.16,29.8,35.01,27.06044246,10.00
15375,25.16,29.8,35.01,24.946008,10.00
15376,25.16,29.8,35.01,20.83235747,10.00
15377,25.16,29.8,35.01,16.90233128,10.00
15378,25.16,29.8,35.01,27.53647501,10.00
15379,25.16,29.8,35.01,26.05916593,10.00
15380,25.16,29.8,35.01,21.2260673,10.00
15381,25.16,29.8,35.01,26.56332304,10.00
15382,25.16,29.8,35.01,15.78958629,10.00
15383,25.16,29.8,35.01,21.65693664,10.00
15384,25.16,29.8,35.01,20.02838472,10.00
15385,25.16,29.8,35.01,19.80737435,10.00
15386,25.16,29.8,35.01,19.79822624,10.00
15387,25.16,29.8,16.04,16.20886818,10.00
15388,25.16,29.8,16.04,10.17538423,10.00
15389,25.16,29.8,16.04,8.318456739,10.00
15390,25.16,29.8,16.04,21.2680601,10.00
15391,25.16,29.8,16.04,15.55611032,10.00
15392,25.16,29.8,16.04,20.76138403,10.00
15393,25.16,29.8,35.01,16.23626432,10.00
15394,25.16,29.8,35.01,12.54158857,10.00
15395,25.16,29.8,35.01,18.52689928,10.00
15396,25.16,29.8,35.01,22.07577256,10.00
15397,25.16,29.8,35.01,14.58053708,10.00
15398,25.16,29.8,35.01,13.92790615,10.00
15399,25.16,29.8,35.01,20.85259621,10.00
15400,25.16,29.8,35.01,16.75277112,10.00
15401,25.16,29.8,35.01,17.90397815,10.00
15402,25.16,29.8,35.01,13.0778,10.00
15403,25.16,29.8,35.01,25.11315889,10.00
15404,25.16,29.8,35.01,12.72901193,10.00
15405,25.16,29.8,35.01,4.559877414,10.00
15406,25.16,29.8,35.01,13.23701474,10.00
15407,25.16,29.8,35.01,17.58103496,10.00
15408,25.16,14.6,16.04,10.10035091,10.00
15409,25.16,14.6,16.04,9.043155467,10.00
15410,25.16,14.6,16.04,13.4906685,10.00
15411,25.16,14.6,16.04,8.677300518,10.00
15412,25.16,14.6,16.04,18.98699593,10.00
15413,25.16,14.6,16.04,18.52022604,10.00
15414,25.16,14.6,16.04,17.95750912,10.00
15415,25.16,14.6,16.04,12.93008975,10.00
15416,25.16,14.6,16.04,9.04731913,10.00
15417,25.16,14.6,16.04,8.555943089,10.00
15418,25.16,14.6,16.04,15.71753834,10.00
15419,25.16,14.6,16.04,20.82543077,10.00
15420,25.16,14.6,16.04,21.57238148,10.00
15421,25.16,14.6,16.04,28.41072533,10.00
15422,25.16,29.8,35.01,27.29850403,10.00
15423,25.16,29.8,35.01,25.16546804,10.00
15424,25.16,29.8,35.01,21.01562808,10.00
15425,25.16,29.8,35.01,17.05102787,10.00
15426,25.16,29.8,35.01,27.77872443,10.00
15427,25.16,29.8,35.01,26.28841887,10.00
15428,25.16,29.8,35.01,21.41280153,10.00
15429,25.16,29.8,35.01,26.79701124,10.00
15430,25.16,29.8,35.01,15.92849361,10.00
15431,25.16,29.8,35.01,21.84746139,10.00
15432,25.16,29.8,35.01,20.20458246,10.00
15433,25.16,29.8,35.01,19.98162776,10.00
15434,25.16,29.8,35.01,19.97239918,10.00
15435,25.16,29.8,16.04,16.3514641,10.00
15436,25.16,29.8,16.04,10.26490117,10.00
15437,25.16,29.8,16.04,8.391637539,10.00
15438,25.16,29.8,16.04,21.45516376,10.00
15439,25.16,29.8,16.04,15.69296366,10.00
15440,25.16,29.8,16.04,20.94403025,10.00
15441,25.16,29.8,35.01,16.37910125,10.00
15442,25.16,29.8,35.01,12.65192196,10.00
15443,25.16,29.8,35.01,18.68988785,10.00
15444,25.16,29.8,35.01,22.26998199,10.00
15445,25.16,29.8,35.01,14.70880792,10.00
15446,25.16,29.8,35.01,14.05043553,10.00
15447,25.16,29.8,35.01,21.03604486,10.00
15448,25.16,29.8,35.01,16.90015197,10.00
15449,25.16,29.8,35.01,18.06148663,10.00
15450,25.16,29.8,35.01,13.19285065,10.00
15451,25.16,29.8,35.01,25.33408942,10.00
15452,25.16,29.8,35.01,12.81886606,10.00
15453,25.16,29.8,35.01,4.592065602,10.00
15454,25.16,29.8,35.01,13.33045486,10.00
15455,25.16,29.8,35.01,17.70513953,10.00
15456,25.16,14.6,16.04,10.131735,10.00
15457,25.16,14.6,16.04,9.071254605,10.00
15458,25.16,14.6,16.04,13.53258707,10.00
15459,25.16,14.6,16.04,8.704262861,10.00
15460,25.16,14.6,16.04,19.04599284,10.00
15461,25.16,14.6,16.04,18.57777259,10.00
15462,25.16,14.6,16.04,18.01330718,10.00
15463,25.16,14.6,16.04,12.97026648,10.00
15464,25.16,14.6,16.04,9.075431205,10.00
15465,25.16,14.6,16.04,8.582528347,10.00
15466,25.16,14.6,16.04,15.7663763,10.00
15467,25.16,14.6,16.04,20.89014011,10.00
15468,25.16,14.6,16.04,21.65577515,10.00
15469,25.16,14.6,16.04,28.52055441,10.00
15470,25.16,29.8,35.01,27.40403352,10.00
15471,25.16,29.8,35.01,25.26275172,10.00
15472,25.16,29.8,35.01,21.09686947,10.00
15473,25.16,29.8,35.01,17.11694307,10.00
15474,25.16,29.8,35.01,27.88611034,10.00
15475,25.16,29.8,35.01,26.39004361,10.00
15476,25.16,29.8,35.01,21.4955783,10.00
15477,25.16,29.8,35.01,26.90060208,10.00
15478,25.16,29.8,35.01,15.99006936,10.00
15479,25.16,29.8,35.01,21.93191846,10.00
15480,25.16,29.8,35.01,20.28268854,10.00
15481,25.16,29.8,35.01,20.05887196,10.00
15482,25.16,29.8,35.01,20.0496077,10.00
15483,25.16,29.8,16.04,16.41467495,10.00
15484,25.16,29.8,16.04,10.30458282,10.00
15485,25.16,29.8,16.04,8.424077604,10.00
15486,25.16,29.8,16.04,21.53810429,10.00
15487,25.16,29.8,16.04,15.75362891,10.00
15488,25.16,29.8,16.04,21.02499486,10.00
15489,25.16,29.8,35.01,16.44241894,10.00
15490,25.16,29.8,35.01,12.70083126,10.00
15491,25.16,29.8,35.01,18.76213849,10.00
15492,25.16,29.8,35.01,22.35607242,10.00
15493,25.16,29.8,35.01,14.76566865,10.00
15494,25.16,29.8,35.01,14.10475115,10.00
15495,25.16,29.8,35.01,21.11736518,10.00
15496,25.16,29.8,35.01,16.96548391,10.00
15497,25.16,29.8,35.01,18.13130802,10.00
15498,25.16,29.8,35.01,13.24385106,10.00
15499,25.16,29.8,35.01,25.43202496,10.00
15500,25.16,29.8,35.01,12.85869719,10.00
15501,25.16,29.8,35.01,4.606334192,10.00
15502,25.16,29.8,35.01,13.37187561,10.00
15503,25.16,29.8,35.01,17.76015342,10.00
15504,25.16,14.6,16.04,10.16989052,10.00
15505,25.16,14.6,16.04,9.105416418,10.00
15506,25.16,14.6,16.04,13.58355,10.00
15507,25.16,14.6,16.04,8.737042605,10.00
15508,25.16,14.6,16.04,19.11771894,10.00
15509,25.16,14.6,16.04,18.64773539,10.00
15510,25.16,14.6,16.04,18.08114424,10.00
15511,25.16,14.6,16.04,13.01911174,10.00
15512,25.16,14.6,16.04,9.109608748,10.00
15513,25.16,14.6,16.04,8.614849646,10.00
15514,25.16,14.6,16.04,15.82575155,10.00
15515,25.16,14.6,16.04,20.96881116,10.00
15516,25.16,14.6,16.04,21.75716186,10.00
15517,25.16,14.6,16.04,28.65408022,10.00
15518,25.16,29.8,35.01,27.53233208,10.00
15519,25.16,29.8,35.01,25.38102535,10.00
15520,25.16,29.8,35.01,21.19563953,10.00
15521,25.16,29.8,35.01,17.19708014,10.00
15522,25.16,29.8,35.01,28.01666585,10.00
15523,25.16,29.8,35.01,26.51359493,10.00
15524,25.16,29.8,35.01,21.59621501,10.00
15525,25.16,29.8,35.01,27.02654371,10.00
15526,25.16,29.8,35.01,16.06493071,10.00
15527,25.16,29.8,35.01,22.034598,10.00
15528,25.16,29.8,35.01,20.37764682,10.00
15529,25.16,29.8,35.01,20.15278238,10.00
15530,25.16,29.8,35.01,20.14347475,10.00
15531,25.16,29.8,16.04,16.49152419,10.00
15532,25.16,29.8,16.04,10.3528262,10.00
15533,25.16,29.8,16.04,8.463516945,10.00
15534,25.16,29.8,16.04,21.6389401,10.00
15535,25.16,29.8,16.04,15.8273833,10.00
15536,25.16,29.8,16.04,21.12342842,10.00
15537,25.16,29.8,35.01,16.51939807,10.00
15538,25.16,29.8,35.01,12.76029325,10.00
15539,25.16,29.8,35.01,18.84997794,10.00
15540,25.16,29.8,35.01,22.46073773,10.00
15541,25.16,29.8,35.01,14.83479767,10.00
15542,25.16,29.8,35.01,14.17078593,10.00
15543,25.16,29.8,35.01,21.21623119,10.00
15544,25.16,29.8,35.01,17.0449119,10.00
15545,25.16,29.8,35.01,18.21619409,10.00
15546,25.16,29.8,35.01,13.30585532,10.00
15547,25.16,29.8,35.01,25.55109108,10.00
15548,25.16,29.8,35.01,12.90712229,10.00
15549,25.16,29.8,35.01,4.623681377,10.00
15550,25.16,29.8,35.01,13.42223331,10.00
15551,25.16,29.8,35.01,17.82703712,10.00
15552,25.16,14.6,16.04,10.04248161,10.00
15553,25.16,14.6,16.04,8.991343294,10.00
15554,25.16,14.6,16.04,13.41337459,10.00
15555,25.16,14.6,16.04,8.627584487,10.00
15556,25.16,14.6,16.04,18.87821117,10.00
15557,25.16,14.6,16.04,18.4141156,10.00
15558,25.16,14.6,16.04,17.85462273,10.00
15559,25.16,14.6,16.04,12.85600764,10.00
15560,25.16,14.6,16.04,8.995483101,10.00
15561,25.16,14.6,16.04,8.506922367,10.00
15562,25.16,14.6,16.04,15.62748572,10.00
15563,25.16,14.6,16.04,20.70611281,10.00
15564,25.16,14.6,16.04,21.41861138,10.00
15565,25.16,14.6,16.04,28.20821083,10.00
15566,25.16,29.8,35.01,27.10391754,10.00
15567,25.16,29.8,35.01,24.98608605,10.00
15568,25.16,29.8,35.01,20.86582657,10.00
15569,25.16,29.8,35.01,16.92948643,10.00
15570,25.16,29.8,35.01,27.58071489,10.00
15571,25.16,29.8,35.01,26.10103238,10.00
15572,25.16,29.8,35.01,21.26016893,10.00
15573,25.16,29.8,35.01,26.60599945,10.00
15574,25.16,29.8,35.01,15.81495371,10.00
15575,25.16,29.8,35.01,21.69173049,10.00
15576,25.16,29.8,35.01,20.06056216,10.00
15577,25.16,29.8,35.01,19.83919671,10.00
15578,25.16,29.8,35.01,19.83003391,10.00
15579,25.16,29.8,16.04,16.23490922,10.00
15580,25.16,29.8,16.04,10.19173192,10.00
15581,25.16,29.8,16.04,8.331821103,10.00
15582,25.16,29.8,16.04,21.30222919,10.00
15583,25.16,29.8,16.04,15.58110264,10.00
15584,25.16,29.8,16.04,20.7947391,10.00
15585,25.16,29.8,35.01,16.26234937,10.00
15586,25.16,29.8,35.01,12.56173778,10.00
15587,25.16,29.8,35.01,18.55666445,10.00
15588,25.16,29.8,35.01,22.11123932,10.00
15589,25.16,29.8,35.01,14.60396205,10.00
15590,25.16,29.8,35.01,13.95028261,10.00
15591,25.16,29.8,35.01,20.88609782,10.00
15592,25.16,29.8,35.01,16.77968598,10.00
15593,25.16,29.8,35.01,17.93274254,10.00
15594,25.16,29.8,35.01,13.09881068,10.00
15595,25.16,29.8,35.01,25.15350548,10.00
15596,25.16,29.8,35.01,12.7454212,10.00
15597,25.16,29.8,35.01,4.565755659,10.00
15598,25.16,29.8,35.01,13.25407889,10.00
15599,25.16,29.8,35.01,17.60369908,10.00
15600,25.16,14.6,16.04,9.945748694,10.00
15601,25.16,14.6,16.04,8.904735335,10.00
15602,25.16,14.6,16.04,13.28417199,10.00
15603,25.16,14.6,16.04,8.544480388,10.00
15604,25.16,14.6,16.04,18.69636923,10.00
15605,25.16,14.6,16.04,18.236744,10.00
15606,25.16,14.6,16.04,17.68264038,10.00
15607,25.16,14.6,16.04,12.7321738,10.00
15608,25.16,14.6,16.04,8.908835267,10.00
15609,25.16,14.6,16.04,8.424980531,10.00
15610,25.16,14.6,16.04,15.47695597,10.00
15611,25.16,14.6,16.04,20.50666384,10.00
15612,25.16,14.6,16.04,21.16157304,10.00
15613,25.16,14.6,16.04,27.86969254,10.00
15614,25.16,29.8,35.01,26.77865155,10.00
15615,25.16,29.8,35.01,24.68623552,10.00
15616,25.16,29.8,35.01,20.61542204,10.00
15617,25.16,29.8,35.01,16.72632074,10.00
15618,25.16,29.8,35.01,27.24972699,10.00
15619,25.16,29.8,35.01,25.78780171,10.00
15620,25.16,29.8,35.01,21.00503201,10.00
15621,25.16,29.8,35.01,26.28670883,10.00
15622,25.16,29.8,35.01,15.62516319,10.00
15623,25.16,29.8,35.01,21.43141454,10.00
15624,25.16,29.8,35.01,19.81982137,10.00
15625,25.16,29.8,35.01,19.60111246,10.00
15626,25.16,29.8,35.01,19.59205962,10.00
15627,25.16,29.8,16.04,16.04007894,10.00
15628,25.16,29.8,16.04,10.069424,10.00
15629,25.16,29.8,16.04,8.231833415,10.00
15630,25.16,29.8,16.04,21.04658753,10.00
15631,25.16,29.8,16.04,15.3941185,10.00
15632,25.16,29.8,16.04,20.54518766,10.00
15633,25.16,29.8,35.01,16.06718979,10.00
15634,25.16,29.8,35.01,12.41098813,10.00
15635,25.16,29.8,35.01,18.33397148,10.00
15636,25.16,29.8,35.01,21.84588896,10.00
15637,25.16,29.8,35.01,14.42870428,10.00
15638,25.16,29.8,35.01,13.78286945,10.00
15639,25.16,29.8,35.01,20.63545002,10.00
15640,25.16,29.8,35.01,16.578318,10.00
15641,25.16,29.8,35.01,17.71753707,10.00
15642,25.16,29.8,35.01,12.94161578,10.00
15643,25.16,29.8,35.01,24.8516458,10.00
15644,25.16,29.8,35.01,12.62265256,10.00
15645,25.16,29.8,35.01,4.521776605,10.00
15646,25.16,29.8,35.01,13.12641068,10.00
15647,25.16,29.8,35.01,17.43413372,10.00
15648,25.16,14.6,16.04,10.18923664,10.00
15649,25.16,14.6,16.04,9.122737594,10.00
15650,25.16,14.6,16.04,13.6093899,10.00
15651,25.16,14.6,16.04,8.753663026,10.00
15652,25.16,14.6,16.04,19.15408645,10.00
15653,25.16,14.6,16.04,18.68320886,10.00
15654,25.16,14.6,16.04,18.11553988,10.00
15655,25.16,14.6,16.04,13.04387792,10.00
15656,25.16,14.6,16.04,9.126937899,10.00
15657,25.16,14.6,16.04,8.63123762,10.00
15658,25.16,14.6,16.04,15.85585678,10.00
15659,25.16,14.6,16.04,21.00869999,10.00
15660,25.16,14.6,16.04,21.80856829,10.00
15661,25.16,14.6,16.04,28.72178226,10.00
15662,25.16,29.8,35.01,27.59738371,10.00
15663,25.16,29.8,35.01,25.44099402,10.00
15664,25.16,29.8,35.01,21.24571923,10.00
15665,25.16,29.8,35.01,17.23771231,10.00
15666,25.16,29.8,35.01,28.08286184,10.00
15667,25.16,29.8,35.01,26.57623956,10.00
15668,25.16,29.8,35.01,21.64724117,10.00
15669,25.16,29.8,35.01,27.0904003,10.00
15670,25.16,29.8,35.01,16.1028879,10.00
15671,25.16,29.8,35.01,22.08665994,10.00
15672,25.16,29.8,35.01,20.42579382,10.00
15673,25.16,29.8,35.01,20.20039809,10.00
15674,25.16,29.8,35.01,20.19106847,10.00
15675,25.16,29.8,16.04,16.53048931,10.00
15676,25.16,29.8,16.04,10.37728719,10.00
15677,25.16,29.8,16.04,8.483514002,10.00
15678,25.16,29.8,16.04,21.6900672,10.00
15679,25.16,29.8,16.04,15.86477923,10.00
15680,25.16,29.8,16.04,21.17333751,10.00
15681,25.16,29.8,35.01,16.55842905,10.00
15682,25.16,29.8,35.01,12.79044246,10.00
15683,25.16,29.8,35.01,18.89451546,10.00
15684,25.16,29.8,35.01,22.51380653,10.00
15685,25.16,29.8,35.01,14.86984838,10.00
15686,25.16,29.8,35.01,14.20426776,10.00
15687,25.16,29.8,35.01,21.26635955,10.00
15688,25.16,29.8,35.01,17.08518453,10.00
15689,25.16,29.8,35.01,18.25923415,10.00
15690,25.16,29.8,35.01,13.33729355,10.00
15691,25.16,29.8,35.01,25.61146157,10.00
15692,25.16,29.8,35.01,12.93167542,10.00
15693,25.16,29.8,35.01,4.632476977,10.00
15694,25.16,29.8,35.01,13.44776634,10.00
15695,25.16,29.8,35.01,17.86094938,10.00
15696,25.16,14.6,16.04,10.375653,10.00
15697,25.16,14.6,16.04,9.289641908,10.00
15698,25.16,14.6,16.04,13.85837941,10.00
15699,25.16,14.6,16.04,8.913814965,10.00
15700,25.16,14.6,16.04,19.5045185,10.00
15701,25.16,14.6,16.04,19.02502601,10.00
15702,25.16,14.6,16.04,18.44697129,10.00
15703,25.16,14.6,16.04,13.28252114,10.00
15704,25.16,14.6,16.04,9.293919059,10.00
15705,25.16,14.6,16.04,8.789149735,10.00
15706,25.16,14.6,16.04,16.14594633,10.00
15707,25.16,14.6,16.04,21.39306298,10.00
15708,25.16,14.6,16.04,22.30391315,10.00
15709,25.16,14.6,16.04,29.37414912,10.00
15710,25.16,29.8,35.01,28.22421175,10.00
15711,25.16,29.8,35.01,26.01884331,10.00
15712,25.16,29.8,35.01,21.72827993,10.00
15713,25.16,29.8,35.01,17.62923788,10.00
15714,25.16,29.8,35.01,28.7207167,10.00
15715,25.16,29.8,35.01,27.17987404,10.00
15716,25.16,29.8,35.01,22.13892175,10.00
15717,25.16,29.8,35.01,27.70571307,10.00
15718,25.16,29.8,35.01,16.46863785,10.00
15719,25.16,29.8,35.01,22.58832118,10.00
15720,25.16,29.8,35.01,20.88973129,10.00
15721,25.16,29.8,35.01,20.65921607,10.00
15722,25.16,29.8,35.01,20.64967455,10.00
15723,25.16,29.8,16.04,16.9059515,10.00
15724,25.16,29.8,16.04,10.61298978,10.00
15725,25.16,29.8,16.04,8.67620272,10.00
15726,25.16,29.8,16.04,22.18272051,10.00
15727,25.16,29.8,16.04,16.22512095,10.00
15728,25.16,29.8,16.04,21.65425417,10.00
15729,25.16,29.8,35.01,16.93452585,10.00
15730,25.16,29.8,35.01,13.08095579,10.00
15731,25.16,29.8,35.01,19.32367253,10.00
15732,25.16,29.8,35.01,23.02516969,10.00
15733,25.16,29.8,35.01,15.20759192,10.00
15734,25.16,29.8,35.01,14.52689375,10.00
15735,25.16,29.8,35.01,21.74938905,10.00
15736,25.16,29.8,35.01,17.47324569,10.00
15737,25.16,29.8,35.01,18.67396187,10.00
15738,25.16,29.8,35.01,13.64022768,10.00
15739,25.16,29.8,35.01,26.19318274,10.00
15740,25.16,29.8,35.01,13.16826585,10.00
15741,25.16,29.8,35.01,4.717230088,10.00
15742,25.16,29.8,35.01,13.69379887,10.00
15743,25.16,29.8,35.01,18.18772295,10.00
15744,25.16,14.6,16.04,10.23535763,10.00
15745,25.16,14.6,16.04,9.164031139,10.00
15746,25.16,14.6,16.04,13.67099202,10.00
15747,25.16,14.6,16.04,8.793285976,10.00
15748,25.16,14.6,16.04,19.24078632,10.00
15749,25.16,14.6,16.04,18.76777732,10.00
15750,25.16,14.6,16.04,18.19753883,10.00
15751,25.16,14.6,16.04,13.10292028,10.00
15752,25.16,14.6,16.04,9.168250455,10.00
15753,25.16,14.6,16.04,8.670306418,10.00
15754,25.16,14.6,16.04,15.92762739,10.00
15755,25.16,14.6,16.04,21.10379466,10.00
15756,25.16,14.6,16.04,21.93112082,10.00
15757,25.16,14.6,16.04,28.88318336,10.00
15758,25.16,29.8,35.01,27.75246629,10.00
15759,25.16,29.8,35.01,25.58395884,10.00
15760,25.16,29.8,35.01,21.36510885,10.00
15761,25.16,29.8,35.01,17.33457906,10.00
15762,25.16,29.8,35.01,28.24067255,10.00
15763,25.16,29.8,35.01,26.72558386,10.00
15764,25.16,29.8,35.01,21.76888712,10.00
15765,25.16,29.8,35.01,27.2426339,10.00
15766,25.16,29.8,35.01,16.19337754,10.00
15767,25.16,29.8,35.01,22.21077519,10.00
15768,25.16,29.8,35.01,20.54057589,10.00
15769,25.16,29.8,35.01,20.31391355,10.00
15770,25.16,29.8,35.01,20.3045315,10.00
15771,25.16,29.8,16.04,16.62338184,10.00
15772,25.16,29.8,16.04,10.43560201,10.00
15773,25.16,29.8,16.04,8.531186827,10.00
15774,25.16,29.8,16.04,21.81195381,10.00
15775,25.16,29.8,16.04,15.95393083,10.00
15776,25.16,29.8,16.04,21.29232038,10.00
15777,25.16,29.8,35.01,16.65147859,10.00
15778,25.16,29.8,35.01,12.86231792,10.00
15779,25.16,29.8,35.01,19.00069257,10.00
15780,25.16,29.8,35.01,22.64032212,10.00
15781,25.16,29.8,35.01,14.953409,10.00
15782,25.16,29.8,35.01,14.28408817,10.00
15783,25.16,29.8,35.01,21.38586515,10.00
15784,25.16,29.8,35.01,17.18119415,10.00
15785,25.16,29.8,35.01,18.36184131,10.00
15786,25.16,29.8,35.01,13.41224203,10.00
15787,25.16,29.8,35.01,25.75538433,10.00
15788,25.16,29.8,35.01,12.9902099,10.00
15789,25.16,29.8,35.01,4.653445616,10.00
15790,25.16,29.8,35.01,13.50863688,10.00
15791,25.16,29.8,35.01,17.94179594,10.00
15792,25.16,14.6,16.04,9.917889628,10.00
15793,25.16,14.6,16.04,8.879792255,10.00
15794,25.16,14.6,16.04,13.24696165,10.00
15795,25.16,14.6,16.04,8.520546419,10.00
15796,25.16,14.6,16.04,18.64399877,10.00
15797,25.16,14.6,16.04,18.185661,10.00
15798,25.16,14.6,16.04,17.63310948,10.00
15799,25.16,14.6,16.04,12.69650967,10.00
15800,25.16,14.6,16.04,8.883880702,10.00
15801,25.16,14.6,16.04,8.401381293,10.00
15802,25.16,14.6,16.04,15.43360343,10.00
15803,25.16,14.6,16.04,20.44922257,10.00
15804,25.16,14.6,16.04,21.08754604,10.00
15805,25.16,14.6,16.04,27.77219932,10.00
15806,25.16,29.8,35.01,26.68497499,10.00
15807,25.16,29.8,35.01,24.59987861,10.00
15808,25.16,29.8,35.01,20.54330557,10.00
15809,25.16,29.8,35.01,16.66780904,10.00
15810,25.16,29.8,35.01,27.15440252,10.00
15811,25.16,29.8,35.01,25.69759132,10.00
15812,25.16,29.8,35.01,20.93155261,10.00
15813,25.16,29.8,35.01,26.19475317,10.00
15814,25.16,29.8,35.01,15.57050354,10.00
15815,25.16,29.8,35.01,21.35644358,10.00
15816,25.16,29.8,35.01,19.75048805,10.00
15817,25.16,29.8,35.01,19.53254422,10.00
15818,25.16,29.8,35.01,19.52352305,10.00
15819,25.16,29.8,16.04,15.98396784,10.00
15820,25.16,29.8,16.04,10.03419933,10.00
15821,25.16,29.8,16.04,8.203036974,10.00
15822,25.16,29.8,16.04,20.97296276,10.00
15823,25.16,29.8,16.04,15.34026709,10.00
15824,25.16,29.8,16.04,20.47331688,10.00
15825,25.16,29.8,35.01,16.01098385,10.00
15826,25.16,29.8,35.01,12.36757225,10.00
15827,25.16,29.8,35.01,18.26983593,10.00
15828,25.16,29.8,35.01,21.76946809,10.00
15829,25.16,29.8,35.01,14.37823007,10.00
15830,25.16,29.8,35.01,13.73465448,10.00
15831,25.16,29.8,35.01,20.56326348,10.00
15832,25.16,29.8,35.01,16.52032405,10.00
15833,25.16,29.8,35.01,17.65555792,10.00
15834,25.16,29.8,35.01,12.89634367,10.00
15835,25.16,29.8,35.01,24.76471026,10.00
15836,25.16,29.8,35.01,12.58729522,10.00
15837,25.16,29.8,35.01,4.509110643,10.00
15838,25.16,29.8,35.01,13.08964225,10.00
15839,25.16,29.8,35.01,17.38529891,10.00
15840,25.16,14.6,16.04,9.778082495,10.00
15841,25.16,14.6,16.04,8.754618619,10.00
15842,25.16,14.6,16.04,13.06022639,10.00
15843,25.16,14.6,16.04,8.400436878,10.00
15844,25.16,14.6,16.04,18.38118439,10.00
15845,25.16,14.6,16.04,17.92930756,10.00
15846,25.16,14.6,16.04,17.38454506,10.00
15847,25.16,14.6,16.04,12.51753383,10.00
15848,25.16,14.6,16.04,8.758649434,10.00
15849,25.16,14.6,16.04,8.282951559,10.00
15850,25.16,14.6,16.04,15.21604425,10.00
15851,25.16,14.6,16.04,20.16096092,10.00
15852,25.16,14.6,16.04,20.71605104,10.00
15853,25.16,14.6,16.04,27.28294216,10.00
15854,25.16,29.8,35.01,26.21487123,10.00
15855,25.16,29.8,35.01,24.16650757,10.00
15856,25.16,29.8,35.01,20.18139835,10.00
15857,25.16,29.8,35.01,16.37417565,10.00
15858,25.16,29.8,35.01,26.67602896,10.00
15859,25.16,29.8,35.01,25.2448821,10.00
15860,25.16,29.8,35.01,20.56280572,10.00
15861,25.16,29.8,35.01,25.73328555,10.00
15862,25.16,29.8,35.01,15.29620116,10.00
15863,25.16,29.8,35.01,20.98021147,10.00
15864,25.16,29.8,35.01,19.40254774,10.00
15865,25.16,29.8,35.01,19.18844338,10.00
15866,25.16,29.8,35.01,19.17958113,10.00
15867,25.16,29.8,16.04,15.70238154,10.00
15868,25.16,29.8,16.04,9.857428891,10.00
15869,25.16,29.8,16.04,8.058525747,10.00
15870,25.16,29.8,16.04,20.60348636,10.00
15871,25.16,29.8,16.04,15.07002073,10.00
15872,25.16,29.8,16.04,20.11264264,10.00
15873,25.16,29.8,35.01,15.72892162,10.00
15874,25.16,29.8,35.01,12.14969526,10.00
15875,25.16,29.8,35.01,17.94797996,10.00
15876,25.16,29.8,35.01,21.38595982,10.00
15877,25.16,29.8,35.01,14.12493172,10.00
15878,25.16,29.8,35.01,13.49269388,10.00
15879,25.16,29.8,35.01,20.20100467,10.00
15880,25.16,29.8,35.01,16.22928887,10.00
15881,25.16,29.8,35.01,17.34452356,10.00
15882,25.16,29.8,35.01,12.66915142,10.00
15883,25.16,29.8,35.01,24.32843541,10.00
15884,25.16,29.8,35.01,12.40985891,10.00
15885,25.16,29.8,35.01,4.445548145,10.00
15886,25.16,29.8,35.01,12.90512463,10.00
15887,25.16,29.8,35.01,17.14022774,10.00
15888,25.16,14.6,16.04,10.01777442,10.00
15889,25.16,14.6,16.04,8.969222183,10.00
15890,25.16,14.6,16.04,13.3803741,10.00
15891,25.16,14.6,16.04,8.60635832,10.00
15892,25.16,14.6,16.04,18.83176572,10.00
15893,25.16,14.6,16.04,18.36881195,10.00
15894,25.16,14.6,16.04,17.81069558,10.00
15895,25.16,14.6,16.04,12.82437842,10.00
15896,25.16,14.6,16.04,8.973351806,10.00
15897,25.16,14.6,16.04,8.485993062,10.00
15898,25.16,14.6,16.04,15.58903792,10.00
15899,25.16,14.6,16.04,20.65517024,10.00
15900,25.16,14.6,16.04,21.35295952,10.00
15901,25.16,14.6,16.04,28.12174764,10.00
15902,25.16,29.8,35.01,27.02083921,10.00
15903,25.16,29.8,35.01,24.90949925,10.00
15904,25.16,29.8,35.01,20.80186909,10.00
15905,25.16,29.8,35.01,16.87759454,10.00
15906,25.16,29.8,35.01,27.49617508,10.00
15907,25.16,29.8,35.01,26.02102806,10.00
15908,25.16,29.8,35.01,21.19500272,10.00
15909,25.16,29.8,35.01,26.52444733,10.00
15910,25.16,29.8,35.01,15.76647806,10.00
15911,25.16,29.8,35.01,21.62524148,10.00
15912,25.16,29.8,35.01,19.99907297,10.00
15913,25.16,29.8,35.01,19.77838604,10.00
15914,25.16,29.8,35.01,19.76925133,10.00
15915,25.16,29.8,16.04,16.18514633,10.00
15916,25.16,29.8,16.04,10.16049244,10.00
15917,25.16,29.8,16.04,8.306282588,10.00
15918,25.16,29.8,16.04,21.23693407,10.00
15919,25.16,29.8,16.04,15.53334379,10.00
15920,25.16,29.8,16.04,20.73099952,10.00
15921,25.16,29.8,35.01,16.21250237,10.00
15922,25.16,29.8,35.01,12.52323382,10.00
15923,25.16,29.8,35.01,18.49978497,10.00
15924,25.16,29.8,35.01,22.04346443,10.00
15925,25.16,29.8,35.01,14.55919831,10.00
15926,25.16,29.8,35.01,13.90752251,10.00
15927,25.16,29.8,35.01,20.82207821,10.00
15928,25.16,29.8,35.01,16.72825326,10.00
15929,25.16,29.8,35.01,17.87777549,10.00
15930,25.16,29.8,35.01,13.0586605,10.00
15931,25.16,29.8,35.01,25.07640551,10.00
15932,25.16,29.8,35.01,12.71406405,10.00
15933,25.16,29.8,35.01,4.554522679,10.00
15934,25.16,29.8,35.01,13.22147031,10.00
15935,25.16,29.8,35.01,17.56038927,10.00
15936,25.16,14.6,16.04,10.33998361,10.00
15937,25.16,14.6,16.04,9.257706002,10.00
15938,25.16,14.6,16.04,13.81073711,10.00
15939,25.16,14.6,16.04,8.883171076,10.00
15940,25.16,14.6,16.04,19.43746592,10.00
15941,25.16,14.6,16.04,18.95962182,10.00
15942,25.16,14.6,16.04,18.38355434,10.00
15943,25.16,14.6,16.04,13.23685852,10.00
15944,25.16,14.6,16.04,9.261968449,10.00
15945,25.16,14.6,16.04,8.75893442,10.00
15946,25.16,14.6,16.04,16.09043984,10.00
15947,25.16,14.6,16.04,21.31951796,10.00
15948,25.16,14.6,16.04,22.20913258,10.00
15949,25.16,14.6,16.04,29.24932354,10.00
15950,25.16,29.8,35.01,28.10427284,10.00
15951,25.16,29.8,35.01,25.90827612,10.00
15952,25.16,29.8,35.01,21.63594551,10.00
15953,25.16,29.8,35.01,17.55432236,10.00
15954,25.16,29.8,35.01,28.59866789,10.00
15955,25.16,29.8,35.01,27.06437305,10.00
15956,25.16,29.8,35.01,22.04484231,10.00
15957,25.16,29.8,35.01,27.58797752,10.00
15958,25.16,29.8,35.01,16.3986543,10.00
15959,25.16,29.8,35.01,22.49233201,10.00
15960,25.16,29.8,35.01,20.80096029,10.00
15961,25.16,29.8,35.01,20.57142465,10.00
15962,25.16,29.8,35.01,20.56192366,10.00
15963,25.16,29.8,16.04,16.83410959,10.00
15964,25.16,29.8,16.04,10.56788983,10.00
15965,25.16,29.8,16.04,8.639333159,10.00
15966,25.16,29.8,16.04,22.08845494,10.00
15967,25.16,29.8,16.04,16.15617222,10.00
15968,25.16,29.8,16.04,21.56223433,10.00
15969,25.16,29.8,35.01,16.86256251,10.00
15970,25.16,29.8,35.01,13.02536821,10.00
15971,25.16,29.8,35.01,19.2415565,10.00
15972,25.16,29.8,35.01,22.92732413,10.00
15973,25.16,29.8,35.01,15.14296719,10.00
15974,25.16,29.8,35.01,14.46516165,10.00
15975,25.16,29.8,35.01,21.65696493,10.00
15976,25.16,29.8,35.01,17.39899305,10.00
15977,25.16,29.8,35.01,18.59460679,10.00
15978,25.16,29.8,35.01,13.58226348,10.00
15979,25.16,29.8,35.01,26.08187469,10.00
15980,25.16,29.8,35.01,13.12299602,10.00
15981,25.16,29.8,35.01,4.701013207,10.00
15982,25.16,29.8,35.01,13.64672237,10.00
15983,25.16,29.8,35.01,18.12519724,10.00
15984,25.16,14.6,16.04,10.23324715,10.00
15985,25.16,14.6,16.04,9.162141564,10.00
15986,25.16,14.6,16.04,13.66817314,10.00
15987,25.16,14.6,16.04,8.791472847,10.00
15988,25.16,14.6,16.04,19.23681897,10.00
15989,25.16,14.6,16.04,18.76390751,10.00
15990,25.16,14.6,16.04,18.19378659,10.00
15991,25.16,14.6,16.04,13.10021852,10.00
15992,25.16,14.6,16.04,9.166360011,10.00
15993,25.16,14.6,16.04,8.668518647,10.00
15994,25.16,14.6,16.04,15.9243432,10.00
15995,25.16,14.6,16.04,21.09944317,10.00
15996,25.16,14.6,16.04,21.92551287,10.00
15997,25.16,14.6,16.04,28.87579771,10.00
15998,25.16,29.8,35.01,27.74536978,10.00
15999,25.16,29.8,35.01,25.57741683,10.00
16000,25.16,29.8,35.01,21.35964563,10.00
16001,25.16,29.8,35.01,17.33014648,10.00
16002,25.16,29.8,35.01,28.2334512,10.00
16003,25.16,29.8,35.01,26.71874993,10.00
16004,25.16,29.8,35.01,21.76332065,10.00
16005,25.16,29.8,35.01,27.23566776,10.00
16006,25.16,29.8,35.01,16.18923678,10.00
16007,25.16,29.8,35.01,22.20509573,10.00
16008,25.16,29.8,35.01,20.53532351,10.00
16009,25.16,29.8,35.01,20.30871914,10.00
16010,25.16,29.8,35.01,20.29933949,10.00
16011,25.16,29.8,16.04,16.61913112,10.00
16012,25.16,29.8,16.04,10.43293355,10.00
16013,25.16,29.8,16.04,8.52900534,10.00
16014,25.16,29.8,16.04,21.80637634,10.00
16015,25.16,29.8,16.04,15.9498513,10.00
16016,25.16,29.8,16.04,21.28687577,10.00
16017,25.16,29.8,35.01,16.64722068,10.00
16018,25.16,29.8,35.01,12.85902893,10.00
16019,25.16,29.8,35.01,18.99583395,10.00
16020,25.16,29.8,35.01,22.63453282,10.00
16021,25.16,29.8,35.01,14.94958531,10.00
16022,25.16,29.8,35.01,14.28043562,10.00
16023,25.16,29.8,35.01,21.38039663,10.00
16024,25.16,29.8,35.01,17.17680079,10.00
16025,25.16,29.8,35.01,18.35714605,10.00
16026,25.16,29.8,35.01,13.40881242,10.00
16027,25.16,29.8,35.01,25.74879848,10.00
16028,25.16,29.8,35.01,12.98753139,10.00
16029,25.16,29.8,35.01,4.6524861,10.00
16030,25.16,29.8,35.01,13.50585147,10.00
16031,25.16,29.8,35.01,17.93809643,10.00
16032,25.16,14.6,16.04,10.40792637,10.00
16033,25.16,14.6,16.04,9.318537256,10.00
16034,25.16,14.6,16.04,13.90148577,10.00
16035,25.16,14.6,16.04,8.941541307,10.00
16036,25.16,14.6,16.04,19.56518713,10.00
16037,25.16,14.6,16.04,19.08420318,10.00
16038,25.16,14.6,16.04,18.50435043,10.00
16039,25.16,14.6,16.04,13.3238363,10.00
16040,25.16,14.6,16.04,9.322827711,10.00
16041,25.16,14.6,16.04,8.816488307,10.00
16042,25.16,14.6,16.04,16.19616815,10.00
16043,25.16,14.6,16.04,21.45960591,10.00
16044,25.16,14.6,16.04,22.38966985,10.00
16045,25.16,14.6,16.04,29.48709028,10.00
16046,25.16,29.8,35.01,28.3327315,10.00
16047,25.16,29.8,35.01,26.1188836,10.00
16048,25.16,29.8,35.01,21.81182336,10.00
16049,25.16,29.8,35.01,17.69702083,10.00
16050,25.16,29.8,35.01,28.83114547,10.00
16051,25.16,29.8,35.01,27.2843784,10.00
16052,25.16,29.8,35.01,22.22404407,10.00
16053,25.16,29.8,35.01,27.81223923,10.00
16054,25.16,29.8,35.01,16.53195839,10.00
16055,25.16,29.8,35.01,22.6751714,10.00
16056,25.16,29.8,35.01,20.97005057,10.00
16057,25.16,29.8,35.01,20.73864904,10.00
16058,25.16,29.8,35.01,20.72907083,10.00
16059,25.16,29.8,16.04,16.97095348,10.00
16060,25.16,29.8,16.04,10.65379584,10.00
16061,25.16,29.8,16.04,8.709561999,10.00
16062,25.16,29.8,16.04,22.26801123,10.00
16063,25.16,29.8,16.04,16.28750519,10.00
16064,25.16,29.8,16.04,21.73751298,10.00
16065,25.16,29.8,35.01,16.99963769,10.00
16066,25.16,29.8,35.01,13.13125098,10.00
16067,25.16,29.8,35.01,19.39797044,10.00
16068,25.16,29.8,35.01,23.11369955,10.00
16069,25.16,29.8,35.01,15.26606385,10.00
16070,25.16,29.8,35.01,14.58274845,10.00
16071,25.16,29.8,35.01,21.83301365,10.00
16072,25.16,29.8,35.01,17.54042887,10.00
16073,25.16,29.8,35.01,18.7457617,10.00
16074,25.16,29.8,35.01,13.69267323,10.00
16075,25.16,29.8,35.01,26.29389335,10.00
16076,25.16,29.8,35.01,13.20922563,10.00
16077,25.16,29.8,35.01,4.73190299,10.00
16078,25.16,29.8,35.01,13.73639331,10.00
16079,25.16,29.8,35.01,18.2442957,10.00
16080,25.16,14.6,16.04,10.33877579,10.00
16081,25.16,14.6,16.04,9.256624606,10.00
16082,25.16,14.6,16.04,13.80912387,10.00
16083,25.16,14.6,16.04,8.882133429,10.00
16084,25.16,14.6,16.04,19.43519542,10.00
16085,25.16,14.6,16.04,18.95740714,10.00
16086,25.16,14.6,16.04,18.38140695,10.00
16087,25.16,14.6,16.04,13.23531232,10.00
16088,25.16,14.6,16.04,9.260886554,10.00
16089,25.16,14.6,16.04,8.757911285,10.00
16090,25.16,14.6,16.04,16.08856031,10.00
16091,25.16,14.6,16.04,21.31702762,10.00
16092,25.16,14.6,16.04,22.20592317,10.00
16093,25.16,14.6,16.04,29.24509677,10.00
16094,25.16,29.8,35.01,28.10021154,10.00
16095,25.16,29.8,35.01,25.90453215,10.00
16096,25.16,29.8,35.01,21.63281893,10.00
16097,25.16,29.8,35.01,17.55178561,10.00
16098,25.16,29.8,35.01,28.59453514,10.00
16099,25.16,29.8,35.01,27.06046201,10.00
16100,25.16,29.8,35.01,22.04165664,10.00
16101,25.16,29.8,35.01,27.58399082,10.00
16102,25.16,29.8,35.01,16.39628455,10.00
16103,25.16,29.8,35.01,22.48908168,10.00
16104,25.16,29.8,35.01,20.79795437,10.00
16105,25.16,29.8,35.01,20.5684519,10.00
16106,25.16,29.8,35.01,20.55895229,10.00
16107,25.16,29.8,16.04,16.83167692,10.00
16108,25.16,29.8,16.04,10.56636268,10.00
16109,25.16,29.8,16.04,8.638084702,10.00
16110,25.16,29.8,16.04,22.08526297,10.00
16111,25.16,29.8,16.04,16.15383752,10.00
16112,25.16,29.8,16.04,21.5591184,10.00
16113,25.16,29.8,35.01,16.86012572,10.00
16114,25.16,29.8,35.01,13.02348594,10.00
16115,25.16,29.8,35.01,19.23877593,10.00
16116,25.16,29.8,35.01,22.92401094,10.00
16117,25.16,29.8,35.01,15.1407789,10.00
16118,25.16,29.8,35.01,14.46307131,10.00
16119,25.16,29.8,35.01,21.65383531,10.00
16120,25.16,29.8,35.01,17.39647875,10.00
16121,25.16,29.8,35.01,18.59191971,10.00
16122,25.16,29.8,35.01,13.58030072,10.00
16123,25.16,29.8,35.01,26.07810564,10.00
16124,25.16,29.8,35.01,13.12146312,10.00
16125,25.16,29.8,35.01,4.700464079,10.00
16126,25.16,29.8,35.01,13.64512829,10.00
16127,25.16,29.8,35.01,18.12308003,10.00
16128,25.16,14.6,16.04,10.19840362,10.00
16129,25.16,14.6,16.04,9.130945074,10.00
16130,25.16,14.6,16.04,13.6216339,10.00
16131,25.16,14.6,16.04,8.761538459,10.00
16132,25.16,14.6,16.04,19.17131886,10.00
16133,25.16,14.6,16.04,18.70001763,10.00
16134,25.16,14.6,16.04,18.13183794,10.00
16135,25.16,14.6,16.04,13.05561314,10.00
16136,25.16,14.6,16.04,9.135149157,10.00
16137,25.16,14.6,16.04,8.63900291,10.00
16138,25.16,14.6,16.04,15.87012186,10.00
16139,25.16,14.6,16.04,21.02760095,10.00
16140,25.16,14.6,16.04,21.83292676,10.00
16141,25.16,14.6,16.04,28.75386224,10.00
16142,25.16,29.8,35.01,27.62820783,10.00
16143,25.16,29.8,35.01,25.46940962,10.00
16144,25.16,29.8,35.01,21.26944904,10.00
16145,25.16,29.8,35.01,17.25696548,10.00
16146,25.16,29.8,35.01,28.1142282,10.00
16147,25.16,29.8,35.01,26.60592314,10.00
16148,25.16,29.8,35.01,21.67141944,10.00
16149,25.16,29.8,35.01,27.12065816,10.00
16150,25.16,29.8,35.01,16.12087356,10.00
16151,25.16,29.8,35.01,22.11132901,10.00
16152,25.16,29.8,35.01,20.44860783,10.00
16153,25.16,29.8,35.01,20.22296035,10.00
16154,25.16,29.8,35.01,20.21362031,10.00
16155,25.16,29.8,16.04,16.54895257,10.00
16156,25.16,29.8,16.04,10.38887781,10.00
16157,25.16,29.8,16.04,8.492989424,10.00
16158,25.16,29.8,16.04,21.71429331,10.00
16159,25.16,29.8,16.04,15.88249895,10.00
16160,25.16,29.8,16.04,21.19698647,10.00
16161,25.16,29.8,35.01,16.57692352,10.00
16162,25.16,29.8,35.01,12.80472838,10.00
16163,25.16,29.8,35.01,18.91561916,10.00
16164,25.16,29.8,35.01,22.53895269,10.00
16165,25.16,29.8,35.01,14.88645684,10.00
16166,25.16,29.8,35.01,14.22013281,10.00
16167,25.16,29.8,35.01,21.29011241,10.00
16168,25.16,29.8,35.01,17.10426734,10.00
16169,25.16,29.8,35.01,18.27962828,10.00
16170,25.16,29.8,35.01,13.35219026,10.00
16171,25.16,29.8,35.01,25.64006757,10.00
16172,25.16,29.8,35.01,12.9433097,10.00
16173,25.16,29.8,35.01,4.636644691,10.00
16174,25.16,29.8,35.01,13.45986493,10.00
16175,25.16,29.8,35.01,17.87701839,10.00
16176,25.16,14.6,16.04,10.68484056,10.00
16177,25.16,14.6,16.04,9.566467059,10.00
16178,25.16,14.6,16.04,14.2713499,10.00
16179,25.16,14.6,16.04,9.179440724,10.00
16180,25.16,14.6,16.04,20.08574018,10.00
16181,25.16,14.6,16.04,19.59195913,10.00
16182,25.16,14.6,16.04,18.99667877,10.00
16183,25.16,14.6,16.04,13.67833144,10.00
16184,25.16,14.6,16.04,9.570871666,10.00
16185,25.16,14.6,16.04,9.051060553,10.00
16186,25.16,14.6,16.04,16.6270848,10.00
16187,25.16,14.6,16.04,22.03056203,10.00
16188,25.16,14.6,16.04,23.12548518,10.00
16189,25.16,14.6,16.04,30.45615563,10.00
16190,25.16,29.8,35.01,29.26385994,10.00
16191,25.16,29.8,35.01,26.97725602,10.00
16192,25.16,29.8,35.01,22.52864832,10.00
16193,25.16,29.8,35.01,18.2786167,10.00
16194,25.16,29.8,35.01,29.77865382,10.00
16195,25.16,29.8,35.01,28.1810537,10.00
16196,25.16,29.8,35.01,22.95441627,10.00
16197,25.16,29.8,35.01,28.72626219,10.00
16198,25.16,29.8,35.01,17.07526558,10.00
16199,25.16,29.8,35.01,23.42036947,10.00
16200,25.16,29.8,35.01,21.65921146,10.00
16201,25.16,29.8,35.01,21.42020514,10.00
16202,25.16,29.8,35.01,21.41031215,10.00
16203,25.16,29.8,16.04,17.52868783,10.00
16204,25.16,29.8,16.04,11.00392277,10.00
16205,25.16,29.8,16.04,8.995793521,10.00
16206,25.16,29.8,16.04,22.99982837,10.00
16207,25.16,29.8,16.04,16.82277865,10.00
16208,25.16,29.8,16.04,22.4518958,10.00
16209,25.16,29.8,35.01,17.55831472,10.00
16210,25.16,29.8,35.01,13.56279713,10.00
16211,25.16,29.8,35.01,20.03546641,10.00
16212,25.16,29.8,35.01,23.87330944,10.00
16213,25.16,29.8,35.01,15.76776861,10.00
16214,25.16,29.8,35.01,15.06199669,10.00
16215,25.16,29.8,35.01,22.550535,10.00
16216,25.16,29.8,35.01,18.11687848,10.00
16217,25.16,29.8,35.01,19.36182344,10.00
16218,25.16,29.8,35.01,14.14266999,10.00
16219,25.16,29.8,35.01,27.1580173,10.00
16220,25.16,29.8,35.01,13.56067142,10.00
16221,25.16,29.8,35.01,4.857800407,10.00
16222,25.16,29.8,35.01,14.10186497,10.00
16223,25.16,29.8,35.01,18.729705,10.00
16224,25.16,14.6,16.04,10.46146502,10.00
16225,25.16,14.6,16.04,9.366472057,10.00
16226,25.16,14.6,16.04,13.97299538,10.00
16227,25.16,14.6,16.04,8.987536831,10.00
16228,25.16,14.6,16.04,19.66583097,10.00
16229,25.16,14.6,16.04,19.18237282,10.00
16230,25.16,14.6,16.04,18.59953729,10.00
16231,25.16,14.6,16.04,13.39237447,10.00
16232,25.16,14.6,16.04,9.370784582,10.00
16233,25.16,14.6,16.04,8.861840555,10.00
16234,25.16,14.6,16.04,16.27948167,10.00
16235,25.16,14.6,16.04,21.56999469,10.00
16236,25.16,14.6,16.04,22.53193254,10.00
16237,25.16,14.6,16.04,29.67444958,10.00
16238,25.16,29.8,35.01,28.51275607,10.00
16239,25.16,29.8,35.01,26.2848415,10.00
16240,25.16,29.8,35.01,21.95041445,10.00
16241,25.16,29.8,35.01,17.8094667,10.00
16242,25.16,29.8,35.01,29.01433693,10.00
16243,25.16,29.8,35.01,27.45774179,10.00
16244,25.16,29.8,35.01,22.36525438,10.00
16245,25.16,29.8,35.01,27.98895662,10.00
16246,25.16,29.8,35.01,16.63700152,10.00
16247,25.16,29.8,35.01,22.81924815,10.00
16248,25.16,29.8,35.01,21.10329308,10.00
16249,25.16,29.8,35.01,20.87042124,10.00
16250,25.16,29.8,35.01,20.86078217,10.00
16251,25.16,29.8,16.04,17.07878596,10.00
16252,25.16,29.8,16.04,10.72148945,10.00
16253,25.16,29.8,16.04,8.764902062,10.00
16254,25.16,29.8,16.04,22.40950091,10.00
16255,25.16,29.8,16.04,16.39099507,10.00
16256,25.16,29.8,16.04,21.87563191,10.00
16257,25.16,29.8,35.01,17.10765243,10.00
16258,25.16,29.8,35.01,13.2146862,10.00
16259,25.16,29.8,35.01,19.52122405,10.00
16260,25.16,29.8,35.01,23.26056269,10.00
16261,25.16,29.8,35.01,15.36306355,10.00
16262,25.16,29.8,35.01,14.67540641,10.00
16263,25.16,29.8,35.01,21.97173938,10.00
16264,25.16,29.8,35.01,17.65187976,10.00
16265,25.16,29.8,35.01,18.86487121,10.00
16266,25.16,29.8,35.01,13.7796757,10.00
16267,25.16,29.8,35.01,26.46096326,10.00
16268,25.16,29.8,35.01,13.27717423,10.00
16269,25.16,29.8,35.01,4.756244023,10.00
16270,25.16,29.8,35.01,13.80705368,10.00
16271,25.16,29.8,35.01,18.33814483,10.00
16272,25.16,14.6,16.04,10.443224,10.00
16273,25.16,14.6,16.04,9.350140313,10.00
16274,25.16,14.6,16.04,13.94863152,10.00
16275,25.16,14.6,16.04,8.971865813,10.00
16276,25.16,14.6,16.04,19.63154086,10.00
16277,25.16,14.6,16.04,19.14892569,10.00
16278,25.16,14.6,16.04,18.56710642,10.00
16279,25.16,14.6,16.04,13.369023,10.00
16280,25.16,14.6,16.04,9.354445318,10.00
16281,25.16,14.6,16.04,8.846388706,10.00
16282,25.16,14.6,16.04,16.25109613,10.00
16283,25.16,14.6,16.04,21.53238441,10.00
16284,25.16,14.6,16.04,22.48346258,10.00
16285,25.16,14.6,16.04,29.61061487,10.00
16286,25.16,29.8,35.01,28.45142036,10.00
16287,25.16,29.8,35.01,26.22829841,10.00
16288,25.16,29.8,35.01,21.90319543,10.00
16289,25.16,29.8,35.01,17.77115556,10.00
16290,25.16,29.8,35.01,28.95192224,10.00
16291,25.16,29.8,35.01,27.39867559,10.00
16292,25.16,29.8,35.01,22.31714298,10.00
16293,25.16,29.8,35.01,27.92874769,10.00
16294,25.16,29.8,35.01,16.60121254,10.00
16295,25.16,29.8,35.01,22.77016013,10.00
16296,25.16,29.8,35.01,21.05789637,10.00
16297,25.16,29.8,35.01,20.82552547,10.00
16298,25.16,29.8,35.01,20.81590713,10.00
16299,25.16,29.8,16.04,17.04204663,10.00
16300,25.16,29.8,16.04,10.69842574,10.00
16301,25.16,29.8,16.04,8.746047289,10.00
16302,25.16,29.8,16.04,22.36129432,10.00
16303,25.16,29.8,16.04,16.3557353,10.00
16304,25.16,29.8,16.04,21.82857376,10.00
16305,25.16,29.8,35.01,17.070851,10.00
16306,25.16,29.8,35.01,13.1862592,10.00
16307,25.16,29.8,35.01,19.47923063,10.00
16308,25.16,29.8,35.01,23.21052532,10.00
16309,25.16,29.8,35.01,15.33001503,10.00
16310,25.16,29.8,35.01,14.64383715,10.00
16311,25.16,29.8,35.01,21.92447449,10.00
16312,25.16,29.8,35.01,17.61390761,10.00
16313,25.16,29.8,35.01,18.82428971,10.00
16314,25.16,29.8,35.01,13.75003331,10.00
16315,25.16,29.8,35.01,26.40404129,10.00
16316,25.16,29.8,35.01,13.25402363,10.00
16317,25.16,29.8,35.01,4.747950851,10.00
16318,25.16,29.8,35.01,13.78297917,10.00
16319,25.16,29.8,35.01,18.30616973,10.00
16320,25.16,14.6,16.04,10.48261752,10.00
16321,25.16,14.6,16.04,9.385410543,10.00
16322,25.16,14.6,16.04,14.001248,10.00
16323,25.16,14.6,16.04,9.005709131,10.00
16324,25.16,14.6,16.04,19.70559419,10.00
16325,25.16,14.6,16.04,19.22115852,10.00
16326,25.16,14.6,16.04,18.63714453,10.00
16327,25.16,14.6,16.04,13.4194531,10.00
16328,25.16,14.6,16.04,9.389731787,10.00
16329,25.16,14.6,16.04,8.879758704,10.00
16330,25.16,14.6,16.04,16.31239787,10.00
16331,25.16,14.6,16.04,21.61360802,10.00
16332,25.16,14.6,16.04,22.58813889,10.00
16333,25.16,14.6,16.04,29.74847307,10.00
16334,25.16,29.8,35.01,28.5838817,10.00
16335,25.16,29.8,35.01,26.35040955,10.00
16336,25.16,29.8,35.01,22.00517019,10.00
16337,25.16,29.8,35.01,17.85389276,10.00
16338,25.16,29.8,35.01,29.08671377,10.00
16339,25.16,29.8,35.01,27.52623566,10.00
16340,25.16,29.8,35.01,22.42104495,10.00
16341,25.16,29.8,35.01,28.05877563,10.00
16342,25.16,29.8,35.01,16.67850284,10.00
16343,25.16,29.8,35.01,22.87617121,10.00
16344,25.16,29.8,35.01,21.15593566,10.00
16345,25.16,29.8,35.01,20.92248292,10.00
16346,25.16,29.8,35.01,20.9128198,10.00
16347,25.16,29.8,16.04,17.12138932,10.00
16348,25.16,29.8,16.04,10.74823442,10.00
16349,25.16,29.8,16.04,8.786766282,10.00
16350,25.16,29.8,16.04,22.46540185,10.00
16351,25.16,29.8,16.04,16.43188273,10.00
16352,25.16,29.8,16.04,21.9302011,10.00
16353,25.16,29.8,35.01,17.1503278,10.00
16354,25.16,29.8,35.01,13.2476505,10.00
16355,25.16,29.8,35.01,19.56992012,10.00
16356,25.16,29.8,35.01,23.31858662,10.00
16357,25.16,29.8,35.01,15.40138701,10.00
16358,25.16,29.8,35.01,14.71201449,10.00
16359,25.16,29.8,35.01,22.02654831,10.00
16360,25.16,29.8,35.01,17.69591272,10.00
16361,25.16,29.8,35.01,18.91193,10.00
16362,25.16,29.8,35.01,13.81404937,10.00
16363,25.16,29.8,35.01,26.52697065,10.00
16364,25.16,29.8,35.01,13.30401994,10.00
16365,25.16,29.8,35.01,4.765860884,10.00
16366,25.16,29.8,35.01,13.83497078,10.00
16367,25.16,29.8,35.01,18.37522354,10.00
16368,25.16,14.6,16.04,10.66322662,10.00
16369,25.16,14.6,16.04,9.547115431,10.00
16370,25.16,14.6,16.04,14.24248095,10.00
16371,25.16,14.6,16.04,9.160871996,10.00
16372,25.16,14.6,16.04,20.04510953,10.00
16373,25.16,14.6,16.04,19.55232733,10.00
16374,25.16,14.6,16.04,18.95825114,10.00
16375,25.16,14.6,16.04,13.65066208,10.00
16376,25.16,14.6,16.04,9.551511128,10.00
16377,25.16,14.6,16.04,9.03275152,10.00
16378,25.16,14.6,16.04,16.59345052,10.00
16379,25.16,14.6,16.04,21.98599728,10.00
16380,25.16,14.6,16.04,23.0680527,10.00
16381,25.16,14.6,16.04,30.38051732,10.00
16382,25.16,29.8,35.01,29.19118271,10.00
16383,25.16,29.8,35.01,26.9102576,10.00
16384,25.16,29.8,35.01,22.47269808,10.00
16385,25.16,29.8,35.01,18.23322148,10.00
16386,25.16,29.8,35.01,29.70469809,10.00
16387,25.16,29.8,35.01,28.11106564,10.00
16388,25.16,29.8,35.01,22.89740864,10.00
16389,25.16,29.8,35.01,28.65492009,10.00
16390,25.16,29.8,35.01,17.0328589,10.00
16391,25.16,29.8,35.01,23.36220464,10.00
16392,25.16,29.8,35.01,21.60542049,10.00
16393,25.16,29.8,35.01,21.36700775,10.00
16394,25.16,29.8,35.01,21.35713932,10.00
16395,25.16,29.8,16.04,17.48515507,10.00
16396,25.16,29.8,16.04,10.97659436,10.00
16397,25.16,29.8,16.04,8.973452335,10.00
16398,25.16,29.8,16.04,22.94270795,10.00
16399,25.16,29.8,16.04,16.78099903,10.00
16400,25.16,29.8,16.04,22.39613618,10.00
16401,25.16,29.8,35.01,17.51470838,10.00
16402,25.16,29.8,35.01,13.52911372,10.00
16403,25.16,29.8,35.01,19.98570803,10.00
16404,25.16,29.8,35.01,23.81401972,10.00
16405,25.16,29.8,35.01,15.72860912,10.00
16406,25.16,29.8,35.01,15.02459,10.00
16407,25.16,29.8,35.01,22.49453041,10.00
16408,25.16,29.8,35.01,18.07188494,10.00
16409,25.16,29.8,35.01,19.31373806,10.00
16410,25.16,29.8,35.01,14.10754646,10.00
16411,25.16,29.8,35.01,27.09056996,10.00
16412,25.16,29.8,35.01,13.53324007,10.00
16413,25.16,29.8,35.01,4.847973755,10.00
16414,25.16,29.8,35.01,14.07333887,10.00
16415,25.16,29.8,35.01,18.69181742,10.00
16416,25.16,14.6,16.04,9.989758235,10.00
16417,25.16,14.6,16.04,8.944138434,10.00
16418,25.16,14.6,16.04,13.34295392,10.00
16419,25.16,14.6,16.04,8.582289373,10.00
16420,25.16,14.6,16.04,18.77909992,10.00
16421,25.16,14.6,16.04,18.31744087,10.00
16422,25.16,14.6,16.04,17.76088535,10.00
16423,25.16,14.6,16.04,12.78851316,10.00
16424,25.16,14.6,16.04,8.948256507,10.00
16425,25.16,14.6,16.04,8.462260734,10.00
16426,25.16,14.6,16.04,15.54544089,10.00
16427,25.16,14.6,16.04,20.59740501,10.00
16428,25.16,14.6,16.04,21.27851503,10.00
16429,25.16,14.6,16.04,28.02370459,10.00
16430,25.16,29.8,35.01,26.92663435,10.00
16431,25.16,29.8,35.01,24.82265531,10.00
16432,25.16,29.8,35.01,20.72934591,10.00
16433,25.16,29.8,35.01,16.81875286,10.00
16434,25.16,29.8,35.01,27.40031302,10.00
16435,25.16,29.8,35.01,25.93030892,10.00
16436,25.16,29.8,35.01,21.12110893,10.00
16437,25.16,29.8,35.01,26.43197308,10.00
16438,25.16,29.8,35.01,15.71151015,10.00
16439,25.16,29.8,35.01,21.54984771,10.00
16440,25.16,29.8,35.01,19.92934864,10.00
16441,25.16,29.8,35.01,19.70943111,10.00
16442,25.16,29.8,35.01,19.70032824,10.00
16443,25.16,29.8,16.04,16.12871879,10.00
16444,25.16,29.8,16.04,10.12506913,10.00
16445,25.16,29.8,16.04,8.277323746,10.00
16446,25.16,29.8,16.04,21.16289409,10.00
16447,25.16,29.8,16.04,15.47918868,10.00
16448,25.16,29.8,16.04,20.65872341,10.00
16449,25.16,29.8,35.01,16.15597946,10.00
16450,25.16,29.8,35.01,12.47957309,10.00
16451,25.16,29.8,35.01,18.43528772,10.00
16452,25.16,29.8,35.01,21.96661258,10.00
16453,25.16,29.8,35.01,14.50843944,10.00
16454,25.16,29.8,35.01,13.85903563,10.00
16455,25.16,29.8,35.01,20.74948457,10.00
16456,25.16,29.8,35.01,16.66993224,10.00
16457,25.16,29.8,35.01,17.8154468,10.00
16458,25.16,29.8,35.01,13.01313307,10.00
16459,25.16,29.8,35.01,24.98897968,10.00
16460,25.16,29.8,35.01,12.6785073,10.00
16461,25.16,29.8,35.01,4.541785286,10.00
16462,25.16,29.8,35.01,13.18449452,10.00
16463,25.16,29.8,35.01,17.51127906,10.00
16464,25.16,14.6,16.04,10.65520076,10.00
16465,25.16,14.6,16.04,9.539929637,10.00
16466,25.16,14.6,16.04,14.23176111,10.00
16467,25.16,14.6,16.04,9.153976914,10.00
16468,25.16,14.6,16.04,20.03002225,10.00
16469,25.16,14.6,16.04,19.53761095,10.00
16470,25.16,14.6,16.04,18.9439819,10.00
16471,25.16,14.6,16.04,13.64038768,10.00
16472,25.16,14.6,16.04,9.544322026,10.00
16473,25.16,14.6,16.04,9.025952871,10.00
16474,25.16,14.6,16.04,16.58096119,10.00
16475,25.16,14.6,16.04,21.96944915,10.00
16476,25.16,14.6,16.04,23.04672643,10.00
16477,25.16,14.6,16.04,30.35243072,10.00
16478,25.16,29.8,35.01,29.16419565,10.00
16479,25.16,29.8,35.01,26.88537924,10.00
16480,25.16,29.8,35.01,22.45192222,10.00
16481,25.16,29.8,35.01,18.21636498,10.00
16482,25.16,29.8,35.01,29.67723628,10.00
16483,25.16,29.8,35.01,28.08507714,10.00
16484,25.16,29.8,35.01,22.87624013,10.00
16485,25.16,29.8,35.01,28.6284288,10.00
16486,25.16,29.8,35.01,17.01711213,10.00
16487,25.16,29.8,35.01,23.34060643,10.00
16488,25.16,29.8,35.01,21.58544641,10.00
16489,25.16,29.8,35.01,21.34725408,10.00
16490,25.16,29.8,35.01,21.33739478,10.00
16491,25.16,29.8,16.04,17.46899016,10.00
16492,25.16,29.8,16.04,10.96644657,10.00
16493,25.16,29.8,16.04,8.965156435,10.00
16494,25.16,29.8,16.04,22.92149756,10.00
16495,25.16,29.8,16.04,16.7654851,10.00
16496,25.16,29.8,16.04,22.3754311,10.00
16497,25.16,29.8,35.01,17.49851614,10.00
16498,25.16,29.8,35.01,13.51660614,10.00
16499,25.16,29.8,35.01,19.96723137,10.00
16500,25.16,29.8,35.01,23.79200381,10.00
16501,25.16,29.8,35.01,15.71406812,10.00
16502,25.16,29.8,35.01,15.01069986,10.00
16503,25.16,29.8,35.01,22.47373436,10.00
16504,25.16,29.8,35.01,18.0551776,10.00
16505,25.16,29.8,35.01,19.29588264,10.00
16506,25.16,29.8,35.01,14.09450412,10.00
16507,25.16,29.8,35.01,27.0655249,10.00
16508,25.16,29.8,35.01,13.52305406,10.00
16509,25.16,29.8,35.01,4.844324847,10.00
16510,25.16,29.8,35.01,14.06274634,10.00
16511,25.16,29.8,35.01,18.67774871,10.00
16512,25.16,14.6,16.04,10.74834775,10.00
16513,25.16,14.6,16.04,9.623327002,10.00
16514,25.16,14.6,16.04,14.35617412,10.00
16515,25.16,14.6,16.04,9.234000309,10.00
16516,25.16,14.6,16.04,20.20512324,10.00
16517,25.16,14.6,16.04,19.70840731,10.00
16518,25.16,14.6,16.04,19.1095888,10.00
16519,25.16,14.6,16.04,13.75963095,10.00
16520,25.16,14.6,16.04,9.627757789,10.00
16521,25.16,14.6,16.04,9.104857089,10.00
16522,25.16,14.6,16.04,16.72591073,10.00
16523,25.16,14.6,16.04,22.16150446,10.00
16524,25.16,14.6,16.04,23.29423625,10.00
16525,25.16,14.6,16.04,30.67839999,10.00
16526,25.16,29.8,35.01,29.4774039,10.00
16527,25.16,29.8,35.01,27.17411419,10.00
16528,25.16,29.8,35.01,22.69304415,10.00
16529,25.16,29.8,35.01,18.41199924,10.00
16530,25.16,29.8,35.01,29.99595432,10.00
16531,25.16,29.8,35.01,28.38669621,10.00
16532,25.16,29.8,35.01,23.12191901,10.00
16533,25.16,29.8,35.01,28.93588319,10.00
16534,25.16,29.8,35.01,17.19986704,10.00
16535,25.16,29.8,35.01,23.59127236,10.00
16536,25.16,29.8,35.01,21.81726285,10.00
16537,25.16,29.8,35.01,21.57651245,10.00
16538,25.16,29.8,35.01,21.56654727,10.00
16539,25.16,29.8,16.04,17.656598,10.00
16540,25.16,29.8,16.04,11.08422049,10.00
16541,25.16,29.8,16.04,9.061437537,10.00
16542,25.16,29.8,16.04,23.16766249,10.00
16543,25.16,29.8,16.04,16.94553767,10.00
16544,25.16,29.8,16.04,22.61573155,10.00
16545,25.16,29.8,35.01,17.68644108,10.00
16546,25.16,29.8,35.01,13.66176744,10.00
16547,25.16,29.8,35.01,20.18166901,10.00
16548,25.16,29.8,35.01,24.04751752,10.00
16549,25.16,29.8,35.01,15.88282901,10.00
16550,25.16,29.8,35.01,15.17190695,10.00
16551,25.16,29.8,35.01,22.71509054,10.00
16552,25.16,29.8,35.01,18.24908079,10.00
16553,25.16,29.8,35.01,19.50311035,10.00
16554,25.16,29.8,35.01,14.24587174,10.00
16555,25.16,29.8,35.01,27.35619452,10.00
16556,25.16,29.8,35.01,13.6412716,10.00
16557,25.16,29.8,35.01,4.88667358,10.00
16558,25.16,29.8,35.01,14.18568184,10.00
16559,25.16,29.8,35.01,18.84102822,10.00
16560,25.16,14.6,16.04,10.58725246,10.00
16561,25.16,14.6,16.04,9.479093431,10.00
16562,25.16,14.6,16.04,14.14100506,10.00
16563,25.16,14.6,16.04,9.095601932,10.00
16564,25.16,14.6,16.04,19.90229064,10.00
16565,25.16,14.6,16.04,19.41301945,10.00
16566,25.16,14.6,16.04,18.82317597,10.00
16567,25.16,14.6,16.04,13.55340282,10.00
16568,25.16,14.6,16.04,9.483457809,10.00
16569,25.16,14.6,16.04,8.968394298,10.00
16570,25.16,14.6,16.04,16.47522427,10.00
16571,25.16,14.6,16.04,21.8293498,10.00
16572,25.16,14.6,16.04,22.86617446,10.00
16573,25.16,14.6,16.04,30.11464463,10.00
16574,25.16,29.8,35.01,28.93571839,10.00
16575,25.16,29.8,35.01,26.67475462,10.00
16576,25.16,29.8,35.01,22.27603005,10.00
16577,25.16,29.8,35.01,18.07365489,10.00
16578,25.16,29.8,35.01,29.44473978,10.00
16579,25.16,29.8,35.01,27.86505387,10.00
16580,25.16,29.8,35.01,22.69702378,10.00
16581,25.16,29.8,35.01,28.40414883,10.00
16582,25.16,29.8,35.01,16.88379719,10.00
16583,25.16,29.8,35.01,23.15775216,10.00
16584,25.16,29.8,35.01,21.41634236,10.00
16585,25.16,29.8,35.01,21.18001607,10.00
16586,25.16,29.8,35.01,21.17023401,10.00
16587,25.16,29.8,16.04,17.33213512,10.00
16588,25.16,29.8,16.04,10.88053357,10.00
16589,25.16,29.8,16.04,8.894921878,10.00
16590,25.16,29.8,16.04,22.74192666,10.00
16591,25.16,29.8,16.04,16.63414145,10.00
16592,25.16,29.8,16.04,22.20013817,10.00
16593,25.16,29.8,35.01,17.3614298,10.00
16594,25.16,29.8,35.01,13.41071476,10.00
16595,25.16,29.8,35.01,19.81080469,10.00
16596,25.16,29.8,35.01,23.60561322,10.00
16597,25.16,29.8,35.01,15.59096144,10.00
16598,25.16,29.8,35.01,14.89310349,10.00
16599,25.16,29.8,35.01,22.29767131,10.00
16600,25.16,29.8,35.01,17.91373028,10.00
16601,25.16,29.8,35.01,19.14471542,10.00
16602,25.16,29.8,35.01,13.98408538,10.00
16603,25.16,29.8,35.01,26.85348899,10.00
16604,25.16,29.8,35.01,13.43681743,10.00
16605,25.16,29.8,35.01,4.81343255,10.00
16606,25.16,29.8,35.01,13.97306809,10.00
16607,25.16,29.8,35.01,18.55864056,10.00
16608,25.16,14.6,16.04,10.39781737,10.00
16609,25.16,14.6,16.04,9.30948635,10.00
16610,25.16,14.6,16.04,13.88798354,10.00
16611,25.16,14.6,16.04,8.93285657,10.00
16612,25.16,14.6,16.04,19.54618387,10.00
16613,25.16,14.6,16.04,19.06566708,10.00
16614,25.16,14.6,16.04,18.48637753,10.00
16615,25.16,14.6,16.04,13.31089513,10.00
16616,25.16,14.6,16.04,9.313772638,10.00
16617,25.16,14.6,16.04,8.807925031,10.00
16618,25.16,14.6,16.04,16.18043714,10.00
16619,25.16,14.6,16.04,21.43876263,10.00
16620,25.16,14.6,16.04,22.36280823,10.00
16621,25.16,14.6,16.04,29.45171366,10.00
16622,25.16,29.8,35.01,28.2987398,10.00
16623,25.16,29.8,35.01,26.08754792,10.00
16624,25.16,29.8,35.01,21.785655,10.00
16625,25.16,29.8,35.01,17.67578914,10.00
16626,25.16,29.8,35.01,28.79655581,10.00
16627,25.16,29.8,35.01,27.25164444,10.00
16628,25.16,29.8,35.01,22.19738116,10.00
16629,25.16,29.8,35.01,27.77887198,10.00
16630,25.16,29.8,35.01,16.51212446,10.00
16631,25.16,29.8,35.01,22.64796726,10.00
16632,25.16,29.8,35.01,20.94489212,10.00
16633,25.16,29.8,35.01,20.71376821,10.00
16634,25.16,29.8,35.01,20.70420149,10.00
16635,25.16,29.8,16.04,16.95059288,10.00
16636,25.16,29.8,16.04,10.64101413,10.00
16637,25.16,29.8,16.04,8.699112853,10.00
16638,25.16,29.8,16.04,22.24129557,10.00
16639,25.16,29.8,16.04,16.26796454,10.00
16640,25.16,29.8,16.04,21.71143378,10.00
16641,25.16,29.8,35.01,16.97924267,10.00
16642,25.16,29.8,35.01,13.11549699,10.00
16643,25.16,29.8,35.01,19.37469807,10.00
16644,25.16,29.8,35.01,23.08596929,10.00
16645,25.16,29.8,35.01,15.24774865,10.00
16646,25.16,29.8,35.01,14.56525305,10.00
16647,25.16,29.8,35.01,21.80681987,10.00
16648,25.16,29.8,35.01,17.51938504,10.00
16649,25.16,29.8,35.01,18.7232718,10.00
16650,25.16,29.8,35.01,13.67624568,10.00
16651,25.16,29.8,35.01,26.26234771,10.00
16652,25.16,29.8,35.01,13.19639577,10.00
16653,25.16,29.8,35.01,4.727306988,10.00
16654,25.16,29.8,35.01,13.72305143,10.00
16655,25.16,29.8,35.01,18.22657538,10.00
16656,25.16,14.6,16.04,10.5795802,10.00
16657,25.16,14.6,16.04,9.472224219,10.00
16658,25.16,14.6,16.04,14.1307575,10.00
16659,25.16,14.6,16.04,9.089010625,10.00
16660,25.16,14.6,16.04,19.88786806,10.00
16661,25.16,14.6,16.04,19.39895142,10.00
16662,25.16,14.6,16.04,18.80953539,10.00
16663,25.16,14.6,16.04,13.54358108,10.00
16664,25.16,14.6,16.04,9.476585435,10.00
16665,25.16,14.6,16.04,8.961895175,10.00
16666,25.16,14.6,16.04,16.46328517,10.00
16667,25.16,14.6,16.04,21.81353073,10.00
16668,25.16,14.6,16.04,22.84578776,10.00
16669,25.16,14.6,16.04,30.08779543,10.00
16670,25.16,29.8,35.01,28.90992029,10.00
16671,25.16,29.8,35.01,26.65097231,10.00
16672,25.16,29.8,35.01,22.2561695,10.00
16673,25.16,29.8,35.01,18.05754103,10.00
16674,25.16,29.8,35.01,29.41848785,10.00
16675,25.16,29.8,35.01,27.84021034,10.00
16676,25.16,29.8,35.01,22.67678789,10.00
16677,25.16,29.8,35.01,28.37882465,10.00
16678,25.16,29.8,35.01,16.86874417,10.00
16679,25.16,29.8,35.01,23.13710549,10.00
16680,25.16,29.8,35.01,21.39724828,10.00
16681,25.16,29.8,35.01,21.16113269,10.00
16682,25.16,29.8,35.01,21.15135935,10.00
16683,25.16,29.8,16.04,17.31668238,10.00
16684,25.16,29.8,16.04,10.87083286,10.00
16685,25.16,29.8,16.04,8.886991468,10.00
16686,25.16,29.8,16.04,22.72165073,10.00
16687,25.16,29.8,16.04,16.61931101,10.00
16688,25.16,29.8,16.04,22.18034528,10.00
16689,25.16,29.8,35.01,17.34595094,10.00
16690,25.16,29.8,35.01,13.39875822,10.00
16691,25.16,29.8,35.01,19.79314205,10.00
16692,25.16,29.8,35.01,23.58456725,10.00
16693,25.16,29.8,35.01,15.57706107,10.00
16694,25.16,29.8,35.01,14.87982531,10.00
16695,25.16,29.8,35.01,22.27779147,10.00
16696,25.16,29.8,35.01,17.897759,10.00
16697,25.16,29.8,35.01,19.12764664,10.00
16698,25.16,29.8,35.01,13.97161765,10.00
16699,25.16,29.8,35.01,26.82954733,10.00
16700,25.16,29.8,35.01,13.42708018,10.00
16701,25.16,29.8,35.01,4.809944401,10.00
16702,25.16,29.8,35.01,13.96294224,10.00
16703,25.16,29.8,35.01,18.54519168,10.00
16704,25.16,14.6,16.04,10.5396218,10.00
16705,25.16,14.6,16.04,9.436448227,10.00
16706,25.16,14.6,16.04,14.07738652,10.00
16707,25.16,14.6,16.04,9.054682006,10.00
16708,25.16,14.6,16.04,19.81275283,10.00
16709,25.16,14.6,16.04,19.32568281,10.00
16710,25.16,14.6,16.04,18.73849296,10.00
16711,25.16,14.6,16.04,13.49242783,10.00
16712,25.16,14.6,16.04,9.44079297,10.00
16713,25.16,14.6,16.04,8.928046663,10.00
16714,25.16,14.6,16.04,16.40110438,10.00
16715,25.16,14.6,16.04,21.73114241,10.00
16716,25.16,14.6,16.04,22.73961043,10.00
16717,25.16,14.6,16.04,29.94796039,10.00
16718,25.16,29.8,35.01,28.7755595,10.00
16719,25.16,29.8,35.01,26.52711014,10.00
16720,25.16,29.8,35.01,22.15273246,10.00
16721,25.16,29.8,35.01,17.9736174,10.00
16722,25.16,29.8,35.01,29.28176346,10.00
16723,25.16,29.8,35.01,27.7108211,10.00
16724,25.16,29.8,35.01,22.571396,10.00
16725,25.16,29.8,35.01,28.24693217,10.00
16726,25.16,29.8,35.01,16.79034555,10.00
16727,25.16,29.8,35.01,23.02957425,10.00
16728,25.16,29.8,35.01,21.29780314,10.00
16729,25.16,29.8,35.01,21.06278491,10.00
16730,25.16,29.8,35.01,21.05305699,10.00
16731,25.16,29.8,16.04,17.23620194,10.00
16732,25.16,29.8,16.04,10.82030993,10.00
16733,25.16,29.8,16.04,8.845688581,10.00
16734,25.16,29.8,16.04,22.61605034,10.00
16735,25.16,29.8,16.04,16.54207165,10.00
16736,25.16,29.8,16.04,22.07726065,10.00
16737,25.16,29.8,35.01,17.26533447,10.00
16738,25.16,29.8,35.01,13.3364866,10.00
16739,25.16,29.8,35.01,19.7011521,10.00
16740,25.16,29.8,35.01,23.4749564,10.00
16741,25.16,29.8,35.01,15.50466564,10.00
16742,25.16,29.8,35.01,14.81067032,10.00
16743,25.16,29.8,35.01,22.17425394,10.00
16744,25.16,29.8,35.01,17.81457797,10.00
16745,25.16,29.8,35.01,19.03874962,10.00
16746,25.16,29.8,35.01,13.90668362,10.00
16747,25.16,29.8,35.01,26.70485521,10.00
16748,25.16,29.8,35.01,13.37636695,10.00
16749,25.16,29.8,35.01,4.791777545,10.00
16750,25.16,29.8,35.01,13.91020508,10.00
16751,25.16,29.8,35.01,18.47514766,10.00
16752,25.16,14.6,16.04,10.44520608,10.00
16753,25.16,14.6,16.04,9.351914924,10.00
16754,25.16,14.6,16.04,13.95127891,10.00
16755,25.16,14.6,16.04,8.973568629,10.00
16756,25.16,14.6,16.04,19.63526684,10.00
16757,25.16,14.6,16.04,19.15256007,10.00
16758,25.16,14.6,16.04,18.57063037,10.00
16759,25.16,14.6,16.04,13.37156038,10.00
16760,25.16,14.6,16.04,9.356220746,10.00
16761,25.16,14.6,16.04,8.848067707,10.00
16762,25.16,14.6,16.04,16.25418051,10.00
16763,25.16,14.6,16.04,21.53647115,10.00
16764,25.16,14.6,16.04,22.48872934,10.00
16765,25.16,14.6,16.04,29.61755116,10.00
16766,25.16,29.8,35.01,28.45808511,10.00
16767,25.16,29.8,35.01,26.23444239,10.00
16768,25.16,29.8,35.01,21.90832626,10.00
16769,25.16,29.8,35.01,17.77531845,10.00
16770,25.16,29.8,35.01,28.95870423,10.00
16771,25.16,29.8,35.01,27.40509374,10.00
16772,25.16,29.8,35.01,22.32237077,10.00
16773,25.16,29.8,35.01,27.93529001,10.00
16774,25.16,29.8,35.01,16.60510138,10.00
16775,25.16,29.8,35.01,22.77549405,10.00
16776,25.16,29.8,35.01,21.06282918,10.00
16777,25.16,29.8,35.01,20.83040386,10.00
16778,25.16,29.8,35.01,20.82078327,10.00
16779,25.16,29.8,16.04,17.04603873,10.00
16780,25.16,29.8,16.04,10.70093184,10.00
16781,25.16,29.8,16.04,8.748096054,10.00
16782,25.16,29.8,16.04,22.36653246,10.00
16783,25.16,29.8,16.04,16.35956663,10.00
16784,25.16,29.8,16.04,21.83368711,10.00
16785,25.16,29.8,35.01,17.07484985,10.00
16786,25.16,29.8,35.01,13.18934809,10.00
16787,25.16,29.8,35.01,19.48379364,10.00
16788,25.16,29.8,35.01,23.2159624,10.00
16789,25.16,29.8,35.01,15.33360609,10.00
16790,25.16,29.8,35.01,14.64726747,10.00
16791,25.16,29.8,35.01,21.9296103,10.00
16792,25.16,29.8,35.01,17.61803367,10.00
16793,25.16,29.8,35.01,18.8286993,10.00
16794,25.16,29.8,35.01,13.75325426,10.00
16795,25.16,29.8,35.01,26.41022645,10.00
16796,25.16,29.8,35.01,13.25653918,10.00
16797,25.16,29.8,35.01,4.748851989,10.00
16798,25.16,29.8,35.01,13.78559511,10.00
16799,25.16,29.8,35.01,18.30964415,10.00
16800,25.16,14.6,16.04,10.6759457,10.00
16801,25.16,14.6,16.04,9.558503215,10.00
16802,25.16,14.6,16.04,14.25946936,10.00
16803,25.16,14.6,16.04,9.17179907,10.00
16804,25.16,14.6,16.04,20.06901931,10.00
16805,25.16,14.6,16.04,19.57564932,10.00
16806,25.16,14.6,16.04,18.98086451,10.00
16807,25.16,14.6,16.04,13.66694457,10.00
16808,25.16,14.6,16.04,9.562904156,10.00
16809,25.16,14.6,16.04,9.043525772,10.00
16810,25.16,14.6,16.04,16.61324316,10.00
16811,25.16,14.6,16.04,22.01222214,10.00
16812,25.16,14.6,16.04,23.10184979,10.00
16813,25.16,14.6,16.04,30.42502793,10.00
16814,25.16,29.8,35.01,29.23395083,10.00
16815,25.16,29.8,35.01,26.94968392,10.00
16816,25.16,29.8,35.01,22.50562292,10.00
16817,25.16,29.8,35.01,18.25993504,10.00
16818,25.16,29.8,35.01,29.74821855,10.00
16819,25.16,29.8,35.01,28.15225127,10.00
16820,25.16,29.8,35.01,22.93095572,10.00
16821,25.16,29.8,35.01,28.69690252,10.00
16822,25.16,29.8,35.01,17.05781381,10.00
16823,25.16,29.8,35.01,23.39643269,10.00
16824,25.16,29.8,35.01,21.63707467,10.00
16825,25.16,29.8,35.01,21.39831263,10.00
16826,25.16,29.8,35.01,21.38842975,10.00
16827,25.16,29.8,16.04,17.51077264,10.00
16828,25.16,29.8,16.04,10.99267621,10.00
16829,25.16,29.8,16.04,8.986599373,10.00
16830,25.16,29.8,16.04,22.9763214,10.00
16831,25.16,29.8,16.04,16.80558494,10.00
16832,25.16,29.8,16.04,22.42894885,10.00
16833,25.16,29.8,35.01,17.54036925,10.00
16834,25.16,29.8,35.01,13.54893528,10.00
16835,25.16,29.8,35.01,20.01498916,10.00
16836,25.16,29.8,35.01,23.84890973,10.00
16837,25.16,29.8,35.01,15.75165316,10.00
16838,25.16,29.8,35.01,15.04660258,10.00
16839,25.16,29.8,35.01,22.52748724,10.00
16840,25.16,29.8,35.01,18.09836213,10.00
16841,25.16,29.8,35.01,19.34203469,10.00
16842,25.16,29.8,35.01,14.12821548,10.00
16843,25.16,29.8,35.01,27.13026046,10.00
16844,25.16,29.8,35.01,13.5493825,10.00
16845,25.16,29.8,35.01,4.85375641,10.00
16846,25.16,29.8,35.01,14.09012553,10.00
16847,25.16,29.8,35.01,18.71411299,10.00
16848,25.16,14.6,16.04,10.53510879,10.00
16849,25.16,14.6,16.04,9.432407591,10.00
16850,25.16,14.6,16.04,14.07135866,10.00
16851,25.16,14.6,16.04,9.05080484,10.00
16852,25.16,14.6,16.04,19.80426912,10.00
16853,25.16,14.6,16.04,19.31740766,10.00
16854,25.16,14.6,16.04,18.73046924,10.00
16855,25.16,14.6,16.04,13.48665045,10.00
16856,25.16,14.6,16.04,9.436750474,10.00
16857,25.16,14.6,16.04,8.924223722,10.00
16858,25.16,14.6,16.04,16.39408152,10.00
16859,25.16,14.6,16.04,21.72183725,10.00
16860,25.16,14.6,16.04,22.72761848,10.00
16861,25.16,14.6,16.04,29.93216705,10.00
16862,25.16,29.8,35.01,28.76038444,10.00
16863,25.16,29.8,35.01,26.51312081,10.00
16864,25.16,29.8,35.01,22.14105001,10.00
16865,25.16,29.8,35.01,17.96413884,10.00
16866,25.16,29.8,35.01,29.26632144,10.00
16867,25.16,29.8,35.01,27.69620754,10.00
16868,25.16,29.8,35.01,22.55949276,10.00
16869,25.16,29.8,35.01,28.23203588,10.00
16870,25.16,29.8,35.01,16.781491,10.00
16871,25.16,29.8,35.01,23.01742938,10.00
16872,25.16,29.8,35.01,21.28657154,10.00
16873,25.16,29.8,35.01,21.05167725,10.00
16874,25.16,29.8,35.01,21.04195446,10.00
16875,25.16,29.8,16.04,17.22711226,10.00
16876,25.16,29.8,16.04,10.81460374,10.00
16877,25.16,29.8,16.04,8.841023723,10.00
16878,25.16,29.8,16.04,22.60412355,10.00
16879,25.16,29.8,16.04,16.53334803,10.00
16880,25.16,29.8,16.04,22.06561799,10.00
16881,25.16,29.8,35.01,17.25622943,10.00
16882,25.16,29.8,35.01,13.32945347,10.00
16883,25.16,29.8,35.01,19.69076251,10.00
16884,25.16,29.8,35.01,23.46257666,10.00
16885,25.16,29.8,35.01,15.49648911,10.00
16886,25.16,29.8,35.01,14.80285978,10.00
16887,25.16,29.8,35.01,22.16256014,10.00
16888,25.16,29.8,35.01,17.80518328,10.00
16889,25.16,29.8,35.01,19.02870936,10.00
16890,25.16,29.8,35.01,13.8993498,10.00
16891,25.16,29.8,35.01,26.69077215,10.00
16892,25.16,29.8,35.01,13.37063926,10.00
16893,25.16,29.8,35.01,4.789725732,10.00
16894,25.16,29.8,35.01,13.90424881,10.00
16895,25.16,29.8,35.01,18.4672367,10.00
16896,25.16,14.6,16.04,10.53068096,10.00
16897,25.16,14.6,16.04,9.428443221,10.00
16898,25.16,14.6,16.04,14.06544457,10.00
16899,25.16,14.6,16.04,9.047000855,10.00
16900,25.16,14.6,16.04,19.79594554,10.00
16901,25.16,14.6,16.04,19.3092887,10.00
16902,25.16,14.6,16.04,18.72259697,10.00
16903,25.16,14.6,16.04,13.48098211,10.00
16904,25.16,14.6,16.04,9.432784279,10.00
16905,25.16,14.6,16.04,8.920472938,10.00
16906,25.16,14.6,16.04,16.38719121,10.00
16907,25.16,14.6,16.04,21.71270773,10.00
16908,25.16,14.6,16.04,22.71585288,10.00
16909,25.16,14.6,16.04,29.9166718,10.00
16910,25.16,29.8,35.01,28.7454958,10.00
16911,25.16,29.8,35.01,26.49939553,10.00
16912,25.16,29.8,35.01,22.12958805,10.00
16913,25.16,29.8,35.01,17.95483919,10.00
16914,25.16,29.8,35.01,29.25117089,10.00
16915,25.16,29.8,35.01,27.6818698,10.00
16916,25.16,29.8,35.01,22.54781419,10.00
16917,25.16,29.8,35.01,28.21742076,10.00
16918,25.16,29.8,35.01,16.77280358,10.00
16919,25.16,29.8,35.01,23.00551375,10.00
16920,25.16,29.8,35.01,21.27555193,10.00
16921,25.16,29.8,35.01,21.04077924,10.00
16922,25.16,29.8,35.01,21.03106149,10.00
16923,25.16,29.8,16.04,17.21819416,10.00
16924,25.16,29.8,16.04,10.80900525,10.00
16925,25.16,29.8,16.04,8.836446913,10.00
16926,25.16,29.8,16.04,22.59242188,10.00
16927,25.16,29.8,16.04,16.52478907,10.00
16928,25.16,29.8,16.04,22.05419509,10.00
16929,25.16,29.8,35.01,17.24729625,10.00
16930,25.16,29.8,35.01,13.3225531,10.00
16931,25.16,29.8,35.01,19.68056902,10.00
16932,25.16,29.8,35.01,23.45043058,10.00
16933,25.16,29.8,35.01,15.4884669,10.00
16934,25.16,29.8,35.01,14.79519665,10.00
16935,25.16,29.8,35.01,22.15108705,10.00
16936,25.16,29.8,35.01,17.79596592,10.00
16937,25.16,29.8,35.01,19.0188586,10.00
16938,25.16,29.8,35.01,13.8921544,10.00
16939,25.16,29.8,35.01,26.67695491,10.00
16940,25.16,29.8,35.01,13.36501968,10.00
16941,25.16,29.8,35.01,4.787712646,10.00
16942,25.16,29.8,35.01,13.89840496,10.00
16943,25.16,29.8,35.01,18.45947506,10.00
16944,25.16,14.6,16.04,10.50606492,10.00
16945,25.16,14.6,16.04,9.406403718,10.00
16946,25.16,14.6,16.04,14.03256583,10.00
16947,25.16,14.6,16.04,9.025852994,10.00
16948,25.16,14.6,16.04,19.74967143,10.00
16949,25.16,14.6,16.04,19.26415218,10.00
16950,25.16,14.6,16.04,18.67883187,10.00
16951,25.16,14.6,16.04,13.44946958,10.00
16952,25.16,14.6,16.04,9.410734628,10.00
16953,25.16,14.6,16.04,8.899620843,10.00
16954,25.16,14.6,16.04,16.34888525,10.00
16955,25.16,14.6,16.04,21.66195308,10.00
16956,25.16,14.6,16.04,22.65044322,10.00
16957,25.16,14.6,16.04,29.83052758,10.00
16958,25.16,29.8,35.01,28.66272395,10.00
16959,25.16,29.8,35.01,26.42309127,10.00
16960,25.16,29.8,35.01,22.06586653,10.00
16961,25.16,29.8,35.01,17.90313873,10.00
16962,25.16,29.8,35.01,29.16694296,10.00
16963,25.16,29.8,35.01,27.60216063,10.00
16964,25.16,29.8,35.01,22.48288839,10.00
16965,25.16,29.8,35.01,28.13616948,10.00
16966,25.16,29.8,35.01,16.72450676,10.00
16967,25.16,29.8,35.01,22.93927002,10.00
16968,25.16,29.8,35.01,21.21428958,10.00
16969,25.16,29.8,35.01,20.98019291,10.00
16970,25.16,29.8,35.01,20.97050314,10.00
16971,25.16,29.8,16.04,17.16861485,10.00
16972,25.16,29.8,16.04,10.77788102,10.00
16973,25.16,29.8,16.04,8.811002611,10.00
16974,25.16,29.8,16.04,22.52736763,10.00
16975,25.16,29.8,16.04,16.4772064,10.00
16976,25.16,29.8,16.04,21.99069065,10.00
16977,25.16,29.8,35.01,17.19763314,10.00
16978,25.16,29.8,35.01,13.28419118,10.00
16979,25.16,29.8,35.01,19.62389937,10.00
16980,25.16,29.8,35.01,23.38290572,10.00
16981,25.16,29.8,35.01,15.4438683,10.00
16982,25.16,29.8,35.01,14.7525943,10.00
16983,25.16,29.8,35.01,22.08730362,10.00
16984,25.16,29.8,35.01,17.74472293,10.00
16985,25.16,29.8,35.01,18.96409433,10.00
16986,25.16,29.8,35.01,13.85215233,10.00
16987,25.16,29.8,35.01,26.60013936,10.00
16988,25.16,29.8,35.01,13.33377821,10.00
16989,25.16,29.8,35.01,4.776521105,10.00
16990,25.16,29.8,35.01,13.86591668,10.00
16991,25.16,29.8,35.01,18.41632503,10.00
16992,25.16,14.6,16.04,10.58618141,10.00
16993,25.16,14.6,16.04,9.478134481,10.00
16994,25.16,14.6,16.04,14.13957448,10.00
16995,25.16,14.6,16.04,9.094681777,10.00
16996,25.16,14.6,16.04,19.90027723,10.00
16997,25.16,14.6,16.04,19.41105554,10.00
16998,25.16,14.6,16.04,18.82127173,10.00
16999,25.16,14.6,16.04,13.5520317,10.00
17000,25.16,14.6,16.04,9.482498417,10.00
17001,25.16,14.6,16.04,8.967487013,10.00
17002,25.16,14.6,16.04,16.47355756,10.00
17003,25.16,14.6,16.04,21.82714144,10.00
17004,25.16,14.6,16.04,22.86332846,10.00
17005,25.16,14.6,16.04,30.11089645,10.00
17006,25.16,29.8,35.01,28.93211695,10.00
17007,25.16,29.8,35.01,26.67143458,10.00
17008,25.16,29.8,35.01,22.27325749,10.00
17009,25.16,29.8,35.01,18.07140537,10.00
17010,25.16,29.8,35.01,29.44107498,10.00
17011,25.16,29.8,35.01,27.86158569,10.00
17012,25.16,29.8,35.01,22.69419883,10.00
17013,25.16,29.8,35.01,28.40061354,10.00
17014,25.16,29.8,35.01,16.88169577,10.00
17015,25.16,29.8,35.01,23.15486986,10.00
17016,25.16,29.8,35.01,21.41367681,10.00
17017,25.16,29.8,35.01,21.17737993,10.00
17018,25.16,29.8,35.01,21.16759908,10.00
17019,25.16,29.8,16.04,17.3299779,10.00
17020,25.16,29.8,16.04,10.87917934,10.00
17021,25.16,29.8,16.04,8.893814783,10.00
17022,25.16,29.8,16.04,22.73909612,10.00
17023,25.16,29.8,16.04,16.6320711,10.00
17024,25.16,29.8,16.04,22.19737506,10.00
17025,25.16,29.8,35.01,17.35926893,10.00
17026,25.16,29.8,35.01,13.40904561,10.00
17027,25.16,29.8,35.01,19.80833896,10.00
17028,25.16,29.8,35.01,23.60267517,10.00
17029,25.16,29.8,35.01,15.58902093,10.00
17030,25.16,29.8,35.01,14.89124984,10.00
17031,25.16,29.8,35.01,22.29489606,10.00
17032,25.16,29.8,35.01,17.91150067,10.00
17033,25.16,29.8,35.01,19.14233259,10.00
17034,25.16,29.8,35.01,13.98234487,10.00
17035,25.16,29.8,35.01,26.8501467,10.00
17036,25.16,29.8,35.01,13.4354581,10.00
17037,25.16,29.8,35.01,4.8129456,10.00
17038,25.16,29.8,35.01,13.97165451,10.00
17039,25.16,29.8,35.01,18.55676308,10.00
17040,25.16,14.6,16.04,10.74451476,10.00
17041,25.16,14.6,16.04,9.61989521,10.00
17042,25.16,14.6,16.04,14.35105454,10.00
17043,25.16,14.6,16.04,9.230707356,10.00
17044,25.16,14.6,16.04,20.19791785,10.00
17045,25.16,14.6,16.04,19.70137906,10.00
17046,25.16,14.6,16.04,19.10277409,10.00
17047,25.16,14.6,16.04,13.75472411,10.00
17048,25.16,14.6,16.04,9.624324417,10.00
17049,25.16,14.6,16.04,9.101610189,10.00
17050,25.16,14.6,16.04,16.71994608,10.00
17051,25.16,14.6,16.04,22.15360141,10.00
17052,25.16,14.6,16.04,23.28405125,10.00
17053,25.16,14.6,16.04,30.66498639,10.00
17054,25.16,29.8,35.01,29.46451541,10.00
17055,25.16,29.8,35.01,27.16223278,10.00
17056,25.16,29.8,35.01,22.68312201,10.00
17057,25.16,29.8,35.01,18.40394891,10.00
17058,25.16,29.8,35.01,29.9828391,10.00
17059,25.16,29.8,35.01,28.37428462,10.00
17060,25.16,29.8,35.01,23.11180935,10.00
17061,25.16,29.8,35.01,28.92323147,10.00
17062,25.16,29.8,35.01,17.19234669,10.00
17063,25.16,29.8,35.01,23.58095749,10.00
17064,25.16,29.8,35.01,21.80772363,10.00
17065,25.16,29.8,35.01,21.5670785,10.00
17066,25.16,29.8,35.01,21.55711767,10.00
17067,25.16,29.8,16.04,17.64887795,10.00
17068,25.16,29.8,16.04,11.0793741,10.00
17069,25.16,29.8,16.04,9.057475581,10.00
17070,25.16,29.8,16.04,23.15753283,10.00
17071,25.16,29.8,16.04,16.93812852,10.00
17072,25.16,29.8,16.04,22.60584322,10.00
17073,25.16,29.8,35.01,17.67870799,10.00
17074,25.16,29.8,35.01,13.65579407,10.00
17075,25.16,29.8,35.01,20.17284493,10.00
17076,25.16,29.8,35.01,24.03700316,10.00
17077,25.16,29.8,35.01,15.87588452,10.00
17078,25.16,29.8,35.01,15.16527329,10.00
17079,25.16,29.8,35.01,22.70515876,10.00
17080,25.16,29.8,35.01,18.24110169,10.00
17081,25.16,29.8,35.01,19.49458295,10.00
17082,25.16,29.8,35.01,14.23964298,10.00
17083,25.16,29.8,35.01,27.3442335,10.00
17084,25.16,29.8,35.01,13.63640696,10.00
17085,25.16,29.8,35.01,4.884930934,10.00
17086,25.16,29.8,35.01,14.18062305,10.00
17087,25.16,29.8,35.01,18.83430929,10.00
17088,25.16,14.6,16.04,11.05709715,10.00
17089,25.16,14.6,16.04,9.89975986,10.00
17090,25.16,14.6,16.04,14.76855938,10.00
17091,25.16,14.6,16.04,9.499249645,10.00
17092,25.16,14.6,16.04,20.78552126,10.00
17093,25.16,14.6,16.04,20.27453702,10.00
17094,25.16,14.6,16.04,19.65851727,10.00
17095,25.16,14.6,16.04,14.15488034,10.00
17096,25.16,14.6,16.04,9.904317922,10.00
17097,25.16,14.6,16.04,9.366396748,10.00
17098,25.16,14.6,16.04,17.20636737,10.00
17099,25.16,14.6,16.04,22.7981001,10.00
17100,25.16,14.6,16.04,24.11464401,10.00
17101,25.16,14.6,16.04,31.75887317,10.00
17102,25.16,29.8,35.01,30.51557878,10.00
17103,25.16,29.8,35.01,28.13116871,10.00
17104,25.16,29.8,35.01,23.49227832,10.00
17105,25.16,29.8,35.01,19.06045781,10.00
17106,25.16,29.8,35.01,31.05239221,10.00
17107,25.16,29.8,35.01,29.38645708,10.00
17108,25.16,29.8,35.01,23.93625788,10.00
17109,25.16,29.8,35.01,29.95498607,10.00
17110,25.16,29.8,35.01,17.80563511,10.00
17111,25.16,29.8,35.01,24.42214155,10.00
17112,25.16,29.8,35.01,22.58565257,10.00
17113,25.16,29.8,35.01,22.33642311,10.00
17114,25.16,29.8,35.01,22.32610696,10.00
17115,25.16,29.8,16.04,18.27845183,10.00
17116,25.16,29.8,16.04,11.47459948,10.00
17117,25.16,29.8,16.04,9.380575441,10.00
17118,25.16,29.8,16.04,23.98361241,10.00
17119,25.16,29.8,16.04,17.54234842,10.00
17120,25.16,29.8,16.04,23.41224283,10.00
17121,25.16,29.8,35.01,18.30934597,10.00
17122,25.16,29.8,35.01,14.14292596,10.00
17123,25.16,29.8,35.01,20.8924542,10.00
17124,25.16,29.8,35.01,24.89445536,10.00
17125,25.16,29.8,35.01,16.44221186,10.00
17126,25.16,29.8,35.01,15.70625159,10.00
17127,25.16,29.8,35.01,23.51510118,10.00
17128,25.16,29.8,35.01,18.89180148,10.00
17129,25.16,29.8,35.01,20.18999714,10.00
17130,25.16,29.8,35.01,14.74760203,10.00
17131,25.16,29.8,35.01,28.3196618,10.00
17132,25.16,29.8,35.01,14.03312108,10.00
17133,25.16,29.8,35.01,5.027044695,10.00
17134,25.16,29.8,35.01,14.59316966,10.00
17135,25.16,29.8,35.01,19.38224222,10.00
17136,25.16,14.6,16.04,10.81213996,10.00
17137,25.16,14.6,16.04,9.680442138,10.00
17138,25.16,14.6,16.04,14.44137904,10.00
17139,25.16,14.6,16.04,9.288804763,10.00
17140,25.16,14.6,16.04,20.32504209,10.00
17141,25.16,14.6,16.04,19.82537812,10.00
17142,25.16,14.6,16.04,19.22300558,10.00
17143,25.16,14.6,16.04,13.84129535,10.00
17144,25.16,14.6,16.04,9.684899222,10.00
17145,25.16,14.6,16.04,9.158895069,10.00
17146,25.16,14.6,16.04,16.82518021,10.00
17147,25.16,14.6,16.04,22.29303458,10.00
17148,25.16,14.6,16.04,23.46374468,10.00
17149,25.16,14.6,16.04,30.9016418,10.00
17150,25.16,29.8,35.01,29.69190625,10.00
17151,25.16,29.8,35.01,27.37185587,10.00
17152,25.16,29.8,35.01,22.8581778,10.00
17153,25.16,29.8,35.01,18.54598042,10.00
17154,25.16,29.8,35.01,30.21423008,10.00
17155,25.16,29.8,35.01,28.59326166,10.00
17156,25.16,29.8,35.01,23.29017352,10.00
17157,25.16,29.8,35.01,29.14644498,10.00
17158,25.16,29.8,35.01,17.32502772,10.00
17159,25.16,29.8,35.01,23.76294228,10.00
17160,25.16,29.8,35.01,21.97602358,10.00
17161,25.16,29.8,35.01,21.73352129,10.00
17162,25.16,29.8,35.01,21.72348359,10.00
17163,25.16,29.8,16.04,17.78508224,10.00
17164,25.16,29.8,16.04,11.16487859,10.00
17165,25.16,29.8,16.04,9.12737617,10.00
17166,25.16,29.8,16.04,23.33624987,10.00
17167,25.16,29.8,16.04,17.06884764,10.00
17168,25.16,29.8,16.04,22.78030262,10.00
17169,25.16,29.8,35.01,17.81514248,10.00
17170,25.16,29.8,35.01,13.76118194,10.00
17171,25.16,29.8,35.01,20.3285278,10.00
17172,25.16,29.8,35.01,24.22250746,10.00
17173,25.16,29.8,35.01,15.99840582,10.00
17174,25.16,29.8,35.01,15.28231049,10.00
17175,25.16,29.8,35.01,22.88038463,10.00
17176,25.16,29.8,35.01,18.38187643,10.00
17177,25.16,29.8,35.01,19.64503136,10.00
17178,25.16,29.8,35.01,14.34953667,10.00
17179,25.16,29.8,35.01,27.55526117,10.00
17180,25.16,29.8,35.01,13.72223353,10.00
17181,25.16,29.8,35.01,4.915676338,10.00
17182,25.16,29.8,35.01,14.26987487,10.00
17183,25.16,29.8,35.01,18.95285107,10.00
17184,25.16,14.6,16.04,10.59074979,10.00
17185,25.16,14.6,16.04,9.482224693,10.00
17186,25.16,14.6,16.04,14.1456763,10.00
17187,25.16,14.6,16.04,9.098606513,10.00
17188,25.16,14.6,16.04,19.90886503,10.00
17189,25.16,14.6,16.04,19.41943222,10.00
17190,25.16,14.6,16.04,18.8293939,10.00
17191,25.16,14.6,16.04,13.55787997,10.00
17192,25.16,14.6,16.04,9.486590512,10.00
17193,25.16,14.6,16.04,8.971356859,10.00
17194,25.16,14.6,16.04,16.48066659,10.00
17195,25.16,14.6,16.04,21.83656077,10.00
17196,25.16,14.6,16.04,22.87546754,10.00
17197,25.16,14.6,16.04,30.12688356,10.00
17198,25.16,29.8,35.01,28.9474782,10.00
17199,25.16,29.8,35.01,26.68559554,10.00
17200,25.16,29.8,35.01,22.28508328,10.00
17201,25.16,29.8,35.01,18.08100023,10.00
17202,25.16,29.8,35.01,29.45670646,10.00
17203,25.16,29.8,35.01,27.87637855,10.00
17204,25.16,29.8,35.01,22.70624811,10.00
17205,25.16,29.8,35.01,28.4156926,10.00
17206,25.16,29.8,35.01,16.89065896,10.00
17207,25.16,29.8,35.01,23.16716373,10.00
17208,25.16,29.8,35.01,21.42504621,10.00
17209,25.16,29.8,35.01,21.18862387,10.00
17210,25.16,29.8,35.01,21.17883783,10.00
17211,25.16,29.8,16.04,17.3391791,10.00
17212,25.16,29.8,16.04,10.88495554,10.00
17213,25.16,29.8,16.04,8.898536876,10.00
17214,25.16,29.8,16.04,22.75116924,10.00
17215,25.16,29.8,16.04,16.64090175,10.00
17216,25.16,29.8,16.04,22.20916056,10.00
17217,25.16,29.8,35.01,17.36848568,10.00
17218,25.16,29.8,35.01,13.41616503,10.00
17219,25.16,29.8,35.01,19.81885603,10.00
17220,25.16,29.8,35.01,23.61520681,10.00
17221,25.16,29.8,35.01,15.59729779,10.00
17222,25.16,29.8,35.01,14.89915622,10.00
17223,25.16,29.8,35.01,22.30673334,10.00
17224,25.16,29.8,35.01,17.92101062,10.00
17225,25.16,29.8,35.01,19.15249605,10.00
17226,25.16,29.8,35.01,13.98976868,10.00
17227,25.16,29.8,35.01,26.86440255,10.00
17228,25.16,29.8,35.01,13.44125606,10.00
17229,25.16,29.8,35.01,4.815022588,10.00
17230,25.16,29.8,35.01,13.97768387,10.00
17231,25.16,29.8,35.01,18.5647711,10.00
17232,25.16,14.6,16.04,11.09133256,10.00
17233,25.16,14.6,16.04,9.930411875,10.00
17234,25.16,14.6,16.04,14.81428636,10.00
17235,25.16,14.6,16.04,9.528661585,10.00
17236,25.16,14.6,16.04,20.84987818,10.00
17237,25.16,14.6,16.04,20.33731182,10.00
17238,25.16,14.6,16.04,19.71938473,10.00
17239,25.16,14.6,16.04,14.19870722,10.00
17240,25.16,14.6,16.04,9.93498405,10.00
17241,25.16,14.6,16.04,9.395397343,10.00
17242,25.16,14.6,16.04,17.25964238,10.00
17243,25.16,14.6,16.04,22.86868845,10.00
17244,25.16,14.6,16.04,24.20561421,10.00
17245,25.16,14.6,16.04,31.87868049,10.00
17246,25.16,29.8,35.01,30.63069589,10.00
17247,25.16,29.8,35.01,28.23729087,10.00
17248,25.16,29.8,35.01,23.5809007,10.00
17249,25.16,29.8,35.01,19.13236157,10.00
17250,25.16,29.8,35.01,31.1695344,10.00
17251,25.16,29.8,35.01,29.49731469,10.00
17252,25.16,29.8,35.01,24.02655513,10.00
17253,25.16,29.8,35.01,30.0679884,10.00
17254,25.16,29.8,35.01,17.87280517,10.00
17255,25.16,29.8,35.01,24.51427175,10.00
17256,25.16,29.8,35.01,22.6708548,10.00
17257,25.16,29.8,35.01,22.42068514,10.00
17258,25.16,29.8,35.01,22.41033007,10.00
17259,25.16,29.8,16.04,18.34740555,10.00
17260,25.16,29.8,16.04,11.51788632,10.00
17261,25.16,29.8,16.04,9.415962767,10.00
17262,25.16,29.8,16.04,24.0740883,10.00
17263,25.16,29.8,16.04,17.60852526,10.00
17264,25.16,29.8,16.04,23.50056328,10.00
17265,25.16,29.8,35.01,18.37841623,10.00
17266,25.16,29.8,35.01,14.1962788,10.00
17267,25.16,29.8,35.01,20.97126899,10.00
17268,25.16,29.8,35.01,24.98836732,10.00
17269,25.16,29.8,35.01,16.50423854,10.00
17270,25.16,29.8,35.01,15.76550192,10.00
17271,25.16,29.8,35.01,23.60380965,10.00
17272,25.16,29.8,35.01,18.963069,10.00
17273,25.16,29.8,35.01,20.26616198,10.00
17274,25.16,29.8,35.01,14.80323595,10.00
17275,25.16,29.8,35.01,28.42649502,10.00
17276,25.16,29.8,35.01,14.07657097,10.00
17277,25.16,29.8,35.01,5.042609623,10.00
17278,25.16,29.8,35.01,14.63835359,10.00
17279,25.16,29.8,35.01,19.44225426,10.00
17280,25.16,14.6,16.04,10.89449051,10.00
17281,25.16,14.6,16.04,9.754173127,10.00
17282,25.16,14.6,16.04,14.55137166,10.00
17283,25.16,14.6,16.04,9.35955285,10.00
17284,25.16,14.6,16.04,20.47984757,10.00
17285,25.16,14.6,16.04,19.97637791,10.00
17286,25.16,14.6,16.04,19.3694174,10.00
17287,25.16,14.6,16.04,13.94671743,10.00
17288,25.16,14.6,16.04,9.758664157,10.00
17289,25.16,14.6,16.04,9.228653699,10.00
17290,25.16,14.6,16.04,16.95332903,10.00
17291,25.16,14.6,16.04,22.46282925,10.00
17292,25.16,14.6,16.04,23.68256626,10.00
17293,25.16,14.6,16.04,31.1898288,10.00
17294,25.16,29.8,35.01,29.96881133,10.00
17295,25.16,29.8,35.01,27.62712428,10.00
17296,25.16,29.8,35.01,23.0713519,10.00
17297,25.16,29.8,35.01,18.7189392,10.00
17298,25.16,29.8,35.01,30.49600632,10.00
17299,25.16,29.8,35.01,28.85992084,10.00
17300,25.16,29.8,35.01,23.50737639,10.00
17301,25.16,29.8,35.01,29.41826311,10.00
17302,25.16,29.8,35.01,17.48659997,10.00
17303,25.16,29.8,35.01,23.98455417,10.00
17304,25.16,29.8,35.01,22.18097076,10.00
17305,25.16,29.8,35.01,21.9362069,10.00
17306,25.16,29.8,35.01,21.92607559,10.00
17307,25.16,29.8,16.04,17.95094493,10.00
17308,25.16,29.8,16.04,11.26900163,10.00
17309,25.16,29.8,16.04,9.212497575,10.00
17310,25.16,29.8,16.04,23.55388244,10.00
17311,25.16,29.8,16.04,17.22803076,10.00
17312,25.16,29.8,16.04,22.99275046,10.00
17313,25.16,29.8,35.01,17.98128552,10.00
17314,25.16,29.8,35.01,13.88951796,10.00
17315,25.16,29.8,35.01,20.51811052,10.00
17316,25.16,29.8,35.01,24.44840522,10.00
17317,25.16,29.8,35.01,16.14760607,10.00
17318,25.16,29.8,35.01,15.42483247,10.00
17319,25.16,29.8,35.01,23.09376583,10.00
17320,25.16,29.8,35.01,18.55330479,10.00
17321,25.16,29.8,35.01,19.82823984,10.00
17322,25.16,29.8,35.01,14.48335966,10.00
17323,25.16,29.8,35.01,27.81224001,10.00
17324,25.16,29.8,35.01,13.82674878,10.00
17325,25.16,29.8,35.01,4.953116537,10.00
17326,25.16,29.8,35.01,14.37856123,10.00
17327,25.16,29.8,35.01,19.09720527,10.00
17328,25.16,14.6,16.04,10.94479515,10.00
17329,25.16,14.6,16.04,9.799212418,10.00
17330,25.16,14.6,16.04,14.61856172,10.00
17331,25.16,14.6,16.04,9.402770007,10.00
17332,25.16,14.6,16.04,20.574412,10.00
17333,25.16,14.6,16.04,20.0686176,10.00
17334,25.16,14.6,16.04,19.45885449,10.00
17335,25.16,14.6,16.04,14.01111554,10.00
17336,25.16,14.6,16.04,9.803724186,10.00
17337,25.16,14.6,16.04,9.271266437,10.00
17338,25.16,14.6,16.04,17.03160998,10.00
17339,25.16,14.6,16.04,22.56654998,10.00
17340,25.16,14.6,16.04,23.81623556,10.00
17341,25.16,14.6,16.04,31.36587064,10.00
17342,25.16,29.8,35.01,30.13796148,10.00
17343,25.16,29.8,35.01,27.78305748,10.00
17344,25.16,29.8,35.01,23.20157138,10.00
17345,25.16,29.8,35.01,18.82459276,10.00
17346,25.16,29.8,35.01,30.66813207,10.00
17347,25.16,29.8,35.01,29.02281219,10.00
17348,25.16,29.8,35.01,23.64005687,10.00
17349,25.16,29.8,35.01,29.58430586,10.00
17350,25.16,29.8,35.01,17.58529795,10.00
17351,25.16,29.8,35.01,24.11992794,10.00
17352,25.16,29.8,35.01,22.30616474,10.00
17353,25.16,29.8,35.01,22.06001938,10.00
17354,25.16,29.8,35.01,22.04983089,10.00
17355,25.16,29.8,16.04,18.05226377,10.00
17356,25.16,29.8,16.04,11.3326062,10.00
17357,25.16,29.8,16.04,9.264494813,10.00
17358,25.16,29.8,16.04,23.68682542,10.00
17359,25.16,29.8,16.04,17.32526933,10.00
17360,25.16,29.8,16.04,23.12252629,10.00
17361,25.16,29.8,35.01,18.0827756,10.00
17362,25.16,29.8,35.01,13.96791327,10.00
17363,25.16,29.8,35.01,20.63391897,10.00
17364,25.16,29.8,35.01,24.58639707,10.00
17365,25.16,29.8,35.01,16.23874649,10.00
17366,25.16,29.8,35.01,15.51189341,10.00
17367,25.16,29.8,35.01,23.22411181,10.00
17368,25.16,29.8,35.01,18.65802348,10.00
17369,25.16,29.8,35.01,19.94015452,10.00
17370,25.16,29.8,35.01,14.56510673,10.00
17371,25.16,29.8,35.01,27.96921804,10.00
17372,25.16,29.8,35.01,13.89059294,10.00
17373,25.16,29.8,35.01,4.975987246,10.00
17374,25.16,29.8,35.01,14.44495335,10.00
17375,25.16,29.8,35.01,19.18538544,10.00
17376,25.16,14.6,16.04,10.87030946,10.00
17377,25.16,14.6,16.04,9.732523082,10.00
17378,25.16,14.6,16.04,14.51907391,10.00
17379,25.16,14.6,16.04,9.338778691,10.00
17380,25.16,14.6,16.04,20.43439117,10.00
17381,25.16,14.6,16.04,19.93203899,10.00
17382,25.16,14.6,16.04,19.32642567,10.00
17383,25.16,14.6,16.04,13.91576175,10.00
17384,25.16,14.6,16.04,9.737004145,10.00
17385,25.16,14.6,16.04,9.20817008,10.00
17386,25.16,14.6,16.04,16.91569997,10.00
17387,25.16,14.6,16.04,22.41297149,10.00
17388,25.16,14.6,16.04,23.61831245,10.00
17389,25.16,14.6,16.04,31.10520683,10.00
17390,25.16,29.8,35.01,29.88750213,10.00
17391,25.16,29.8,35.01,27.55216838,10.00
17392,25.16,29.8,35.01,23.00875639,10.00
17393,25.16,29.8,35.01,18.66815234,10.00
17394,25.16,29.8,35.01,30.41326678,10.00
17395,25.16,29.8,35.01,28.7816202,10.00
17396,25.16,29.8,35.01,23.44359789,10.00
17397,25.16,29.8,35.01,29.33844763,10.00
17398,25.16,29.8,35.01,17.4391566,10.00
17399,25.16,29.8,35.01,23.91948102,10.00
17400,25.16,29.8,35.01,22.12079097,10.00
17401,25.16,29.8,35.01,21.87669118,10.00
17402,25.16,29.8,35.01,21.86658736,10.00
17403,25.16,29.8,16.04,17.90224173,10.00
17404,25.16,29.8,16.04,11.23842739,10.00
17405,25.16,29.8,16.04,9.187502898,10.00
17406,25.16,29.8,16.04,23.48997776,10.00
17407,25.16,29.8,16.04,17.18128893,10.00
17408,25.16,29.8,16.04,22.9303682,10.00
17409,25.16,29.8,35.01,17.9325,10.00
17410,25.16,29.8,35.01,13.85183393,10.00
17411,25.16,29.8,35.01,20.46244228,10.00
17412,25.16,29.8,35.01,24.38207359,10.00
17413,25.16,29.8,35.01,16.10379556,10.00
17414,25.16,29.8,35.01,15.38298294,10.00
17415,25.16,29.8,35.01,23.03110951,10.00
17416,25.16,29.8,35.01,18.50296732,10.00
17417,25.16,29.8,35.01,19.7744433,10.00
17418,25.16,29.8,35.01,14.44406446,10.00
17419,25.16,29.8,35.01,27.73678187,10.00
17420,25.16,29.8,35.01,13.79605938,10.00
17421,25.16,29.8,35.01,4.942122761,10.00
17422,25.16,29.8,35.01,14.34664704,10.00
17423,25.16,29.8,35.01,19.05481774,10.00
17424,25.16,14.6,16.04,10.67765363,10.00
17425,25.16,14.6,16.04,9.56003238,10.00
17426,25.16,14.6,16.04,14.26175058,10.00
17427,25.16,14.6,16.04,9.173266369,10.00
17428,25.16,14.6,16.04,20.07222994,10.00
17429,25.16,14.6,16.04,19.57878102,10.00
17430,25.16,14.6,16.04,18.98390106,10.00
17431,25.16,14.6,16.04,13.669131,10.00
17432,25.16,14.6,16.04,9.564434024,10.00
17433,25.16,14.6,16.04,9.044972551,10.00
17434,25.16,14.6,16.04,16.61590094,10.00
17435,25.16,14.6,16.04,22.01574364,10.00
17436,25.16,14.6,16.04,23.1063881,10.00
17437,25.16,14.6,16.04,30.43100486,10.00
17438,25.16,29.8,35.01,29.23969378,10.00
17439,25.16,29.8,35.01,26.95497813,10.00
17440,25.16,29.8,35.01,22.5100441,10.00
17441,25.16,29.8,35.01,18.26352217,10.00
17442,25.16,29.8,35.01,29.75406253,10.00
17443,25.16,29.8,35.01,28.15778172,10.00
17444,25.16,29.8,35.01,22.93546046,10.00
17445,25.16,29.8,35.01,28.70253997,10.00
17446,25.16,29.8,35.01,17.06116478,10.00
17447,25.16,29.8,35.01,23.40102888,10.00
17448,25.16,29.8,35.01,21.64132523,10.00
17449,25.16,29.8,35.01,21.40251628,10.00
17450,25.16,29.8,35.01,21.39263146,10.00
17451,25.16,29.8,16.04,17.51421259,10.00
17452,25.16,29.8,16.04,10.9948357,10.00
17453,25.16,29.8,16.04,8.988364773,10.00
17454,25.16,29.8,16.04,22.98083505,10.00
17455,25.16,29.8,16.04,16.80888636,10.00
17456,25.16,29.8,16.04,22.43335497,10.00
17457,25.16,29.8,35.01,17.54381502,10.00
17458,25.16,29.8,35.01,13.55159694,10.00
17459,25.16,29.8,35.01,20.01892107,10.00
17460,25.16,29.8,35.01,23.8535948,10.00
17461,25.16,29.8,35.01,15.75474754,10.00
17462,25.16,29.8,35.01,15.04955846,10.00
17463,25.16,29.8,35.01,22.53191271,10.00
17464,25.16,29.8,35.01,18.10191752,10.00
17465,25.16,29.8,35.01,19.3458344,10.00
17466,25.16,29.8,35.01,14.13099094,10.00
17467,25.16,29.8,35.01,27.13559014,10.00
17468,25.16,29.8,35.01,13.55155012,10.00
17469,25.16,29.8,35.01,4.854532912,10.00
17470,25.16,29.8,35.01,14.09237966,10.00
17471,25.16,29.8,35.01,18.71710686,10.00
17472,25.16,14.6,16.04,10.13040289,10.00
17473,25.16,14.6,16.04,9.070061926,10.00
17474,25.16,14.6,16.04,13.53080782,10.00
17475,25.16,14.6,16.04,8.703118434,10.00
17476,25.16,14.6,16.04,19.0434887,10.00
17477,25.16,14.6,16.04,18.57533,10.00
17478,25.16,14.6,16.04,18.01093881,10.00
17479,25.16,14.6,16.04,12.96856116,10.00
17480,25.16,14.6,16.04,9.074237977,10.00
17481,25.16,14.6,16.04,8.581399926,10.00
17482,25.16,14.6,16.04,15.76430335,10.00
17483,25.16,14.6,16.04,20.8873935,10.00
17484,25.16,14.6,16.04,21.65223548,10.00
17485,25.16,14.6,16.04,28.51589267,10.00
17486,25.16,29.8,35.01,27.39955428,10.00
17487,25.16,29.8,35.01,25.25862248,10.00
17488,25.16,29.8,35.01,21.09342115,10.00
17489,25.16,29.8,35.01,17.11414527,10.00
17490,25.16,29.8,35.01,27.8815523,10.00
17491,25.16,29.8,35.01,26.38573011,10.00
17492,25.16,29.8,35.01,21.49206481,10.00
17493,25.16,29.8,35.01,26.89620513,10.00
17494,25.16,29.8,35.01,15.98745575,10.00
17495,25.16,29.8,35.01,21.92833365,10.00
17496,25.16,29.8,35.01,20.2793733,10.00
17497,25.16,29.8,35.01,20.0555933,10.00
17498,25.16,29.8,35.01,20.04633056,10.00
17499,25.16,29.8,16.04,16.41199194,10.00
17500,25.16,29.8,16.04,10.30289852,10.00
17501,25.16,29.8,16.04,8.422700673,10.00
17502,25.16,29.8,16.04,21.53458385,10.00
17503,25.16,29.8,16.04,15.75105395,10.00
17504,25.16,29.8,16.04,21.02155829,10.00
17505,25.16,29.8,35.01,16.4397314,10.00
17506,25.16,29.8,35.01,12.69875529,10.00
17507,25.16,29.8,35.01,18.75907178,10.00
17508,25.16,29.8,35.01,22.35241827,10.00
17509,25.16,29.8,35.01,14.76325517,10.00
17510,25.16,29.8,35.01,14.1024457,10.00
17511,25.16,29.8,35.01,21.11391351,10.00
17512,25.16,29.8,35.01,16.96271087,10.00
17513,25.16,29.8,35.01,18.12834442,10.00
17514,25.16,29.8,35.01,13.24168632,10.00
17515,25.16,29.8,35.01,25.42786804,10.00
17516,25.16,29.8,35.01,12.85700654,10.00
17517,25.16,29.8,35.01,4.605728556,10.00
17518,25.16,29.8,35.01,13.37011749,10.00
17519,25.16,29.8,35.01,17.75781834,10.00
